Epoch,Phase,Recordcount,Readallfields,Requestdist,Operation,blks_read,blks_hit,tup_returned,tup_fetched,tup_inserted,tup_updated,tup_deleted,deadlocks,temp_files,temp_bytes,checkpoints_timed,checkpoints_req,buffers_checkpoint,buffers_clean,buffers_backend,buffers_alloc,checkpoint_write_time,checkpoint_sync_time,wal_bytes,wal_records,wal_fpi,wal_buffers_full,Readprop,Updateprop,Scanprop,Insertprop,Extendprop,Runtime(ms),Throughput(ops/sec),RETURN=ERROR,Operations,AverageLatency(us),MinLatency(us),MaxLatency(us),95thPercentileLatency(us),99thPercentileLatency(us),Return=OK
0,load,1000,true,uniform,INSERT,229,5219,1084,997,1046,1,0,0,0,0,1382,450,1244611,1225887,12010044,31029404,6185976,29077,48064462841,76026197,4927302,345768,0,0,0,1,0,707,1414.4271570014143,0,1000,453.773,265,7651,796,1095,1000
1,extend,1000,true,uniform,EXTEND,928,114544,27102,23865,1969,10001,136,0,0,0,1382,450,1244611,1225946,12010044,31030278,6185976,29077,48074656453,76064017,4927313,345768,0,0,0,0,1,5161,1937.6089905057158,0,10000,478.4346,270,26767,804,1067,10000
1,run,1000,true,uniform,READ,934,627809,200437,194995,1969,10001,136,0,0,0,1382,450,1244611,1225946,12010044,31030284,6185976,29077,48074669175,76064222,4927313,345768,1,0,0,0,0,5833,17143.83679067375,0,100000,51.66418,19,22895,110,217,100000
1,reference,1000,true,uniform,READ,170,306652,103398,101436,1119,1,0,0,0,0,1382,450,1244611,1225947,12010044,31030301,6185976,29077,48074787980,76064372,4927313,345768,1,0,0,0,0,6396,15634.771732332709,0,100000,57.52912,18,21647,119,259,100000
1,clean-run,1000,true,uniform,READ,329,509562,170834,168876,1843,1,0,0,0,0,1382,451,1246194,1225947,12011261,31031988,6185990,29097,48081580519,76067636,4928249,345786,1,0,0,0,0,5496,18195.050946142648,0,100000,50.13403,18,10295,110,184,100000
1,avg-run,1000,true,uniform,READ,626,1120472,374743,370742,3843,5,0,0,0,0,1382,451,1246194,1225947,12011261,31032285,6185990,29097,48083976786,76072672,4928251,345786,1,0,0,0,0,4798,20842.017507294706,0,100000,40.9799,19,18895,87,169,100000
2,extend,1000,true,uniform,EXTEND,1863,809309,270365,239516,5830,20001,1906,0,0,0,1382,451,1246194,1225947,12011261,31032900,6185990,29097,48097145750,76118097,4928919,345786,0,0,0,0,1,4846,2063.557573256294,0,10000,451.4466,264,26399,776,1056,10000
2,run,1000,true,uniform,READ,1863,1950079,652616,619585,5830,20001,1906,0,0,0,1382,451,1246194,1225947,12011261,31032900,6185990,29097,48097162812,76118369,4928919,345786,1,0,0,0,0,4893,20437.359493153486,0,100000,44.58146,19,15647,94,175,100000
2,reference,1000,true,uniform,READ,172,609112,206651,202666,1119,1,0,0,0,0,1382,451,1246194,1225947,12011261,31032900,6185990,29097,48097162812,76118369,4928919,345786,1,0,0,0,0,3866,25866.52871184687,0,100000,34.2774,17,16719,73,147,100000
2,clean-run,1000,true,uniform,READ,444,1110207,366942,365855,3692,1,0,0,0,0,1382,452,1247495,1225947,12012821,31034297,6186001,29099,48105016072,76125340,4929854,345804,1,0,0,0,0,4562,21920.210434020166,0,100000,41.31473,19,13703,86,172,100000
2,avg-run,1000,true,uniform,READ,887,2636756,871557,867556,8710,5,0,0,0,0,1382,452,1247495,1225947,12012821,31034740,6186001,29099,48108865842,76136431,4929857,345804,1,0,0,0,0,4881,20487.60499897562,0,100000,44.44003,23,13383,94,169,100000
3,extend,1000,true,uniform,EXTEND,2813,2215446,746111,687050,11077,30001,5550,0,0,0,1382,452,1247495,1225947,12012821,31035704,6186001,29099,48126014989,76187715,4930834,345804,0,0,0,0,1,5335,1874.414245548266,0,10000,496.1346,274,26703,848,1258,10000
3,run,1000,true,uniform,READ,2813,3836730,1288206,1226863,11077,30001,5550,0,0,0,1382,452,1247495,1225947,12012821,31035704,6186001,29099,48126029595,76187950,4930834,345804,1,0,0,0,0,5774,17319.016279875304,0,100000,52.56069,22,16559,108,199,100000
3,reference,1000,true,uniform,READ,172,911574,309904,303896,1119,1,0,0,0,0,1382,452,1247495,1225947,12012821,31035758,6186001,29099,48127042998,76193948,4931206,345804,1,0,0,0,0,3941,25374.27048972342,0,100000,35.33258,18,11607,72,136,100000
3,clean-run,1000,true,uniform,READ,591,1582691,521726,520639,5242,1,0,0,0,0,1382,453,1249860,1225947,12015031,31037270,6186012,29104,48136141203,76204024,4932143,345889,1,0,0,0,0,5607,17834.849295523454,0,100000,51.38599,22,12311,102,183,100000
3,avg-run,1000,true,uniform,READ,1259,3738891,1232363,1228362,12465,5,0,0,0,0,1382,453,1249860,1225947,12015031,31037938,6186012,29104,48141740702,76219859,4932146,345889,1,0,0,0,0,5600,17857.14285714286,0,100000,51.5221,27,12423,102,181,100000
4,extend,1000,true,uniform,EXTEND,3036,4184090,1403639,1314981,17313,40012,10596,0,0,0,1382,453,1249860,1225947,12015031,31038102,6186012,29104,48159692953,76274352,4933504,345889,0,0,0,0,1,5598,1786.3522686673812,0,10000,516.2347,280,29871,915,1397,10000
4,run,1000,true,uniform,READ,3036,6122918,2052104,1962142,17313,40012,10596,0,0,0,1382,453,1249860,1225947,12015031,31038107,6186012,29104,48159708359,76274598,4933504,345889,1,0,0,0,0,6164,16223.231667748216,0,100000,57.08054,25,14071,119,206,100000
4,reference,1000,true,uniform,READ,172,1214109,414041,405140,1119,1,0,0,0,0,1382,453,1249860,1225947,12015031,31038107,6186012,29104,48159708359,76274598,4933504,345889,1,0,0,0,0,3926,25471.21752419766,0,100000,35.0288,17,14015,76,146,100000
4,clean-run,1000,true,uniform,READ,732,1909464,628729,627642,6316,1,0,0,0,0,1382,454,1252001,1225947,12016778,31039760,6186024,29107,48169952442,76286854,4934439,346115,1,0,0,0,0,5351,18688.095683049898,0,100000,49.09741,23,20463,98,186,100000
4,avg-run,1000,true,uniform,READ,1549,4374323,1440416,1436415,14589,5,0,0,0,0,1382,454,1252001,1225947,12016778,31040577,6186024,29107,48176816574,76304925,4934442,346115,1,0,0,0,0,5062,19755.037534571315,0,100000,46.37935,28,13727,87,161,100000
5,extend,1000,true,uniform,EXTEND,3710,6483530,2173067,2057553,23928,50012,16435,0,0,0,1382,454,1252001,1225947,12016778,31041234,6186024,29107,48199775048,76361576,4936262,346115,0,0,0,0,1,4983,2006.823198876179,0,10000,466.6939,279,29039,829,1152,10000
5,run,1000,true,uniform,READ,3710,8656276,2899478,2782701,23928,50012,16435,0,0,0,1382,454,1252001,1225947,12016778,31041251,6186024,29107,48199788602,76361794,4936262,346115,1,0,0,0,0,5153,19406.17116242965,0,100000,47.21274,27,16183,91,166,100000
5,reference,1000,true,uniform,READ,172,1516571,517294,506370,1119,1,0,0,0,0,1382,454,1252001,1225947,12016778,31041251,6186024,29107,48199788602,76361794,4936262,346115,1,0,0,0,0,3363,29735.355337496283,0,100000,29.87179,17,14087,61,118,100000
5,clean-run,1000,true,uniform,READ,941,2162810,711951,709993,7393,1,0,0,0,0,1382,455,1254793,1225947,12019320,31043113,6186037,29111,48211828034,76376814,4937198,346479,1,0,0,0,0,5023,19908.421262193908,0,100000,46.35704,25,11415,91,161,100000
5,avg-run,1000,true,uniform,READ,1808,4605013,1516628,1512627,15393,5,0,0,0,0,1382,455,1254793,1225947,12019320,31043980,6186037,29111,48219107217,76393867,4937200,346479,1,0,0,0,0,5223,19146.084625694046,0,100000,48.4134,28,18719,91,194,100000
6,extend,1000,true,uniform,EXTEND,4885,9040523,3028035,2886041,30940,60012,22902,0,0,0,1382,455,1254793,1225947,12019320,31045150,6186037,29111,48246134418,76451576,4939382,346479,0,0,0,0,1,5136,1947.0404984423676,0,10000,477.49,282,28399,846,1247,10000
6,run,1000,true,uniform,READ,4974,11411824,3816391,3672277,31281,60023,23116,0,0,0,1382,455,1254793,1225947,12019320,31045244,6186037,29111,48248276597,76463918,4940396,346479,1,0,0,0,0,5122,19523.62358453729,0,100000,47.35376,28,12903,89,165,100000
6,reference,1000,true,uniform,READ,172,1819033,620547,607600,1119,1,0,0,0,0,1382,455,1254793,1225947,12019320,31045244,6186037,29111,48248276597,76463918,4940396,346479,1,0,0,0,0,3122,32030.749519538756,0,100000,27.59195,17,10967,53,113,100000
6,clean-run,1000,true,uniform,READ,1082,2347999,772450,770492,8033,1,0,0,0,0,1382,456,1259268,1225947,12022709,31047247,6186056,29116,48261491993,76480370,4941332,346695,1,0,0,0,0,5098,19615.535504119263,0,100000,47.43433,27,10967,87,159,100000
6,avg-run,1000,true,uniform,READ,2045,5095414,1677271,1673270,17033,5,0,0,0,0,1382,456,1259268,1225947,12022709,31048210,6186056,29116,48269915716,76499425,4941334,346695,1,0,0,0,0,5337,18737.118231216038,0,100000,49.58622,30,14319,91,168,100000
7,extend,1000,true,uniform,EXTEND,4994,11815476,3950576,3780628,38684,70023,30079,0,0,0,1382,456,1259268,1225947,12022709,31048230,6186056,29116,48292855566,76557799,4943809,346695,0,0,0,0,1,5053,1979.0223629527013,0,10000,473.6639,288,27647,793,1081,10000
7,run,1000,true,uniform,READ,4994,14282068,4775004,4603842,38684,70023,30079,0,0,0,1382,456,1259268,1225947,12022709,31048230,6186056,29116,48292870232,76558033,4943809,346695,1,0,0,0,0,5887,16986.580601324953,0,100000,54.2382,29,18191,99,179,100000
7,reference,1000,true,uniform,READ,172,2121568,724684,708844,1119,1,0,0,0,0,1382,456,1259268,1225947,12022709,31048230,6186056,29116,48292870232,76558033,4943809,346695,1,0,0,0,0,3168,31565.656565656565,0,100000,27.96716,17,11687,55,118,100000
7,clean-run,1000,true,uniform,READ,1126,2458016,808227,807140,8105,1,0,0,0,0,1382,457,1262619,1225947,12025093,31050277,6186073,29120,48306380648,76573914,4944744,347136,1,0,0,0,0,5031,19876.764062810573,0,100000,46.65476,28,11551,87,164,100000
7,avg-run,1000,true,uniform,READ,2300,5205530,1712580,1708579,17105,5,0,0,0,0,1382,457,1262619,1225947,12025093,31051451,6186073,29120,48315805163,76592974,4944746,347136,1,0,0,0,0,5487,18224.89520685256,0,100000,50.88699,31,13767,98,198,100000
8,extend,1000,true,uniform,EXTEND,5497,14702318,4913919,4717969,46460,80023,37479,0,0,0,1382,457,1262619,1225947,12025093,31051954,6186073,29120,48347183233,76653502,4947667,347136,0,0,0,0,1,4874,2051.702913418137,0,10000,457.3011,288,26863,800,1108,10000
8,run,1000,true,uniform,READ,5497,17280552,5776021,5578884,46460,80023,37479,0,0,0,1382,457,1262619,1225947,12025093,31051954,6186073,29120,48347198567,76653744,4947667,347136,1,0,0,0,0,5529,18086.45324651836,0,100000,51.25263,30,13639,95,174,100000
8,reference,1000,true,uniform,READ,172,2424030,827937,810074,1119,1,0,0,0,0,1382,457,1262619,1225947,12025093,31051954,6186073,29120,48347198567,76653744,4947667,347136,1,0,0,0,0,2936,34059.94550408719,0,100000,25.95058,17,10743,53,101,100000
8,clean-run,1000,true,uniform,READ,1251,2579315,848372,847285,8507,1,0,0,0,0,1382,458,1266471,1225947,12028215,31054126,6186090,29125,48361768933,76670446,4948602,347581,1,0,0,0,0,5404,18504.811250925242,0,100000,50.25212,29,9951,95,174,100000
8,avg-run,1000,true,uniform,READ,2655,5356480,1762108,1758027,17980,5,0,0,0,0,1382,458,1266471,1225947,12028215,31055531,6186090,29125,48373249741,76691463,4948606,347581,1,0,0,0,0,5448,18355.359765051395,0,100000,50.66153,31,11063,91,174,100000
9,extend,1000,true,uniform,EXTEND,6714,17713129,5919045,5697147,54438,90023,45184,0,0,0,1382,458,1266471,1225947,12028215,31056748,6186090,29125,48406876053,76752128,4951612,347581,0,0,0,0,1,5037,1985.308715505261,0,10000,473.3043,289,27167,824,1156,10000
9,run,1000,true,uniform,READ,6748,20403388,6813942,6589959,54851,90034,45525,0,0,0,1382,458,1266471,1225947,12028215,31056782,6186090,29125,48410036850,76769379,4953101,347581,1,0,0,0,0,5525,18099.547511312216,0,100000,51.2074,31,23791,92,166,100000
9,reference,1000,true,uniform,READ,172,2726492,931190,911304,1119,1,0,0,0,0,1382,458,1266471,1225947,12028215,31056782,6186090,29125,48410036850,76769379,4953101,347581,1,0,0,0,0,3197,31279.324366593682,0,100000,28.38803,17,10079,54,118,100000
9,clean-run,1000,true,uniform,READ,1490,2687537,884840,882882,9248,1,0,0,0,0,1382,459,1272615,1225947,12032441,31059087,6186120,29128,48426595940,76788694,4954037,348053,1,0,0,0,0,5681,17602.53476500616,0,100000,53.08196,30,11487,97,174,100000
9,avg-run,1000,true,uniform,READ,2981,5741081,1889949,1885948,19248,5,0,0,0,0,1382,459,1272615,1225947,12032441,31060684,6186120,29128,48438168899,76809752,4954039,348053,1,0,0,0,0,5281,18935.80761219466,0,100000,49.07575,32,17935,89,167,100000
10,extend,1000,true,uniform,EXTEND,6770,20846567,6960038,6710577,63129,100034,53534,0,0,0,1382,459,1272615,1225947,12032441,31060706,6186120,29128,48466320667,76870742,4957349,348053,0,0,0,0,1,5245,1906.5776930409913,0,10000,492.4265,289,26559,861,1187,10000
10,run,1000,true,uniform,READ,6770,23569011,7877050,7626409,63129,100034,53534,0,0,0,1382,459,1272615,1225947,12032441,31060706,6186120,29128,48466335043,76870970,4957349,348053,1,0,0,0,0,6684,14961.101137043686,0,100000,62.92246,34,16591,116,205,100000
10,reference,1000,true,uniform,READ,172,3029027,1035327,1012548,1119,1,0,0,0,0,1382,459,1272615,1225947,12032441,31060706,6186120,29128,48466335043,76870970,4957349,348053,1,0,0,0,0,3211,31142.946122703208,0,100000,28.27231,17,12183,55,113,100000
10,clean-run,1000,true,uniform,READ,1519,2735593,905992,904905,9084,1,0,0,0,0,1382,460,1277003,1225947,12035763,31063139,6186950,29417,48482984817,76888848,4958284,348980,1,0,0,0,0,6272,15943.877551020409,0,100000,59.05892,32,11023,110,196,100000
10,avg-run,1000,true,uniform,READ,3012,5788991,1910395,1906394,19095,5,0,0,0,0,1382,460,1277003,1225947,12035763,31064639,6186950,29417,48495573677,76909989,4958287,348980,1,0,0,0,0,5343,18716.077110237693,0,100000,49.26168,33,11719,94,168,100000
11,extend,1000,true,uniform,EXTEND,6800,24051928,8031024,7755198,72130,110045,62214,0,0,0,1382,460,1277003,1225947,12035763,31064669,6186950,29417,48532657803,76986841,4963104,348980,0,0,0,0,1,17051,586.4758665180927,0,10000,1667.1832,293,128895,10855,16039,10000
11,run,1000,true,uniform,READ,6800,26834845,8978218,8701218,72130,110045,62214,0,0,0,1382,460,1277003,1225947,12035763,31064669,6186950,29417,48532671441,76987056,4963104,348980,1,0,0,0,0,7352,13601.741022850925,0,100000,68.71886,35,18911,132,240,100000
11,reference,1000,true,uniform,READ,172,3331562,1139464,1113792,1119,1,0,0,0,0,1382,460,1277003,1225947,12035763,31064669,6186950,29417,48532671441,76987056,4963104,348980,1,0,0,0,0,3389,29507.229271171436,0,100000,29.99524,17,12103,61,131,100000
11,clean-run,1000,true,uniform,READ,1765,2806546,938509,936551,9835,1,0,0,0,0,1382,461,1282422,1225947,12039125,31067355,6186974,29424,48551383703,77007846,4964040,350098,1,0,0,0,0,5899,16952.025767079165,0,100000,55.3614,33,11071,103,180,100000
11,avg-run,1000,true,uniform,READ,3503,5860592,1943726,1939725,19835,5,0,0,0,0,1382,461,1282422,1225947,12039125,31069093,6186974,29424,48564956712,77028905,4964042,350098,1,0,0,0,0,5454,18335.166850018337,0,100000,50.85643,34,11839,92,171,100000
12,extend,1000,true,uniform,EXTEND,7022,27295733,9131714,8830293,81163,120045,70821,0,0,0,1382,461,1282422,1225947,12039125,31069315,6186974,29424,48603507373,77092222,4967885,350098,0,0,0,0,1,5160,1937.984496124031,0,10000,481.9143,296,26719,851,1200,10000
12,run,1000,true,uniform,READ,7022,30146075,10121707,9819138,81163,120045,70821,0,0,0,1382,461,1282422,1225947,12039125,31069315,6186974,29424,48603523735,77092481,4967885,350098,1,0,0,0,0,7133,14019.346698443853,0,100000,67.5082,36,13039,127,219,100000
12,reference,1000,true,uniform,READ,172,3634024,1242717,1215022,1119,1,0,0,0,0,1382,461,1282422,1225947,12039125,31069315,6186974,29424,48603523735,77092481,4967885,350098,1,0,0,0,0,4022,24863.25211337643,0,100000,35.87259,17,14759,70,136,100000
12,clean-run,1000,true,uniform,READ,1901,2873153,980953,978995,10266,1,0,0,0,0,1382,462,1287420,1225947,12043169,31072137,6186996,29430,48623320175,77114290,4968821,351265,1,0,0,0,0,6309,15850.372483753368,0,100000,59.33347,35,12527,109,192,100000
12,avg-run,1000,true,uniform,READ,3639,5927199,1986202,1982201,20266,5,0,0,0,0,1382,462,1287420,1225947,12043169,31073875,6186996,29430,48637893134,77135348,4968823,351265,1,0,0,0,0,6022,16605.778811026237,0,100000,56.3664,35,13663,103,183,100000
13,extend,1000,true,uniform,EXTEND,8785,30616074,10280791,9953899,90787,130045,79933,0,0,0,1382,462,1287420,1225947,12043169,31075627,6186996,29430,48680973704,77199994,4972626,351265,0,0,0,0,1,5321,1879.3459875963165,0,10000,498.8863,296,26463,843,1166,10000
13,run,1000,true,uniform,READ,8800,33551570,11324448,10995539,91243,130056,80361,0,0,0,1382,462,1287420,1225947,12043169,31075650,6186996,29430,48685303787,77221949,4974396,351265,1,0,0,0,0,7112,14060.7424071991,0,100000,67.13498,35,15359,122,210,100000
13,reference,1000,true,uniform,READ,172,3936559,1346854,1316266,1119,1,0,0,0,0,1382,462,1287420,1225947,12043169,31075653,6186996,29430,48685303787,77221949,4974396,351265,1,0,0,0,0,3275,30534.351145038167,0,100000,29.08403,17,10359,60,120,100000
13,clean-run,1000,true,uniform,READ,1922,2934581,1033226,1032139,10353,1,0,0,0,0,1382,463,1295074,1225947,12048907,31078496,6187027,29442,48705132914,77242372,4975331,352614,1,0,0,0,0,5914,16909.029421711195,0,100000,55.51789,34,13967,103,174,100000
13,avg-run,1000,true,uniform,READ,3962,5992768,2037653,2033652,20366,5,0,0,0,0,1382,463,1295074,1225947,12048907,31080536,6187027,29442,48720825763,77265261,4975334,352614,1,0,0,0,0,5814,17199.862401100792,0,100000,53.82559,35,14263,101,171,100000
14,extend,1000,true,uniform,EXTEND,8829,34031349,11490040,11136057,101525,140056,90061,0,0,0,1382,463,1295074,1225947,12048907,31080565,6187027,29442,48755778967,77330785,4979434,352614,0,0,0,0,1,5528,1808.972503617945,0,10000,513.7321,297,28495,904,1366,10000
14,run,1000,true,uniform,READ,8829,36982107,12589685,12234541,101525,140056,90061,0,0,0,1382,463,1295074,1225947,12048907,31080565,6187027,29442,48755793805,77331016,4979434,352614,1,0,0,0,0,6325,15810.276679841898,0,100000,59.09923,36,18847,102,176,100000
14,reference,1000,true,uniform,READ,172,4239021,1450107,1417496,1119,1,0,0,0,0,1382,463,1295074,1225947,12048907,31080565,6187027,29442,48755793805,77331016,4979434,352614,1,0,0,0,0,2906,34411.562284927735,0,100000,25.63446,17,10455,55,105,100000
14,clean-run,1000,true,uniform,READ,2059,2989651,1093637,1092550,10962,1,0,0,0,0,1382,464,1300758,1225947,12053217,31083545,6187051,29447,48776705651,77352648,4980369,353831,1,0,0,0,0,5716,17494.751574527643,0,100000,53.76582,35,11951,92,164,100000
14,avg-run,1000,true,uniform,READ,4149,6047967,2098063,2094062,20975,5,0,0,0,0,1382,464,1300758,1225947,12053217,31085635,6187051,29447,48793398530,77375538,4980372,353831,1,0,0,0,0,5390,18552.875695732837,0,100000,50.40499,35,12191,92,163,100000
15,extend,1000,true,uniform,EXTEND,8886,37469006,12762694,12383409,112499,150056,100314,0,0,0,1382,464,1300758,1225947,12053217,31085681,6187051,29447,48841611538,77443780,4985902,353831,0,0,0,0,1,5453,1833.8529249954154,0,10000,514.3941,300,26399,857,1200,10000
15,run,1000,true,uniform,READ,8886,40454062,13933918,13553504,112499,150056,100314,0,0,0,1382,464,1300758,1225947,12053217,31085692,6187051,29447,48841635622,77444162,4985902,353831,1,0,0,0,0,6533,15306.90341343946,0,100000,61.36892,36,20959,110,190,100000
15,reference,1000,true,uniform,READ,172,4541483,1553360,1518726,1119,1,0,0,0,0,1382,464,1300758,1225947,12053217,31085692,6187051,29447,48841635622,77444162,4985902,353831,1,0,0,0,0,3060,32679.738562091505,0,100000,27.08305,17,10311,52,113,100000
15,clean-run,1000,true,uniform,READ,2201,3029147,1167438,1166351,11702,1,0,0,0,0,1382,465,1308149,1225947,12057743,31088814,6187083,29455,48867444109,77488354,4987786,355439,1,0,0,0,0,7398,13517.166801838335,0,100000,70.25131,38,10575,137,212,100000
15,avg-run,1000,true,uniform,READ,4741,6089482,2172051,2168050,21722,5,0,0,0,0,1382,465,1308149,1225947,12057743,31091354,6187083,29455,48885166437,77511711,4987789,355439,1,0,0,0,0,6282,15918.49729385546,0,100000,58.95259,36,14199,107,190,100000
16,extend,1000,true,uniform,EXTEND,8886,40977786,14118505,13713221,124763,160067,111876,0,0,0,1382,465,1308149,1225947,12057743,31091354,6187083,29455,48924246228,77582392,4992761,355439,0,0,0,0,1,5401,1851.508979818552,0,10000,508.1078,298,29199,866,1243,10000
16,run,1000,true,uniform,READ,8886,43982466,15373811,14967400,124763,160067,111876,0,0,0,1382,465,1308149,1225947,12057743,31091354,6187083,29455,48924261686,77582637,4992761,355439,1,0,0,0,0,8192,12207.03125,0,100000,77.80325,38,18959,147,232,100000
16,reference,1000,true,uniform,READ,172,4844018,1657497,1619970,1119,1,0,0,0,0,1382,465,1308149,1225947,12057743,31091354,6187083,29455,48924261740,77582638,4992761,355439,1,0,0,0,0,2934,34083.16291751875,0,100000,25.80589,17,9471,53,104,100000
16,clean-run,1000,true,uniform,READ,2404,3061022,1253599,1251641,12773,1,0,0,0,0,1382,466,1314136,1225947,12062803,31094679,6187113,29457,48947956386,77610054,4993697,356908,1,0,0,0,0,6974,14338.973329509607,0,100000,66.23219,37,12175,124,194,100000
16,avg-run,1000,true,uniform,READ,4942,6116340,2257884,2253883,22773,5,0,0,0,0,1382,466,1314136,1225947,12062803,31097217,6187113,29457,48966529345,77631112,4993699,356908,1,0,0,0,0,6312,15842.839036755386,0,100000,59.15767,38,14343,106,189,100000
17,extend,1000,true,uniform,EXTEND,9659,44483788,15566484,15135966,137636,170067,123845,0,0,0,1382,466,1314136,1225947,12062803,31097990,6187113,29457,49019545894,77705871,4999383,356908,0,0,0,0,1,5238,1909.1256204658266,0,10000,492.9097,307,26271,837,1177,10000
17,run,1000,true,uniform,READ,9659,47501876,16911105,16479466,137636,170067,123845,0,0,0,1382,466,1314136,1225947,12062803,31097990,6187113,29457,49019563792,77706154,4999383,356908,1,0,0,0,0,7689,13005.592404734036,0,100000,72.71878,40,26127,121,205,100000
17,reference,1000,true,uniform,READ,172,5146480,1760750,1721200,1119,1,0,0,0,0,1382,466,1314136,1225947,12062803,31097990,6187113,29457,49019563792,77706154,4999383,356908,1,0,0,0,0,2934,34083.16291751875,0,100000,25.6843,17,10727,50,103,100000
17,clean-run,1000,true,uniform,READ,2530,3072807,1345043,1343085,13592,1,0,0,0,0,1382,467,1321058,1225947,12068837,31101441,6187141,29464,49044210691,77735352,5000319,358851,1,0,0,0,0,7025,14234.875444839858,0,100000,66.84572,38,11031,121,189,100000
17,avg-run,1000,true,uniform,READ,5068,6128063,2348992,2344991,23592,5,0,0,0,0,1382,467,1321058,1225947,12068837,31103979,6187141,29464,49081654830,77777930,5007709,358851,1,0,0,0,0,6241,16023.073225444641,0,100000,58.87169,39,12607,108,186,100000
18,extend,1000,true,uniform,EXTEND,9659,48038396,17116547,16659968,151595,180078,137065,0,0,0,1382,467,1321058,1225947,12068837,31103979,6187141,29464,49110925679,77855127,5008186,358851,0,0,0,0,1,5215,1917.5455417066155,0,10000,490.7351,302,26639,838,1232,10000
18,run,1000,true,uniform,READ,9659,51071921,18555242,18097545,151595,180078,137065,0,0,0,1382,467,1321058,1225947,12068837,31103979,6187141,29464,49110940875,77855371,5008186,358851,1,0,0,0,0,7526,13287.270794578793,0,100000,71.63617,41,13951,129,200,100000
18,reference,1000,true,uniform,READ,172,5449015,1864887,1822444,1119,1,0,0,0,0,1382,467,1321058,1225947,12068837,31103979,6187141,29464,49110940925,77855372,5008186,358851,1,0,0,0,0,2880,34722.22222222222,0,100000,25.26653,17,10607,51,101,100000
18,clean-run,1000,true,uniform,READ,2653,3086190,1437241,1435283,14474,1,0,0,0,0,1382,468,1328948,1225947,12074225,31107553,6187173,29473,49136616235,77886471,5009122,360687,1,0,0,0,0,7634,13099.292638197538,0,100000,72.70239,40,11679,132,212,100000
18,avg-run,1000,true,uniform,READ,5224,6446463,2540994,2536993,25474,5,0,0,0,0,1382,468,1328948,1225947,12074225,31110124,6187173,29473,49157334449,77909533,5009124,360687,1,0,0,0,0,8120,12315.27093596059,0,100000,77.51472,48,15727,147,231,100000
19,extend,1000,true,uniform,EXTEND,10550,51585852,18770526,18288615,166410,190078,150862,0,0,0,1382,468,1328948,1225947,12074225,31110983,6187173,29473,49214548396,77990705,5015108,360687,0,0,0,0,1,5561,1798.237727027513,0,10000,519.9297,319,29567,858,1217,10000
19,run,1000,true,uniform,READ,10550,54633699,20311387,19828332,166410,190078,150862,0,0,0,1382,468,1328948,1225947,12074225,31111015,6187173,29473,49214567184,77991006,5015108,360687,1,0,0,0,0,8933,11194.44755401321,0,100000,85.07173,43,14495,152,243,100000
19,reference,1000,true,uniform,READ,172,5751477,1968140,1923674,1119,1,0,0,0,0,1382,468,1328948,1225947,12074225,31111015,6187173,29473,49214567184,77991006,5015108,360687,1,0,0,0,0,3231,30950.170225936243,0,100000,28.54252,17,10887,58,121,100000
19,clean-run,1000,true,uniform,READ,2792,3104067,1537622,1535664,15455,1,0,0,0,0,1382,469,1336474,1225947,12080659,31114728,6187208,29477,49241321467,78024210,5016044,362490,1,0,0,0,0,8807,11354.604292040422,0,100000,84.23138,42,11543,164,261,100000
19,avg-run,1000,true,uniform,READ,6224,6496219,3641263,3637262,36455,5,0,0,0,0,1382,469,1336474,1225947,12080659,31118171,6187208,29477,49282983619,78090647,5024126,362495,1,0,0,0,0,7496,13340.448239060832,0,100000,70.92838,43,13647,130,217,100000
20,extend,1000,true,uniform,EXTEND,10561,55187008,20540035,20031811,182255,200089,165896,0,0,0,1382,469,1336474,1225947,12080659,31118171,6187208,29477,49316196853,78173872,5024749,362495,0,0,0,0,1,5538,1805.7060310581437,0,10000,520.2272,305,28847,912,1421,10000
20,run,1000,true,uniform,READ,10561,58247345,22169571,21660194,182255,200089,165896,0,0,0,1382,469,1336474,1225947,12080659,31118171,6187208,29477,49316214693,78174159,5024749,362495,1,0,0,0,0,9376,10665.529010238908,0,100000,89.6653,42,17503,164,251,100000
20,reference,1000,true,uniform,READ,172,6054012,2072277,2024918,1119,1,0,0,0,0,1382,469,1336474,1225947,12080659,31118171,6187208,29477,49316214743,78174160,5024749,362495,1,0,0,0,0,3217,31084.861672365558,0,100000,28.5131,17,10671,57,114,100000
20,clean-run,1000,true,uniform,READ,2929,3125452,1626240,1624282,16320,1,0,0,0,0,1382,470,1345264,1225947,12087214,31122021,6187243,29515,49344057709,78209248,5025685,364598,1,0,0,0,0,8282,12074.378169524269,0,100000,79.06752,44,16783,143,224,100000
20,avg-run,1000,true,uniform,READ,6361,6517612,3729805,3725804,37320,5,0,0,0,0,1382,470,1345264,1225947,12087214,31125453,6187243,29515,49368106389,78252336,5025687,364598,1,0,0,0,0,8424,11870.845204178537,0,100000,80.27636,57,12951,141,227,100000
21,extend,1000,true,uniform,EXTEND,11561,58773710,22407055,21873366,198786,210089,181546,0,0,0,1382,470,1345264,1226447,12087214,31126405,6187243,29515,49430142217,78338477,5032137,364598,0,0,0,0,1,5510,1814.8820326678765,0,10000,520.2215,320,27279,883,1217,10000
21,run,1000,true,uniform,READ,11561,61860168,24123696,23588850,198786,210089,181546,0,0,0,1382,470,1345264,1226601,12094893,31126453,6187243,29515,49430159851,78338761,5032137,364598,1,0,0,0,0,8840,11312.217194570136,0,100000,83.96744,49,16959,145,222,100000
21,reference,1000,true,uniform,READ,172,6356474,2175530,2126148,1119,1,0,0,0,0,1382,470,1345264,1226601,12094893,31126453,6187243,29515,49434144601,78364740,5033635,364598,1,0,0,0,0,2954,33852.40352064997,0,100000,26.03811,17,10663,54,108,100000
21,clean-run,1000,true,uniform,READ,3081,3141969,1712595,1711508,17144,1,0,0,0,0,1382,471,1355082,1226891,12094895,31130748,6187291,29518,49463104726,78401720,5034572,367057,1,0,0,0,0,8284,12071.463061323033,0,100000,79.27967,41,11487,142,223,100000
21,avg-run,1000,true,uniform,READ,6519,6540386,3817142,3813141,38173,5,0,0,0,0,1382,471,1355082,1227306,12094895,31134185,6187291,29518,49488153464,78444809,5034574,367057,1,0,0,0,0,8402,11901.9281123542,0,100000,80.44155,58,12615,140,227,100000
22,extend,1000,true,uniform,EXTEND,11561,62426443,24372318,23812537,216097,220100,198115,0,0,0,1382,471,1355082,1227306,12094895,31134185,6187291,29518,49539686724,78532670,5040277,367057,0,0,0,0,1,5386,1856.6654288897141,0,10000,507.4263,322,29375,851,1221,10000
22,run,1000,true,uniform,READ,11561,65550406,26165387,25604492,216097,220100,198115,0,0,0,1382,471,1355082,1227306,12094895,31134185,6187291,29518,49539705978,78532983,5040277,367057,1,0,0,0,0,11496,8698.677800974252,0,100000,110.11275,60,13711,206,308,100000
22,reference,1000,true,uniform,READ,172,6659009,2279667,2227392,1119,1,0,0,0,0,1382,471,1355082,1227306,12094895,31134185,6187291,29518,49539705978,78532983,5040277,367057,1,0,0,0,0,3237,30892.801977139326,0,100000,28.64522,17,10007,55,113,100000
22,clean-run,1000,true,uniform,READ,3218,3184048,1788426,1786468,17921,1,0,0,0,0,1382,472,1362836,1227306,12101733,31138386,6187326,29521,49569754336,78571605,5041213,369613,1,0,0,0,0,8843,11308.37950921633,0,100000,84.52982,47,14191,150,236,100000
22,avg-run,1000,true,uniform,READ,6650,6576138,3891919,3887918,38921,5,0,0,0,0,1382,472,1362836,1227922,12101733,31141818,6187326,29521,49595803046,78614694,5041215,369613,1,0,0,0,0,9065,11031.439602868175,0,100000,86.90627,60,20479,155,246,100000
23,extend,1000,true,uniform,EXTEND,12420,66091016,26421450,25836550,234076,230100,215423,0,0,0,1382,472,1362836,1227938,12109293,31142677,6187326,29521,49661981038,78705229,5048150,369613,0,0,0,0,1,5298,1887.504718761797,0,10000,498.8724,326,26767,838,1200,10000
23,run,1000,true,uniform,READ,12421,69306412,28282907,27696023,234082,230111,215441,0,0,0,1382,472,1362836,1227938,12109293,31142678,6187326,29521,49666300718,78733315,5049860,369613,1,0,0,0,0,9279,10777.023386140749,0,100000,89.07852,50,11855,156,234,100000
23,reference,1000,true,uniform,READ,172,6961544,2383804,2328636,1119,1,0,0,0,0,1382,472,1362836,1227938,12109293,31142678,6187326,29521,49666300718,78733315,5049860,369613,1,0,0,0,0,3050,32786.88524590164,0,100000,27.0488,17,11159,53,105,100000
23,clean-run,1000,true,uniform,READ,3410,3230133,1855109,1854022,18569,1,0,0,0,0,1382,473,1373465,1228460,12109586,31147640,6187377,29523,49697440120,78773393,5050796,371535,1,0,0,0,0,8823,11334.013374135782,0,100000,84.54842,47,14343,151,237,100000
23,avg-run,1000,true,uniform,READ,6851,6628899,3959608,3955607,39586,5,0,0,0,0,1382,473,1373465,1228464,12109586,31151080,6187377,29523,49724488800,78816481,5050798,371535,1,0,0,0,0,9374,10667.804565820354,0,100000,89.88874,60,13343,163,256,100000
24,extend,1000,true,uniform,EXTEND,12434,69857836,28546088,27934417,252556,240111,233294,0,0,0,1382,473,1373465,1228464,12109586,31151093,6187377,29523,49779369788,78907793,5056795,371535,0,0,0,0,1,5574,1794.0437746681018,0,10000,525.3832,326,26751,877,1335,10000
24,run,1000,true,uniform,READ,12434,73103256,30469415,29856643,252556,240111,233294,0,0,0,1382,473,1373465,1228464,12109586,31151093,6187377,29523,49779386018,78908061,5056795,371535,1,0,0,0,0,9524,10499.790004199916,0,100000,91.0207,58,16047,155,242,100000
24,reference,1000,true,uniform,READ,172,7264006,2487057,2429866,1119,1,0,0,0,0,1382,473,1373465,1228464,12109586,31151093,6187377,29523,49779386018,78908061,5056795,371535,1,0,0,0,0,3143,31816.73560292714,0,100000,27.5959,17,10447,57,109,100000
24,clean-run,1000,true,uniform,READ,3472,3297343,1918457,1917290,19198,1,0,0,0,0,1382,474,1381642,1228907,12116975,31155824,6187416,29527,49811620688,78949550,5057731,374099,1,0,0,0,0,8864,11281.58844765343,0,100000,85.09434,55,12303,151,229,100000
24,avg-run,1000,true,uniform,READ,6956,6696849,4023466,4019385,40211,21,0,0,0,0,1382,474,1381642,1228907,12116975,31159308,6187416,29527,49839669398,78992639,5057733,374099,1,0,0,0,0,9579,10439.503079653408,0,100000,91.6812,61,12751,167,245,100000
25,extend,1000,true,uniform,EXTEND,12442,73698112,30740787,30103500,271538,250122,251754,0,0,0,1382,474,1381642,1228907,12116975,31159316,6187416,29527,49900068170,79106510,5066855,374099,0,0,0,0,1,6169,1621.0082671421624,0,10000,583.0794,332,26575,981,1463,10000
25,run,1000,true,uniform,READ,12442,77018803,32715917,32077566,271538,250122,251754,0,0,0,1382,474,1381642,1228907,12116975,31159316,6187416,29527,49900080522,79106711,5066855,374099,1,0,0,0,0,11693,8552.125203112973,0,100000,111.57499,60,15615,207,319,100000
25,reference,1000,true,uniform,READ,172,7566541,2591194,2531110,1119,1,0,0,0,0,1382,474,1381642,1228907,12116975,31159316,6187416,29527,49900080522,79106711,5066855,374099,1,0,0,0,0,2976,33602.15053763441,0,100000,25.89485,17,9863,51,110,100000
25,clean-run,1000,true,uniform,READ,3686,3363789,1972823,1970865,19759,1,0,0,0,0,1382,475,1391406,1229436,12124498,31164242,6187461,29531,49933394423,79149424,5067791,376548,1,0,0,0,0,8562,11679.5141322121,0,100000,82.13756,56,12567,146,221,100000
25,avg-run,1000,true,uniform,READ,7143,6755630,4076272,4072271,40759,5,0,0,0,0,1382,475,1391406,1229436,12124498,31167696,6187461,29531,49962443103,79192512,5067793,376548,1,0,0,0,0,9680,10330.578512396694,0,100000,93.04163,61,12471,170,270,100000
26,extend,1000,true,uniform,EXTEND,13910,77585170,32992059,32330143,290935,260122,270700,0,0,0,1382,475,1391406,1229469,12132161,31169126,6187461,29531,50030363818,79285655,5074166,376548,0,0,0,0,1,6097,1640.1508938822371,0,10000,565.327,338,26783,952,1491,10000
26,run,1000,true,uniform,READ,13939,80981431,35013378,34349535,290937,260133,270702,0,0,0,1382,475,1391406,1229503,12132161,31169207,6187461,29531,50035760709,79316569,5076481,376548,1,0,0,0,0,10334,9676.795045480936,0,100000,99.04193,60,18319,173,266,100000
26,reference,1000,true,uniform,READ,186,7868989,2694447,2632340,1119,1,0,0,0,0,1382,475,1391406,1229503,12132161,31169222,6187461,29531,50035760709,79316569,5076481,376548,1,0,0,0,0,3285,30441.400304414004,0,100000,29.15711,17,12567,60,119,100000
26,clean-run,1000,true,uniform,READ,3770,3415297,2018411,2016453,20211,1,0,0,0,0,1382,476,1403199,1229771,12133546,31175104,6187517,29534,50070156159,79360361,5077418,379632,1,0,0,0,0,9508,10517.458981909971,0,100000,91.31174,58,13295,163,247,100000
26,avg-run,1000,true,uniform,READ,7543,7084238,4121860,4117859,41211,5,0,0,0,0,1382,476,1403199,1229771,12141479,31178880,6187517,29534,50100204889,79403450,5077420,379632,1,0,0,0,0,9773,10232.272587741738,0,100000,93.9078,63,17183,168,255,100000
27,extend,1000,true,uniform,EXTEND,15255,81556596,35293965,34605658,310633,270133,290051,0,0,0,1382,476,1403199,1229784,12141479,31179884,6187517,29534,50159928478,79496959,5083842,379632,0,0,0,0,1,5198,1923.8168526356292,0,10000,490.4362,314,26847,838,1328,10000
27,run,1000,true,uniform,READ,15326,84954660,37350041,36660681,310633,270133,290051,0,0,0,1382,476,1403199,1229784,12141479,31179966,6187517,29534,50159939712,79497149,5083842,379632,1,0,0,0,0,9422,10613.457864572278,0,100000,90.53462,63,15207,140,230,100000
27,reference,1000,true,uniform,READ,247,8171463,2798584,2733584,1119,1,0,0,0,0,1382,476,1403199,1229784,12141479,31179985,6187517,29534,50159939712,79497149,5083842,379632,1,0,0,0,0,2834,35285.81510232887,0,100000,24.90029,17,10327,51,101,100000
27,clean-run,1000,true,uniform,READ,3969,3453816,2055556,2053598,20573,1,0,0,0,0,1382,477,1412442,1229995,12141873,31185869,6187562,29537,50195380413,79541831,5084778,382728,1,0,0,0,0,8782,11386.927806877704,0,100000,84.38443,58,15327,140,212,100000
27,avg-run,1000,true,uniform,READ,7870,7098868,4159005,4155004,41573,5,0,0,0,0,1382,477,1412442,1229995,12149855,31189796,6187562,29537,50226429143,79584920,5084780,382728,1,0,0,0,0,9010,11098.779134295228,0,100000,86.51595,63,14343,148,218,100000
28,extend,1000,true,uniform,EXTEND,18484,85571927,37636137,36922518,330720,280144,309774,0,0,0,1382,477,1412442,1230570,12149855,31191653,6187562,29537,50307297240,79708193,5095258,382728,0,0,0,0,1,5578,1792.7572606669057,0,10000,525.7251,332,26799,869,1334,10000
28,run,1000,true,uniform,READ,18846,89028697,39727826,39013139,330720,280144,309774,0,0,0,1382,477,1412442,1233002,12149855,31192049,6187562,29537,50307304462,79708314,5095258,382728,1,0,0,0,0,9836,10166.7344448963,0,100000,93.86641,64,14095,160,250,100000
28,reference,1000,true,uniform,READ,560,8473685,2902721,2834828,1119,1,0,0,0,0,1382,477,1412442,1233488,12149855,31192309,6187562,29537,50307304462,79708314,5095258,382728,1,0,0,0,0,3077,32499.187520311993,0,100000,27.2049,17,11119,53,108,100000
28,clean-run,1000,true,uniform,READ,4111,3490071,2091651,2089693,20946,1,0,0,0,0,1382,478,1424443,1233769,12151758,31198617,6187617,29542,50343807065,79753889,5096194,385632,1,0,0,0,0,9248,10813.148788927336,0,100000,88.68457,60,18703,153,229,100000
28,avg-run,1000,true,uniform,READ,8000,7135045,4195100,4191099,41946,5,0,0,0,0,1382,478,1424443,1233769,12159670,31202516,6187617,29542,50375855745,79796977,5096196,385632,1,0,0,0,0,9396,10642.826734780758,0,100000,90.37722,65,16143,160,237,100000
29,extend,1000,true,uniform,EXTEND,20912,89617270,40016749,39278684,351021,290144,329765,0,0,0,1382,478,1424443,1233797,12159670,31204227,6187617,29542,50445758573,79891663,5104263,385632,0,0,0,0,1,5833,1714.3836790673752,0,10000,549.8567,350,28607,914,1433,10000
29,run,1000,true,uniform,READ,21213,93108374,42140053,41400949,351021,290144,329765,0,0,0,1382,478,1424443,1233826,12159670,31204561,6187617,29542,50445773205,79891903,5104263,385632,1,0,0,0,0,10314,9695.559433779328,0,100000,98.40488,65,28095,164,255,100000
29,reference,1000,true,uniform,READ,660,8776047,3005974,2936058,1119,1,0,0,0,0,1382,478,1424443,1233826,12159670,31204591,6187617,29542,50445773255,79891904,5104263,385632,1,0,0,0,0,3162,31625.553447185324,0,100000,27.99079,17,11599,58,120,100000
29,clean-run,1000,true,uniform,READ,4335,3502423,2122094,2120136,21253,1,0,0,0,0,1382,479,1434635,1233886,12160515,31211068,6187665,29545,50483326153,79938262,5105199,388373,1,0,0,0,0,9493,10534.077741493733,0,100000,91.27281,61,13143,157,249,100000
29,avg-run,1000,true,uniform,READ,9506,6897402,4225543,4221542,42253,5,0,0,0,0,1382,479,1434635,1234143,12168647,31216297,6187665,29545,50540499193,80010208,5115335,388373,1,0,0,0,0,9573,10446.046171524078,0,100000,92.1857,64,12703,165,246,100000
30,extend,1000,true,uniform,EXTEND,26509,93740976,42433746,41670482,371680,300155,350104,0,0,0,1382,479,1434635,1235541,12168647,31217215,6187665,29545,50586799442,80105779,5116726,388373,0,0,0,0,1,5658,1767.4089784376104,0,10000,535.4072,338,28511,898,1262,10000
30,run,1000,true,uniform,READ,26833,97263282,44588490,43824187,371680,300155,350104,0,0,0,1382,479,1434635,1235598,12168647,31217572,6187665,29545,50586807988,80105921,5116726,388373,1,0,0,0,0,10510,9514.747859181733,0,100000,101.09787,66,16719,168,272,100000
30,reference,1000,true,uniform,READ,959,9078283,3110111,3037302,1119,1,0,0,0,0,1382,479,1434635,1236059,12168647,31217818,6187665,29545,50586807988,80105921,5116726,388373,1,0,0,0,0,2981,33545.79000335458,0,100000,26.30956,17,10423,51,106,100000
30,clean-run,1000,true,uniform,READ,4464,3516140,2154847,2152889,21576,1,0,0,0,0,1382,480,1444889,1236524,12173561,31224687,6187714,29550,50625414922,80153092,5117662,391426,1,0,0,0,0,10530,9496.67616334283,0,100000,101.00149,63,15935,180,285,100000
30,avg-run,1000,true,uniform,READ,9595,6911143,4258296,4254295,42576,5,0,0,0,0,1382,480,1444889,1236542,12181291,31229859,6187714,29550,50659463652,80196181,5117664,391426,1,0,0,0,0,10183,9820.288716488265,0,100000,97.76728,65,16767,173,268,100000
31,extend,1000,true,uniform,EXTEND,32103,97877174,44885073,44097539,392640,310155,370711,0,0,0,1382,480,1444889,1237860,12181291,31234477,6187714,29550,50737291483,80291695,5124910,391426,0,0,0,0,1,5737,1743.071291615827,0,10000,540.868,338,29567,884,1475,10000
31,run,1000,true,uniform,READ,36151,102390234,47076328,46286892,392642,310166,370713,0,0,0,1382,480,1444889,1240237,12187040,31235070,6187714,29550,50744165503,80328650,5127979,391426,1,0,0,0,0,11433,8746.610688358262,0,100000,110.33941,63,15655,199,297,100000
31,reference,1000,true,uniform,READ,1304,9380473,3214248,3138546,1119,1,0,0,0,0,1382,480,1444889,1240641,12187040,31235342,6187714,29550,50744165503,80328650,5127979,391426,1,0,0,0,0,3011,33211.557622052474,0,100000,25.79402,17,14871,55,120,100000
31,clean-run,1000,true,uniform,READ,4662,3525789,2189728,2187770,21929,1,0,0,0,0,1382,481,1457495,1240782,12190000,31242225,6187776,29561,50783830489,80376720,5128915,394652,1,0,0,0,0,9224,10841.283607979185,0,100000,88.89184,62,12879,121,224,100000
31,avg-run,1000,true,uniform,READ,9839,6920734,4293177,4289176,42929,5,0,0,0,0,1382,481,1457495,1240789,12198080,31247430,6187776,29561,50818879169,80419808,5128917,394652,1,0,0,0,0,8895,11242.270938729624,0,100000,85.3968,65,12967,118,218,100000
32,extend,1000,true,uniform,EXTEND,40227,103093706,47377506,46563884,414129,320166,391804,0,0,0,1382,481,1457495,1241823,12198080,31251199,6187776,29561,50886784307,80516700,5136105,394652,0,0,0,0,1,5379,1859.0816136828407,0,10000,509.0393,342,25087,860,1240,10000
32,run,1000,true,uniform,READ,40674,107588751,49606975,48792327,414129,320166,391804,0,0,0,1382,481,1457495,1244272,12198080,31251652,6187776,29561,50886796183,80516899,5136105,394652,1,0,0,0,0,11113,8998.47026005579,0,100000,107.25431,68,14415,174,278,100000
32,reference,1000,true,uniform,READ,1640,9682599,3317501,3239776,1119,1,0,0,0,0,1382,481,1457495,1244676,12198080,31251915,6187776,29561,50886796183,80516899,5136105,394652,1,0,0,0,0,2680,37313.432835820895,0,100000,23.37037,17,10199,47,96,100000
32,clean-run,1000,true,uniform,READ,4843,3527295,2230072,2228114,22325,1,0,0,0,0,1382,482,1467552,1244732,12201573,31258965,6187824,29564,50927527491,80565977,5137041,398540,1,0,0,0,0,9435,10598.834128245893,0,100000,91.01431,64,15783,118,215,100000
32,avg-run,1000,true,uniform,READ,10020,6922236,4333521,4329520,43325,5,0,0,0,0,1382,482,1467552,1245230,12209736,31264204,6187824,29564,50983124518,80636166,5146393,398540,1,0,0,0,0,8664,11542.012927054478,0,100000,83.16778,63,13119,107,208,100000
33,extend,1000,true,uniform,EXTEND,49998,108335007,49913539,49074856,435929,330177,413225,0,0,0,1382,482,1467552,1247164,12216510,31266616,6187824,29564,51038856953,80734462,5149080,398540,0,0,0,0,1,5451,1834.52577508714,0,10000,514.5473,343,29519,875,1396,10000
33,run,1000,true,uniform,READ,50426,112870866,52181933,51342226,435929,330177,413225,0,0,0,1382,482,1467552,1249832,12216510,31267084,6187824,29564,51038869037,80734664,5149080,398540,1,0,0,0,0,10696,9349.289454001497,0,100000,103.30396,65,16719,139,251,100000
33,reference,1000,true,uniform,READ,1988,9984786,3421638,3341020,1119,1,0,0,0,0,1382,482,1467552,1250192,12216510,31267323,6187824,29564,51038869037,80734664,5149080,398540,1,0,0,0,0,2628,38051.75038051751,0,100000,22.87037,17,10503,48,96,100000
33,clean-run,1000,true,uniform,READ,4995,3528269,2268277,2266319,22704,1,0,0,0,0,1382,483,1478570,1250271,12217128,31274510,6187877,29574,51080663651,80784719,5150016,402287,1,0,0,0,0,9995,10005.002501250625,0,100000,96.53922,65,12879,148,236,100000
33,avg-run,1000,true,uniform,READ,10166,6923210,4371726,4367725,43704,5,0,0,0,0,1382,483,1478570,1250282,12225271,31279692,6187877,29574,51117712331,80827807,5150018,402287,1,0,0,0,0,8960,11160.714285714286,0,100000,85.86793,65,15815,118,226,100000
34,extend,1000,true,uniform,EXTEND,56259,113576251,52492830,51629971,458334,340177,435126,0,0,0,1382,483,1478570,1251728,12225271,31285153,6187877,29574,51201853353,80927578,5157996,402287,0,0,0,0,1,5476,1826.1504747991235,0,10000,517.9798,336,29135,886,1378,10000
34,run,1000,true,uniform,READ,60599,118127410,54812586,53947831,458336,340188,435128,0,0,0,1382,483,1478570,1253775,12231475,31285717,6187877,29574,51209374154,80967877,5161517,402287,1,0,0,0,0,11555,8654.262224145392,0,100000,111.27401,67,14991,173,290,100000
34,reference,1000,true,uniform,READ,2324,10286912,3524891,3442250,1119,1,0,0,0,0,1382,483,1478570,1254196,12231475,31285980,6187877,29574,51209374154,80967877,5161517,402287,1,0,0,0,0,3040,32894.73684210526,0,100000,26.77123,17,12967,56,119,100000
34,clean-run,1000,true,uniform,READ,5187,3533403,2318824,2316866,23208,1,0,0,0,0,1382,484,1492244,1254336,12235234,31293380,6187943,29587,51252246534,81019125,5162453,405422,1,0,0,0,0,10285,9722.897423432183,0,100000,99.47949,68,12815,153,238,100000
34,avg-run,1000,true,uniform,READ,10364,6928338,4422273,4418272,44208,5,0,0,0,0,1382,484,1492244,1254336,12243313,31298563,6187943,29587,51290295264,81062214,5162455,405422,1,0,0,0,0,9153,10925.37965694308,0,100000,87.79313,67,13455,126,215,100000
35,extend,1000,true,uniform,EXTEND,65824,118839841,55129880,54240978,481319,350188,457580,0,0,0,1382,484,1492244,1255924,12243313,31303340,6187943,29587,51363355379,81163524,5169910,405422,0,0,0,0,1,5769,1733.402669440111,0,10000,546.3331,339,28239,919,1561,10000
35,run,1000,true,uniform,READ,66266,123381628,57501144,56611219,481319,350188,457580,0,0,0,1382,484,1492244,1258182,12247692,31303929,6187943,29587,51363369233,81163760,5169910,405422,1,0,0,0,0,12257,8158.603247124092,0,100000,117.63548,69,18287,197,287,100000
35,reference,1000,true,uniform,READ,2670,10589101,3629028,3543494,1119,1,0,0,0,0,1382,484,1492244,1258641,12247692,31304225,6187943,29587,51363369283,81163761,5169910,405422,1,0,0,0,0,3130,31948.88178913738,0,100000,27.80833,17,10583,58,106,100000
35,clean-run,1000,true,uniform,READ,5321,3551017,2371207,2369249,23739,1,0,0,0,0,1382,485,1502721,1259086,12247693,31311750,6187994,29591,51407319911,81216197,5170846,408601,1,0,0,0,0,12311,8122.816992933149,0,100000,119.22549,65,13823,213,313,100000
35,avg-run,1000,true,uniform,READ,10498,6945952,4474656,4470655,44739,5,0,0,0,0,1382,485,1502721,1259086,12263659,31316998,6187994,29591,51466288532,81287843,5180694,408601,1,0,0,0,0,10376,9637.625289128759,0,100000,99.3405,68,13471,183,272,100000
36,extend,1000,true,uniform,EXTEND,78384,124140248,57825876,56911937,504826,360199,480528,0,0,0,1382,485,1502721,1261072,12263659,31319974,6187994,29591,51527326323,81391335,5183642,408601,0,0,0,0,1,5503,1817.1906232963838,0,10000,520.6485,343,30559,866,1361,10000
36,run,1000,true,uniform,READ,78824,128724917,60252606,59337645,504826,360199,480528,0,0,0,1382,485,1502721,1263643,12263659,31320492,6187994,29591,51527340687,81391581,5183642,408601,1,0,0,0,0,12334,8107.669855683476,0,100000,119.48093,74,26303,204,308,100000
36,reference,1000,true,uniform,READ,3036,10891270,3733165,3644738,1119,1,0,0,0,0,1382,485,1502721,1264122,12263659,31320751,6187994,29591,51527340687,81391581,5183642,408601,1,0,0,0,0,3286,30432.136335970787,0,100000,29.28158,17,11375,60,120,100000
36,clean-run,1000,true,uniform,READ,5463,3564505,2426688,2424730,24298,1,0,0,0,0,1382,486,1514377,1264684,12265844,31328426,6191506,29641,51572376393,81445310,5184578,411520,1,0,0,0,0,10686,9358.038555118846,0,100000,103.3549,69,12831,154,249,100000
36,avg-run,1000,true,uniform,READ,10640,6959438,4530137,4526136,45298,5,0,0,0,0,1382,486,1514377,1264710,12273494,31333696,6191506,29641,51634314920,81515897,5194111,411520,1,0,0,0,0,10034,9966.115208291807,0,100000,96.69713,71,15975,169,264,100000
37,extend,1000,true,uniform,EXTEND,90492,129492274,60584183,59645212,528989,370210,504073,0,0,0,1382,486,1514377,1266747,12281595,31336697,6191506,29641,51695765462,81621687,5196673,411520,0,0,0,0,1,5834,1714.0898183064792,0,10000,552.0166,352,27183,952,1449,10000
37,run,1000,true,uniform,READ,90928,134127902,63073705,62133712,528989,370210,504073,0,0,0,1382,486,1514377,1269446,12281595,31337180,6191506,29641,51695780384,81621937,5196673,411520,1,0,0,0,0,13294,7522.190461862494,0,100000,128.95861,73,17103,220,318,100000
37,reference,1000,true,uniform,READ,3384,11193457,3837302,3745982,1119,1,0,0,0,0,1382,486,1514377,1269957,12281595,31337419,6191506,29641,51695780384,81621937,5196673,411520,1,0,0,0,0,3445,29027.57619738752,0,100000,30.81824,17,11167,62,120,100000
37,clean-run,1000,true,uniform,READ,5605,3590186,2488323,2486365,24916,1,0,0,0,0,1382,487,1526119,1270455,12282382,31345234,6191563,29650,51741905694,81677012,5197609,414973,1,0,0,0,0,11585,8631.851532153647,0,100000,112.28273,69,14327,192,293,100000
37,avg-run,1000,true,uniform,READ,10782,6985119,4591772,4587771,45916,5,0,0,0,0,1382,487,1526119,1270455,12290104,31350444,6191563,29650,51782954424,81720101,5197611,414973,1,0,0,0,0,9972,10028.078620136383,0,100000,96.06552,71,18351,166,265,100000
38,extend,1000,true,uniform,EXTEND,99488,134849245,63411751,62448621,553765,380210,528209,0,0,0,1382,487,1526119,1272261,12296890,31358544,6191563,29650,51872382153,81826778,5205294,414973,0,0,0,0,1,5706,1752.541184717841,0,10000,540.9246,362,26063,884,1369,10000
38,run,1000,true,uniform,READ,106409,139498838,65965577,65000554,553767,380221,528211,0,0,0,1382,487,1526119,1274043,12303540,31359222,6191563,29650,51881351685,81870820,5209591,414973,1,0,0,0,0,11417,8758.868354208636,0,100000,110.49037,72,14303,153,264,100000
38,reference,1000,true,uniform,READ,3729,11495647,3941439,3847226,1119,1,0,0,0,0,1382,487,1526119,1274061,12303540,31359462,6191563,29650,51881351685,81870820,5209591,414973,1,0,0,0,0,2928,34153.00546448088,0,100000,25.81364,16,10599,52,99,100000
38,clean-run,1000,true,uniform,READ,5832,3617058,2553436,2551478,25556,1,0,0,0,0,1382,488,1540339,1274199,12305022,31367516,6191657,29670,51928570731,81927321,5210527,419159,1,0,0,0,0,12102,8263.097008758883,0,100000,117.34261,72,16047,203,295,100000
38,avg-run,1000,true,uniform,READ,11009,7011991,4656885,4652884,46556,5,0,0,0,0,1382,488,1540339,1274199,12313079,31372719,6191657,29670,51970619441,81970410,5210529,419159,1,0,0,0,0,10671,9371.192952862899,0,100000,102.53644,73,13471,178,279,100000
39,extend,1000,true,uniform,EXTEND,114305,140229688,66311625,65322518,579236,390221,553018,0,0,0,1382,488,1540339,1276254,12313079,31380198,6191657,29670,52051504776,82079306,5218600,419159,0,0,0,0,1,6141,1628.3992835043152,0,10000,580.1774,369,28351,941,1404,10000
39,run,1000,true,uniform,READ,114749,144860342,68930386,67940257,579236,390221,553018,0,0,0,1382,488,1540339,1278405,12319056,31380758,6191657,29670,52051520254,82079569,5218600,419159,1,0,0,0,0,12264,8153.9465101108935,0,100000,118.66035,81,21631,176,301,100000
39,reference,1000,true,uniform,READ,4065,11797773,4044692,3948456,1119,1,0,0,0,0,1382,488,1540339,1278786,12319056,31381104,6191657,29670,52053581062,82110597,5218969,419159,1,0,0,0,0,2710,36900.36900369004,0,100000,23.60517,17,10671,46,89,100000
39,clean-run,1000,true,uniform,READ,5889,3645539,2618953,2616995,26218,1,0,0,0,0,1382,489,1552314,1278962,12320861,31389231,6191746,29677,52101891788,82168557,5219905,422943,1,0,0,0,0,10904,9170.94644167278,0,100000,105.65743,73,13063,139,255,100000
39,avg-run,1000,true,uniform,READ,12761,7407317,5722402,5718401,57218,5,0,0,0,0,1382,489,1552314,1278962,12328896,31396129,6191746,29677,52146270988,82231672,5219907,422943,1,0,0,0,0,9868,10133.765707336846,0,100000,95.17223,75,15655,125,238,100000
40,extend,1000,true,uniform,EXTEND,130707,145641348,69285664,68271527,605381,400232,578488,0,0,0,1382,489,1552314,1281221,12335983,31406841,6191746,29677,52231527262,82343067,5228477,422943,0,0,0,0,1,5892,1697.2165648336727,0,10000,558.2265,365,29599,922,1325,10000
40,run,1000,true,uniform,READ,131164,150309242,71971872,70956713,605381,400232,578488,0,0,0,1382,489,1552314,1283660,12335983,31407415,6191746,29677,52231541152,82343298,5228477,422943,1,0,0,0,0,12876,7766.387076731904,0,100000,125.04786,79,13839,197,302,100000
40,reference,1000,true,uniform,READ,4437,12099936,4148829,4049700,1119,1,0,0,0,0,1382,489,1552314,1283769,12335983,31407689,6191746,29677,52231541152,82343298,5228477,422943,1,0,0,0,0,2971,33658.700774150115,0,100000,26.10859,17,9615,51,100,100000
40,clean-run,1000,true,uniform,READ,6008,3677076,2686806,2684848,26893,1,0,0,0,0,1382,490,1564128,1283929,12337758,31415867,6191803,29681,52280949450,82402733,5229413,426904,1,0,0,0,0,11338,8819.897689186806,0,100000,109.87423,73,15151,162,262,100000
40,avg-run,1000,true,uniform,READ,12880,7438731,5790255,5786254,57893,5,0,0,0,0,1382,490,1564128,1283934,12353982,31422879,6191803,29681,52326328700,82465849,5229415,426904,1,0,0,0,0,12167,8218.952905399852,0,100000,117.95812,90,14135,172,282,100000
41,extend,1000,true,uniform,EXTEND,155543,151089507,72334880,71295713,632246,410243,604716,0,0,0,1382,490,1564128,1286777,12361727,31433013,6191803,29681,52418053104,82610207,5242833,426904,0,0,0,0,1,5940,1683.5016835016836,0,10000,563.0189,368,26719,936,1511,10000
41,run,1000,true,uniform,READ,155975,155818984,75084852,74044663,632246,410243,604716,0,0,0,1382,490,1564128,1289220,12366485,31433594,6191803,29681,52418067510,82610449,5242833,426904,1,0,0,0,0,13116,7624.275693809088,0,100000,127.25514,88,16103,208,318,100000
41,reference,1000,true,uniform,READ,4785,12402123,4252966,4150944,1119,1,0,0,0,0,1382,490,1564128,1289325,12366485,31433840,6191803,29681,52418067510,82610449,5242833,426904,1,0,0,0,0,2732,36603.22108345534,0,100000,23.80627,16,10311,51,99,100000
41,clean-run,1000,true,uniform,READ,6180,3711188,2750161,2748203,27537,1,0,0,0,0,1382,491,1576819,1289337,12366486,31442229,6191865,29692,52468571202,82671300,5243769,431441,1,0,0,0,0,12186,8206.138191367143,0,100000,118.28392,81,14551,200,288,100000
41,avg-run,1000,true,uniform,READ,13053,7472724,5853610,5849609,58537,5,0,0,0,0,1382,491,1576819,1289337,12374667,31449149,6191865,29692,52514950482,82734417,5243771,431441,1,0,0,0,0,13191,7580.926389204761,0,100000,128.10777,91,14079,223,315,100000
42,extend,1000,true,uniform,EXTEND,173322,156553308,75454356,74391030,659617,420243,631500,0,0,0,1382,491,1576819,1291937,12388751,31466229,6191865,29692,52612286521,82848894,5251987,431441,0,0,0,0,1,6400,1562.5,0,10000,606.4445,381,29231,969,1466,10000
42,run,1000,true,uniform,READ,181352,161284466,78264304,77199046,659619,420254,631502,0,0,0,1382,491,1576819,1293326,12388751,31466732,6191865,29692,52622064622,82891615,5256964,431441,1,0,0,0,0,13258,7542.61577915221,0,100000,128.42077,87,16959,220,330,100000
42,reference,1000,true,uniform,READ,5130,12704313,4357103,4252188,1119,1,0,0,0,0,1382,491,1576819,1293329,12388751,31467006,6191865,29692,52622064622,82891615,5256964,431441,1,0,0,0,0,2905,34423.40791738382,0,100000,25.58915,17,10423,52,99,100000
42,clean-run,1000,true,uniform,READ,6290,3741494,2809189,2807231,28117,1,0,0,0,0,1382,492,1591598,1293522,12394948,31475883,6191936,29712,52673650111,82953737,5257900,436168,1,0,0,0,0,11904,8400.537634408602,0,100000,115.47906,82,16799,175,278,100000
42,avg-run,1000,true,uniform,READ,13161,7502970,5912638,5908637,59117,5,0,0,0,0,1382,492,1591598,1293523,12403018,31482780,6191936,29712,52721029311,83016852,5257902,436168,1,0,0,0,0,11687,8556.515786771626,0,100000,113.0752,91,13511,139,264,100000
43,extend,1000,true,uniform,EXTEND,197285,162026171,78640614,77552180,687485,430254,658779,0,0,0,1382,492,1591598,1295924,12410609,31497986,6191936,29712,52814539878,83133274,5267225,436168,0,0,0,0,1,5870,1703.5775127768313,0,10000,556.2153,368,28511,890,1470,10000
43,run,1000,true,uniform,READ,203187,166798173,81509641,80419314,687487,430265,658781,0,0,0,1382,492,1591598,1296661,12416264,31498543,6191936,29712,52818439898,83171897,5268795,436168,1,0,0,0,0,12427,8046.994447573831,0,100000,120.22942,87,16543,160,277,100000
43,reference,1000,true,uniform,READ,5466,13006439,4460356,4353418,1119,1,0,0,0,0,1382,492,1591598,1296664,12416264,31498814,6191936,29712,52818439898,83171897,5268795,436168,1,0,0,0,0,2721,36751.19441381845,0,100000,23.78081,17,10815,51,95,100000
43,clean-run,1000,true,uniform,READ,6407,3769175,2868275,2866317,28706,1,0,0,0,0,1382,493,1605815,1296786,12417204,31507770,6192004,29722,52871111457,83235317,5269731,441201,1,0,0,0,0,11407,8766.546857192952,0,100000,110.66,84,13255,139,251,100000
43,avg-run,1000,true,uniform,READ,13278,7530948,5971724,5967723,59706,5,0,0,0,0,1382,493,1605815,1296787,12425275,31514700,6192004,29722,52919490707,83298433,5269733,441201,1,0,0,0,0,12422,8050.233456770246,0,100000,120.67914,94,13751,183,294,100000
44,extend,1000,true,uniform,EXTEND,218192,167553351,81892795,80778384,715912,440265,686709,0,0,0,1382,493,1605815,1299389,12432764,31528992,6192004,29722,53012666673,83416960,5279125,441201,0,0,0,0,1,6281,1592.103168285305,0,10000,593.4697,380,26703,956,1453,10000
44,run,1000,true,uniform,READ,218650,172311157,84810429,83694996,715912,440265,686709,0,0,0,1382,493,1605815,1300621,12432764,31529551,6192004,29722,53012682221,83417219,5279125,441201,1,0,0,0,0,13958,7164.350193437455,0,100000,135.59334,87,16607,223,332,100000
44,reference,1000,true,uniform,READ,5838,13308602,4564493,4454662,1119,1,0,0,0,0,1382,493,1605815,1300623,12432764,31529818,6192004,29722,53012682221,83417219,5279125,441201,1,0,0,0,0,2949,33909.7999321804,0,100000,25.69389,17,12831,54,110,100000
44,clean-run,1000,true,uniform,READ,6533,3796438,2917815,2915857,29203,1,0,0,0,0,1382,494,1618823,1300752,12443677,31538905,6192071,29727,53066426877,83481750,5280061,445803,1,0,0,0,0,12911,7745.3334366044455,0,100000,125.05921,86,18351,220,320,100000
44,avg-run,1000,true,uniform,READ,13404,7558096,6021264,6017263,60203,5,0,0,0,0,1382,494,1618823,1303885,12459011,31545900,6192071,29727,53139734255,83577773,5291264,445803,1,0,0,0,0,13598,7354.022650389763,0,100000,132.20741,93,19439,234,338,100000
45,extend,1000,true,uniform,EXTEND,249445,173107922,85200163,84060722,744783,450276,715074,0,0,0,1382,494,1618823,1306672,12464330,31559904,6192071,29727,53215504044,83697999,5294682,445803,0,0,0,0,1,5925,1687.7637130801688,0,10000,562.4426,379,27647,913,1511,10000
45,run,1000,true,uniform,READ,249902,177905918,88168398,87027935,744783,450276,715074,0,0,0,1382,494,1618823,1307948,12464330,31560325,6192071,29727,53215520270,83698275,5294682,445803,1,0,0,0,0,12865,7773.027594247959,0,100000,124.92734,86,20783,165,281,100000
45,reference,1000,true,uniform,READ,6210,13610765,4668630,4555906,1119,1,0,0,0,0,1382,494,1618823,1307949,12464330,31560598,6192071,29727,53215520270,83698275,5294682,445803,1,0,0,0,0,2667,37495.31308586427,0,100000,23.27635,16,11679,49,90,100000
45,clean-run,1000,true,uniform,READ,6650,3825789,2967552,2965594,29709,1,0,0,0,0,1382,495,1632501,1308059,12467760,31569749,6192137,29733,53270340054,83763933,5295618,450477,1,0,0,0,0,12019,8320.159747067144,0,100000,116.66899,84,14783,160,266,100000
45,avg-run,1000,true,uniform,READ,13521,7587232,6071001,6067000,60709,5,0,0,0,0,1382,495,1632501,1308987,12491446,31576726,6192137,29733,53347707832,83859830,5306913,450477,1,0,0,0,0,12200,8196.72131147541,0,100000,118.45045,95,20223,150,265,100000
46,extend,1000,true,uniform,EXTEND,279405,178710106,88564282,87399811,774085,460287,743942,0,0,0,1382,495,1632501,1311930,12498349,31590225,6192137,29733,53423046315,83981759,5309873,450477,0,0,0,0,1,5966,1676.1649346295676,0,10000,566.5051,379,27311,917,1508,10000
46,run,1000,true,uniform,READ,279863,183564443,91575711,90410218,774085,460287,743942,0,0,0,1382,495,1632501,1313314,12498349,31590796,6192137,29733,53423066307,83982099,5309873,450477,1,0,0,0,0,13183,7585.526814837291,0,100000,127.95104,90,15711,171,293,100000
46,reference,1000,true,uniform,READ,6558,13912952,4772767,4657150,1119,1,0,0,0,0,1382,495,1632501,1313316,12498349,31591075,6192137,29733,53423066357,83982100,5309873,450477,1,0,0,0,0,2655,37664.78342749529,0,100000,23.1462,16,10631,46,93,100000
46,clean-run,1000,true,uniform,READ,6760,3855431,3011222,3009264,30143,1,0,0,0,0,1382,496,1646477,1313430,12500639,31600355,6192205,29736,53478950239,84048737,5310809,455565,1,0,0,0,0,11981,8346.548702111677,0,100000,116.30567,83,15663,148,256,100000
46,avg-run,1000,true,uniform,READ,13631,7617174,6114671,6110670,61143,5,0,0,0,0,1382,496,1646477,1313430,12508719,31607256,6192205,29736,53530329489,84111853,5310811,455565,1,0,0,0,0,12179,8210.854749979473,0,100000,117.96718,95,15031,147,266,100000
47,extend,1000,true,uniform,EXTEND,298977,184318937,91975739,90787109,803792,470287,773239,0,0,0,1382,496,1646477,1315975,12523262,31625781,6192205,29736,53634700502,84233735,5319012,455565,0,0,0,0,1,6142,1628.1341582546402,0,10000,583.7542,380,26975,948,1393,10000
47,run,1000,true,uniform,READ,309960,189149255,95028945,93838412,803794,470298,773241,0,0,0,1382,496,1646477,1318030,12530555,31626561,6192205,29736,53646649145,84277205,5325090,455565,1,0,0,0,0,13709,7294.4780800933695,0,100000,133.00005,93,18239,194,322,100000
47,reference,1000,true,uniform,READ,6903,14215142,4876904,4758394,1119,1,0,0,0,0,1382,496,1646477,1318357,12530555,31626800,6192205,29736,53646649145,84277205,5325090,455565,1,0,0,0,0,2738,36523.00949598247,0,100000,23.77607,17,11743,49,97,100000
47,clean-run,1000,true,uniform,READ,6806,3863608,3051903,3049948,30540,1,0,0,0,0,1382,497,1660420,1318435,12534043,31636159,6192273,29765,53703193260,84338164,5326025,460883,1,0,0,0,0,13322,7506.380423359856,0,100000,129.55281,89,14191,229,348,100000
47,avg-run,1000,true,uniform,READ,13684,7625041,6155265,6151267,61540,5,0,0,0,0,1382,497,1660420,1318435,12542178,31643054,6192273,29765,53755572490,84401280,5326027,460883,1,0,0,0,0,12991,7697.636825494573,0,100000,126.00266,97,20799,199,314,100000
48,extend,1000,true,uniform,EXTEND,330005,189907364,95433648,94219968,833885,480298,802919,0,0,0,1382,497,1660420,1321035,12549870,31662415,6192273,29765,53861196779,84525470,5336493,460883,0,0,0,0,1,6277,1593.1177314003505,0,10000,597.0036,376,25151,985,1461,10000
48,run,1000,true,uniform,READ,339561,194773512,98528983,97313410,833887,480309,802921,0,0,0,1382,497,1660420,1322922,12555694,31663225,6192273,29765,53866302762,84570093,5338884,460883,1,0,0,0,0,14170,7057.163020465773,0,100000,137.76272,94,18111,227,338,100000
48,reference,1000,true,uniform,READ,7248,14517332,4981041,4859638,1119,1,0,0,0,0,1382,497,1660420,1324189,12562266,31663526,6192273,29765,53866302812,84570094,5338884,460883,1,0,0,0,0,3129,31959.092361776926,0,100000,27.59175,17,10527,55,114,100000
48,clean-run,1000,true,uniform,READ,6941,3895314,3093183,3091225,30966,1,0,0,0,0,1382,498,1673866,1324269,12562267,31672985,6192340,29784,53924310937,84638614,5339820,465974,1,0,0,0,0,13660,7320.644216691069,0,100000,132.73733,88,15543,222,323,100000
48,avg-run,1000,true,uniform,READ,13812,7657137,6196632,6192631,61966,5,0,0,0,0,1382,498,1673866,1324269,12570406,31679909,6192340,29784,53977690187,84701730,5339822,465974,1,0,0,0,0,13893,7197.869430648528,0,100000,135.03854,99,20927,226,332,100000
49,extend,1000,true,uniform,EXTEND,358485,195546042,98938501,97698845,864392,490309,833034,0,0,0,1382,498,1673866,1326943,12578124,31698034,6192340,29784,54080409921,84827178,5350139,465974,0,0,0,0,1,6599,1515.3811183512653,0,10000,623.7975,385,26847,1001,1682,10000
49,run,1000,true,uniform,READ,365078,200451590,102072208,100830659,864394,490320,833036,0,0,0,1382,498,1673866,1327555,12583666,31698711,6192340,29784,54082803885,84863171,5350568,465974,1,0,0,0,0,14292,6996.921354603975,0,100000,139.13114,96,15247,222,352,100000
49,reference,1000,true,uniform,READ,7584,14819458,5084294,4960868,1119,1,0,0,0,0,1382,498,1673866,1328258,12583666,31699028,6192340,29784,54082803885,84863171,5350568,465974,1,0,0,0,0,2785,35906.642728904844,0,100000,24.1808,17,12631,51,102,100000
49,clean-run,1000,true,uniform,READ,7045,3921613,3132809,3130851,31358,1,0,0,0,0,1382,499,1687571,1328419,12584463,31708619,6192408,29791,54141870952,84932588,5351504,471620,1,0,0,0,0,13299,7519.362358072036,0,100000,129.3327,88,18527,199,319,100000
49,avg-run,1000,true,uniform,READ,14392,7925166,6236258,6232257,62358,5,0,0,0,0,1382,499,1687571,1328419,12592526,31715992,6192408,29791,54196250152,84995703,5351506,471620,1,0,0,0,0,13406,7459.346561241236,0,100000,130.05013,98,14415,203,307,100000
50,extend,1000,true,uniform,EXTEND,383416,201231392,102486724,101221091,895385,500320,863615,0,0,0,1382,499,1687571,1331230,12600374,31733610,6192408,29791,54302920615,85123251,5362069,471620,0,0,0,0,1,6616,1511.4873035066505,0,10000,630.5918,379,26815,1030,1651,10000
50,run,1000,true,uniform,READ,383873,206137031,105660902,104394247,895385,500320,863615,0,0,0,1382,499,1687571,1331345,12600374,31734132,6192408,29791,54302942901,85123628,5362069,471620,1,0,0,0,0,15227,6567.281802062126,0,100000,148.09376,99,26111,256,372,100000
50,reference,1000,true,uniform,READ,7930,15121647,5188431,5062112,1119,1,0,0,0,0,1382,499,1687571,1331641,12605860,31734459,6192408,29791,54305286364,85158554,5362497,471620,1,0,0,0,0,3342,29922.202274087373,0,100000,28.87998,17,16703,60,127,100000
50,clean-run,1000,true,uniform,READ,7173,3949323,3175881,3173843,31770,17,0,0,0,0,1382,500,1702372,1331786,12614456,31744214,6192479,29797,54365421967,85228951,5363433,477613,1,0,0,0,0,15346,6516.356053694773,0,100000,149.35011,89,16135,264,394,100000
50,avg-run,1000,true,uniform,READ,14517,7952811,6279325,6275244,62770,21,0,0,0,0,1382,500,1702372,1331786,12614456,31751601,6192479,29797,54420801197,85292067,5363435,477613,1,0,0,0,0,15000,6666.666666666667,0,100000,145.23845,101,26095,256,379,100000
51,extend,1000,true,uniform,EXTEND,407463,206972010,106081281,104789674,926666,510331,894499,0,0,0,1382,500,1702372,1334470,12622355,31769631,6192479,29797,54530069903,85420929,5374419,477613,0,0,0,0,1,6287,1590.583744234134,0,10000,597.6235,380,26783,964,1452,10000
51,run,1000,true,uniform,READ,407920,211929729,109295505,108002876,926666,510331,894499,0,0,0,1382,500,1702372,1334688,12622355,31770189,6192479,29797,54530093751,85421336,5374419,477613,1,0,0,0,0,14546,6874.742197167606,0,100000,141.52703,96,17119,197,310,100000
51,reference,1000,true,uniform,READ,8283,15424042,5292660,5163448,1119,1,0,0,0,0,1382,500,1702372,1334892,12627847,31770504,6192479,29797,54532449705,85456464,5374862,477613,1,0,0,0,0,2959,33795.20108144644,0,100000,25.99066,17,9815,51,105,100000
51,clean-run,1000,true,uniform,READ,7294,3969577,3214113,3212155,32167,1,0,0,0,0,1382,501,1717437,1335130,12636066,31780362,6192551,29802,54593646241,85527761,5375799,483654,1,0,0,0,0,13396,7464.91489997014,0,100000,130.0355,91,17407,183,292,100000
51,avg-run,1000,true,uniform,READ,14641,7973339,6317562,6313561,63167,5,0,0,0,0,1382,501,1717437,1335130,12636066,31787742,6192551,29802,54650025491,85590877,5375801,483654,1,0,0,0,0,13410,7457.121551081283,0,100000,130.0543,101,20399,177,292,100000
52,extend,1000,true,uniform,EXTEND,429528,212769067,109720788,108404151,958392,520342,925780,0,0,0,1382,501,1717437,1337841,12643946,31806264,6192551,29802,54761647684,85721289,5387147,483654,0,0,0,0,1,6221,1607.4586079408455,0,10000,591.4081,397,26927,955,1408,10000
52,run,1000,true,uniform,READ,429994,217760158,112979531,111661872,958392,520342,925780,0,0,0,1382,501,1717437,1337970,12643946,31806836,6192551,29802,54761674266,85721736,5387147,483654,1,0,0,0,0,14954,6687.174000267487,0,100000,145.25475,101,18031,210,323,100000
52,reference,1000,true,uniform,READ,8629,15726231,5396797,5264692,1119,1,0,0,0,0,1382,501,1717437,1338246,12649587,31807134,6192551,29802,54761674266,85721736,5387147,483654,1,0,0,0,0,2908,34387.8954607978,0,100000,25.54661,17,11695,50,104,100000
52,clean-run,1000,true,uniform,READ,7435,3985127,3258276,3256318,32612,1,0,0,0,0,1382,502,1731849,1338574,12657690,31817258,6192620,29806,54823943187,85794068,5388084,489819,1,0,0,0,0,15489,6456.19471883272,0,100000,151.03617,93,14679,274,385,100000
52,avg-run,1000,true,uniform,READ,14782,7988719,6361725,6357724,63612,5,0,0,0,0,1382,502,1731849,1341509,12673169,31824636,6192620,29806,54913291003,85892702,5400592,489819,1,0,0,0,0,13878,7205.649228995532,0,100000,135.0389,102,16231,212,313,100000
53,extend,1000,true,uniform,EXTEND,465697,218590455,113410473,112068806,990632,530353,957540,0,0,0,1382,502,1731849,1344629,12686199,31843092,6192620,29806,54998167915,86024732,5403698,489819,0,0,0,0,1,6724,1487.20999405116,0,10000,641.2007,394,27855,1014,1594,10000
53,run,1000,true,uniform,READ,466254,223612441,116717727,115375038,990632,530353,957540,0,0,0,1382,502,1731849,1347122,12686199,31843832,6192620,29806,54998195775,86025203,5403698,489819,1,0,0,0,0,15225,6568.144499178982,0,100000,148.04486,105,20559,231,345,100000
53,reference,1000,true,uniform,READ,8997,16028398,5500934,5365936,1119,1,0,0,0,0,1382,502,1731849,1347520,12686199,31844139,6192620,29806,54998195775,86025203,5403698,489819,1,0,0,0,0,2862,34940.60097833683,0,100000,25.16261,17,11279,50,104,100000
53,clean-run,1000,true,uniform,READ,7608,4007883,3305976,3304018,33092,1,0,0,0,0,1382,503,1744327,1347970,12696149,31854182,6192682,29811,55061522879,86098646,5404634,495763,1,0,0,0,0,13633,7335.142668524903,0,100000,132.77189,96,15063,187,297,100000
53,avg-run,1000,true,uniform,READ,15312,7937911,6409425,6405424,64092,5,0,0,0,0,1382,503,1744327,1348540,12712043,31862031,6192682,29811,55152658159,86197886,5417341,495763,1,0,0,0,0,13822,7234.843003906815,0,100000,134.30572,103,15303,201,324,100000
54,extend,1000,true,uniform,EXTEND,501866,224447862,117153778,115787081,1023328,540364,989800,0,0,0,1382,503,1744327,1351752,12726912,31881389,6192682,29811,55238788011,86331449,5420463,495763,0,0,0,0,1,6760,1479.2899408284025,0,10000,644.2926,395,26719,1086,1730,10000
54,run,1000,true,uniform,READ,502695,229492905,120503866,119136147,1023328,540364,989800,0,0,0,1382,503,1744327,1355004,12726912,31882436,6192682,29811,55238818211,86331962,5420463,495763,1,0,0,0,0,15131,6608.948516291058,0,100000,146.92432,101,23999,200,317,100000
54,reference,1000,true,uniform,READ,9367,16330563,5605071,5467180,1119,1,0,0,0,0,1382,503,1744327,1355075,12726912,31882733,6192682,29811,55238818211,86331962,5420463,495763,1,0,0,0,0,3932,25432.3499491353,0,100000,35.6175,17,11431,72,135,100000
54,clean-run,1000,true,uniform,READ,7753,4028919,3351174,3349216,33535,1,0,0,0,0,1382,504,1756250,1355302,12737314,31892697,6192764,29815,55303214783,86406439,5421399,501745,1,0,0,0,0,15871,6300.800201625607,0,100000,154.10201,104,18815,269,386,100000
54,avg-run,1000,true,uniform,READ,15456,7958948,6454623,6450622,64535,5,0,0,0,0,1382,504,1756250,1357535,12753275,31900588,6192764,29815,55396137763,86506212,5434354,501745,1,0,0,0,0,15419,6485.504896556197,0,100000,149.67583,104,19375,270,381,100000
55,extend,1000,true,uniform,EXTEND,538823,230334195,120945720,119553993,1056600,550375,1022572,0,0,0,1382,504,1756250,1360561,12766784,31920287,6192764,29815,55483851174,86641669,5437517,501745,0,0,0,0,1,6415,1558.846453624318,0,10000,610.3222,389,27407,992,1548,10000
55,run,1000,true,uniform,READ,539471,235408014,124346167,122953418,1056600,550375,1022572,0,0,0,1382,504,1756250,1363190,12770293,31921091,6192764,29815,55483881160,86642179,5437517,501745,1,0,0,0,0,15342,6518.055012384305,0,100000,149.45261,103,23807,211,330,100000
55,reference,1000,true,uniform,READ,9739,16632726,5709208,5568424,1119,1,0,0,0,0,1382,504,1756250,1363201,12770293,31921391,6192764,29815,55483881210,86642180,5437517,501745,1,0,0,0,0,2905,34423.40791738382,0,100000,25.50565,17,10095,52,103,100000
55,clean-run,1000,true,uniform,READ,7913,4040120,3400494,3398536,34028,1,0,0,0,0,1382,505,1768721,1363360,12778380,31931809,6192825,29818,55549351907,86717797,5438453,507844,1,0,0,0,0,13989,7148.47380084352,0,100000,135.98566,98,20527,194,307,100000
55,avg-run,1000,true,uniform,READ,15618,7970147,6503943,6499942,65028,5,0,0,0,0,1382,505,1768721,1363360,12794727,31939667,6192825,29818,55643667319,86818024,5451583,507844,1,0,0,0,0,13820,7235.89001447178,0,100000,134.38224,103,19599,182,292,100000
56,extend,1000,true,uniform,EXTEND,578756,236252566,124793944,123377187,1090320,560386,1055778,0,0,0,1382,505,1768721,1366391,12810312,31959386,6192825,29818,55732646674,86954948,5454779,507844,0,0,0,0,1,6470,1545.595054095827,0,10000,616.2879,402,29279,998,1605,10000
56,run,1000,true,uniform,READ,579662,241340686,128244796,126827017,1090320,560386,1055778,0,0,0,1382,505,1768721,1368584,12814187,31960416,6192825,29818,55732677626,86955477,5454779,507844,1,0,0,0,0,15339,6519.329812895235,0,100000,149.03001,107,19583,204,335,100000
56,reference,1000,true,uniform,READ,10111,16934889,5813345,5669668,1119,1,0,0,0,0,1382,505,1768721,1368593,12814187,31960687,6192825,29818,55732677626,86955477,5454779,507844,1,0,0,0,0,2942,33990.482664853844,0,100000,25.89608,16,13159,50,107,100000
56,clean-run,1000,true,uniform,READ,8117,4056082,3450941,3448983,34542,1,0,0,0,0,1382,506,1781768,1368743,12822272,31971312,6192887,29829,55799226705,87032297,5455715,514293,1,0,0,0,0,14269,7008.199593524424,0,100000,138.75701,101,27871,203,319,100000
56,avg-run,1000,true,uniform,READ,15821,7986110,6554390,6550389,65542,5,0,0,0,0,1382,506,1781768,1368743,12838619,31979136,6192887,29829,55895077129,87133075,5469046,514293,1,0,0,0,0,13762,7266.385699752943,0,100000,134.01552,106,14719,178,306,100000
57,extend,1000,true,uniform,EXTEND,619225,242189102,128698958,127257171,1124610,570397,1089515,0,0,0,1382,506,1781768,1371728,12854303,31999352,6192887,29829,55985639177,87271786,5472293,514293,0,0,0,0,1,6359,1572.5743041358703,0,10000,605.7711,392,29263,974,1594,10000
57,run,1000,true,uniform,READ,620114,247297675,132205491,130762682,1124610,570397,1089515,0,0,0,1382,506,1781768,1373347,12859098,32000360,6192887,29829,55985670843,87272328,5472293,514293,1,0,0,0,0,15416,6486.766995329528,0,100000,150.40122,111,17791,210,342,100000
57,reference,1000,true,uniform,READ,10483,17237052,5917482,5770912,1119,1,0,0,0,0,1382,506,1781768,1373356,12859098,32000631,6192887,29829,55985670843,87272328,5472293,514293,1,0,0,0,0,3199,31259.768677711785,0,100000,28.11638,17,12471,57,112,100000
57,clean-run,1000,true,uniform,READ,8306,4064824,3506669,3504711,35095,1,0,0,0,0,1382,507,1795400,1373469,12867184,32011440,6192951,29835,56053304132,87350430,5473229,521248,1,0,0,0,0,14359,6964.273278083432,0,100000,139.83095,104,19823,213,330,100000
57,avg-run,1000,true,uniform,READ,16010,7994852,6610118,6606117,66095,5,0,0,0,0,1382,507,1795400,1373469,12891773,32019298,6192951,29835,56149965727,87451648,5486672,521248,1,0,0,0,0,15177,6588.917440864466,0,100000,147.33419,107,15399,258,372,100000
58,extend,1000,true,uniform,EXTEND,663236,248149982,132666680,131199863,1159499,580408,1123852,0,0,0,1382,507,1795400,1376455,12905272,32040004,6192951,29835,56242691296,87592157,5490055,521248,0,0,0,0,1,6255,1598.721023181455,0,10000,594.6779,371,26879,972,1598,10000
58,run,1000,true,uniform,READ,663989,253272765,136228274,134760435,1159499,580408,1123852,0,0,0,1382,507,1795400,1377450,12905272,32040858,6192951,29835,56242725360,87592738,5490055,521248,1,0,0,0,0,15444,6475.006475006475,0,100000,150.62938,110,17503,203,316,100000
58,reference,1000,true,uniform,READ,10855,17539215,6021619,5872156,1119,1,0,0,0,0,1382,507,1795400,1377480,12905272,32041122,6192951,29835,56242725360,87592738,5490055,521248,1,0,0,0,0,2888,34626.038781163435,0,100000,25.37025,17,10743,53,107,100000
58,clean-run,1000,true,uniform,READ,8482,4068071,3561315,3559357,35647,1,0,0,0,0,1382,508,1809547,1377604,12913727,32052116,6193018,29839,56311444447,87672137,5490991,528129,1,0,0,0,0,14196,7044.237813468582,0,100000,138.46244,104,15831,195,306,100000
58,avg-run,1000,true,uniform,READ,16186,7998099,6664764,6660763,66647,5,0,0,0,0,1382,508,1809547,1377604,12930115,32060008,6193018,29839,56374823697,87735253,5490993,528129,1,0,0,0,0,14026,7129.616426636247,0,100000,136.61475,107,14655,187,303,100000
59,extend,1000,true,uniform,EXTEND,707046,254126915,136696217,135204370,1194984,590419,1158756,0,0,0,1382,508,1809547,1380604,12952197,32082127,6193018,29839,56503663220,87916066,5508066,528129,0,0,0,0,1,6457,1548.7068297971193,0,10000,613.6989,402,26927,1000,1552,10000
59,run,1000,true,uniform,READ,707862,259277411,140316511,138823642,1194984,590419,1158756,0,0,0,1382,508,1809547,1381709,12952197,32083008,6193018,29839,56503702674,87916732,5508066,528129,1,0,0,0,0,15611,6405.739542630196,0,100000,152.23234,109,16879,202,329,100000
59,reference,1000,true,uniform,READ,11227,17841378,6125756,5973400,1119,1,0,0,0,0,1382,508,1809547,1382009,12952197,32083312,6193018,29839,56503702724,87916733,5508066,528129,1,0,0,0,0,2939,34025.17863218782,0,100000,25.90552,17,9959,54,100,100000
59,clean-run,1000,true,uniform,READ,8685,4079056,3620300,3618262,36228,1,0,0,0,0,1382,509,1823142,1382139,12961637,32094505,6193085,29852,56573521068,87997502,5509003,534552,1,0,0,0,0,14205,7039.774727208729,0,100000,138.54095,106,22271,183,308,100000
59,avg-run,1000,true,uniform,READ,18918,7544137,7723743,7719662,77228,5,0,0,0,0,1382,509,1823142,1382265,12978027,32104916,6193085,29852,56639235166,88080648,5509005,534552,1,0,0,0,0,14914,6705.109293281481,0,100000,145.32799,110,14919,210,331,100000
60,extend,1000,true,uniform,EXTEND,757319,260123829,140791159,139274282,1230983,600430,1194204,0,0,0,1382,509,1823142,1385465,13008175,32131864,6193085,29852,56769877137,88261448,5526332,534552,0,0,0,0,1,6300,1587.3015873015872,0,10000,599.649,373,26383,986,1550,10000
60,run,1000,true,uniform,READ,758860,265247522,144466557,142948658,1230983,600430,1194204,0,0,0,1382,509,1823142,1386900,13008175,32133747,6193085,29852,56769915685,88262102,5526332,534552,1,0,0,0,0,15815,6323.110970597534,0,100000,153.9549,111,18831,209,331,100000
60,reference,1000,true,uniform,READ,11575,18143565,6229893,6074644,1119,1,0,0,0,0,1382,509,1823142,1387120,13008175,32133993,6193085,29852,56769915685,88262102,5526332,534552,1,0,0,0,0,2792,35816.61891117479,0,100000,24.53698,17,10823,50,101,100000
60,clean-run,1000,true,uniform,READ,8851,4078981,3675145,3673190,36766,1,0,0,0,0,1382,510,1835699,1387249,13018814,32145404,6193145,29882,56840283831,88335550,5527267,541108,1,0,0,0,0,12068,8286.377195889956,0,100000,117.3012,90,16431,157,275,100000
60,avg-run,1000,true,uniform,READ,19091,7543939,7778507,7774509,77766,5,0,0,0,0,1382,510,1835699,1387251,13027004,32155676,6193145,29882,56906997799,88418693,5527269,541108,1,0,0,0,0,14286,6999.860002799944,0,100000,139.0625,111,16007,186,315,100000
61,extend,1000,true,uniform,EXTEND,809487,266095594,144947720,143405813,1267543,610441,1230184,0,0,0,1382,510,1835699,1390152,13065365,32190086,6193145,29882,57050682955,88600059,5546236,541108,0,0,0,0,1,6520,1533.7423312883436,0,10000,617.5917,385,27823,1000,1625,10000
61,run,1000,true,uniform,READ,812339,271144452,148680443,147137514,1267543,610441,1230184,0,0,0,1382,510,1835699,1391632,13065365,32193194,6193145,29882,57050704725,88600426,5546236,541108,1,0,0,0,0,15818,6321.911746112024,0,100000,154.48977,113,16911,209,340,100000
61,reference,1000,true,uniform,READ,11920,18445755,6334030,6175888,1119,1,0,0,0,0,1382,510,1835699,1391675,13065365,32193461,6193145,29882,57050704725,88600426,5546236,541108,1,0,0,0,0,2820,35460.99290780142,0,100000,24.66381,16,11463,49,101,100000
61,clean-run,1000,true,uniform,READ,9084,4083386,3733885,3731927,37359,1,0,0,0,0,1382,511,1847207,1391819,13078544,32205123,6193227,29946,57122681447,88683840,5547172,548513,1,0,0,0,0,14371,6958.458005705936,0,100000,140.25279,110,15991,187,300,100000
61,avg-run,1000,true,uniform,READ,19317,7548475,7837334,7833333,78359,5,0,0,0,0,1382,511,1847207,1391819,13086734,32215389,6193227,29946,57190395415,88766983,5547174,548513,1,0,0,0,0,15191,6582.845105654664,0,100000,147.78529,112,19151,232,343,100000
62,extend,1000,true,uniform,EXTEND,845551,271947341,149167986,147601920,1304725,620441,1266803,0,0,0,1382,511,1847207,1395178,13116645,32247810,6193227,29946,57320577894,88912399,5558512,548513,0,0,0,0,1,7571,1320.829480914014,0,10000,721.4306,406,30063,1181,1879,10000
62,run,1000,true,uniform,READ,869410,277046924,152958796,151390837,1304727,620452,1266805,0,0,0,1382,511,1847207,1396702,13123798,32250157,6193227,29946,57332091136,88956360,5568170,548513,1,0,0,0,0,14567,6864.831468387451,0,100000,141.3714,94,20671,228,338,100000
62,reference,1000,true,uniform,READ,12265,18747945,6438167,6277132,1119,1,0,0,0,0,1382,511,1847207,1396814,13123798,32250399,6193227,29946,57332091136,88956360,5568170,548513,1,0,0,0,0,2973,33636.057854019506,0,100000,26.19049,17,11775,51,106,100000
62,clean-run,1000,true,uniform,READ,9233,4077553,3789671,3787713,37922,1,0,0,0,0,1382,512,1859856,1396958,13132405,32262162,6193290,29997,57405154729,89041100,5569106,555721,1,0,0,0,0,12462,8024.3941582410525,0,100000,121.14604,90,15807,164,278,100000
62,avg-run,1000,true,uniform,READ,19466,7542642,7893120,7889119,78922,5,0,0,0,0,1382,512,1859856,1396960,13140596,32272460,6193290,29997,57473868777,89124245,5569108,555721,1,0,0,0,0,14757,6776.4450769126515,0,100000,143.6311,114,16119,198,310,100000
63,extend,1000,true,uniform,EXTEND,905488,277853256,153452981,151861885,1342541,630452,1304068,0,0,0,1382,512,1859856,1400061,13162271,32307545,6193290,29997,57617580357,89272715,5582842,555721,0,0,0,0,1,6932,1442.5851125216388,0,10000,660.7621,405,29487,1068,1680,10000
63,run,1000,true,uniform,READ,930784,282995224,157298387,155705301,1342543,630463,1304070,0,0,0,1382,512,1859856,1401987,13176923,32311547,6193290,29997,57626986083,89330101,5588059,555721,1,0,0,0,0,14952,6688.068485821294,0,100000,145.42404,96,26015,240,375,100000
63,reference,1000,true,uniform,READ,12610,19050135,6542304,6378376,1119,1,0,0,0,0,1382,512,1859856,1402517,13176923,32311874,6193290,29997,57626986083,89330101,5588059,555721,1,0,0,0,0,4153,24078.979051288225,0,100000,36.65951,17,13207,81,154,100000
63,clean-run,1000,true,uniform,READ,9458,4051162,3843572,3841614,38473,1,0,0,0,0,1382,513,1874138,1402647,13190636,32324737,6193357,30076,57701136193,89416162,5588995,563138,1,0,0,0,0,12880,7763.975155279503,0,100000,125.25875,91,15495,184,303,100000
63,avg-run,1000,true,uniform,READ,19685,7516257,7947021,7943020,79473,5,0,0,0,0,1382,513,1874138,1402648,13198822,32335027,6193357,30076,57770850211,89499306,5588997,563138,1,0,0,0,0,15127,6610.6961062999935,0,100000,147.76996,109,19455,255,394,100000
64,extend,1000,true,uniform,EXTEND,966510,283808776,157798745,156182425,1380671,640463,1341705,0,0,0,1382,513,1874138,1405943,13213612,32369075,6193357,30076,57903836724,89647972,5601719,563138,0,0,0,0,1,7253,1378.7398317937404,0,10000,691.2016,404,26751,1137,1861,10000
64,run,1000,true,uniform,READ,987040,288966478,161693930,160074959,1380673,640474,1341707,0,0,0,1382,513,1874138,1407272,13226996,32372029,6193357,30076,57908044813,89698560,5603338,563138,1,0,0,0,0,15341,6518.479890489538,0,100000,149.08542,97,25215,257,405,100000
64,reference,1000,true,uniform,READ,12955,19352325,6646441,6479620,1119,1,0,0,0,0,1382,513,1874138,1408216,13226996,32372302,6193357,30076,57908044813,89698560,5603338,563138,1,0,0,0,0,2831,35323.20734722713,0,100000,24.67173,17,10975,50,100,100000
64,clean-run,1000,true,uniform,READ,9602,4049127,3894061,3892103,38966,1,0,0,0,0,1382,514,1887345,1408356,13240999,32384818,6193420,30117,57983271819,89785805,5604274,570453,1,0,0,0,0,12713,7865.963973884999,0,100000,123.6776,89,15047,169,285,100000
64,avg-run,1000,true,uniform,READ,19829,7514222,7997510,7993509,79966,5,0,0,0,0,1382,514,1887345,1408356,13249177,32395063,6193420,30117,58053985837,89868949,5604276,570453,1,0,0,0,0,14849,6734.460233012324,0,100000,144.62608,113,15679,193,313,100000
65,extend,1000,true,uniform,EXTEND,1017740,289795800,162200071,160557016,1419308,650474,1379837,0,0,0,1382,514,1887345,1411260,13264058,32424838,6193420,30117,58187174580,90019786,5616770,570453,0,0,0,0,1,6408,1560.549313358302,0,10000,609.2558,384,27135,989,1597,10000
65,run,1000,true,uniform,READ,1033874,294992875,166145231,164500283,1419310,650485,1379839,0,0,0,1382,514,1887345,1413202,13277138,32427127,6193420,30117,58190110993,90063769,5617294,570453,1,0,0,0,0,14261,7012.1309866068295,0,100000,138.38009,98,15207,189,309,100000
65,reference,1000,true,uniform,READ,13300,19654515,6750578,6580864,1119,1,0,0,0,0,1382,514,1887345,1414003,13277138,32427416,6193420,30117,58190110993,90063769,5617294,570453,1,0,0,0,0,2724,36710.71953010279,0,100000,23.76097,17,11335,49,94,100000
65,clean-run,1000,true,uniform,READ,9741,4042738,3943716,3941758,39471,1,0,0,0,0,1382,515,1900701,1414144,13286080,32439738,6193483,30149,58266417637,90152250,5618230,578519,1,0,0,0,0,13039,7669.299792928906,0,100000,126.87029,94,16239,171,291,100000
65,avg-run,1000,true,uniform,READ,19974,7507827,8047165,8043164,80471,5,0,0,0,0,1382,515,1900701,1414144,13294271,32450021,6193483,30149,58338131685,90235395,5618232,578519,1,0,0,0,0,15919,6281.801620704819,0,100000,155.51616,117,15167,235,357,100000
66,extend,1000,true,uniform,EXTEND,1064444,295829245,166657622,164988591,1458532,660485,1418567,0,0,0,1382,515,1900701,1417244,13309061,32479838,6193483,30149,58474903372,90388427,5630919,578519,0,0,0,0,1,6790,1472.7540500736377,0,10000,647.86,389,26975,1024,1627,10000
66,run,1000,true,uniform,READ,1078857,301062825,170652404,168981480,1458534,660496,1418569,0,0,0,1382,515,1900701,1419088,13322108,32482540,6193483,30149,58477837540,90432273,5631456,578519,1,0,0,0,0,15199,6579.380222383052,0,100000,147.86615,98,18415,231,358,100000
66,reference,1000,true,uniform,READ,13645,19956705,6854715,6682108,1119,1,0,0,0,0,1382,515,1900701,1420112,13322108,32482860,6193483,30149,58477837540,90432273,5631456,578519,1,0,0,0,0,2940,34013.60544217687,0,100000,25.92035,17,10511,52,103,100000
66,clean-run,1000,true,uniform,READ,9903,4004273,3993890,3991932,39965,1,0,0,0,0,1382,516,1914330,1420252,13330711,32495695,6193549,30173,58555223474,90521972,5632392,586336,1,0,0,0,0,13260,7541.478129713424,0,100000,129.13252,93,15967,177,287,100000
66,avg-run,1000,true,uniform,READ,20130,7469368,8097339,8093338,80965,5,0,0,0,0,1382,516,1914330,1420252,13338893,32505978,6193549,30173,58627937492,90605116,5632394,586336,1,0,0,0,0,15507,6448.700586831754,0,100000,150.78901,118,14375,206,334,100000
67,extend,1000,true,uniform,EXTEND,1110853,301903892,171170786,169475778,1498243,670496,1457807,0,0,0,1382,516,1914330,1423156,13353875,32536616,6193549,30173,58767300760,90759908,5645468,586336,0,0,0,0,1,6490,1540.8320493066255,0,10000,616.6678,400,26911,980,1545,10000
67,run,1000,true,uniform,READ,1124235,307170095,175213338,173516437,1498245,670507,1457809,0,0,0,1382,516,1914330,1425092,13366910,32539728,6193549,30173,58770253711,90804017,5646002,586336,1,0,0,0,0,15012,6661.337596589395,0,100000,146.02203,99,18335,203,333,100000
67,reference,1000,true,uniform,READ,13981,20258831,6957968,6783338,1119,1,0,0,0,0,1382,516,1914330,1426045,13366910,32540039,6193549,30173,58770253711,90804017,5646002,586336,1,0,0,0,0,2819,35473.5721887194,0,100000,24.80243,16,10527,52,102,100000
67,clean-run,1000,true,uniform,READ,10021,3946957,4040414,4038459,40430,1,0,0,0,0,1382,517,1928156,1426169,13376221,32553890,6193640,30198,58848132654,90885171,5646937,593831,1,0,0,0,0,13471,7423.353871279044,0,100000,131.10096,95,15583,177,300,100000
67,avg-run,1000,true,uniform,READ,20250,7411926,8143776,8139778,81430,5,0,0,0,0,1382,517,1928156,1426169,13384410,32564178,6193640,30198,58921846672,90968315,5646939,593831,1,0,0,0,0,16046,6232.08276205908,0,100000,156.64689,116,22383,242,366,100000
68,extend,1000,true,uniform,EXTEND,1158633,308013936,175736661,174015678,1538235,680507,1497298,0,0,0,1382,517,1928156,1429176,13399554,32596418,6193640,30198,59062952763,91124104,5660170,593831,0,0,0,0,1,6686,1495.6625785222855,0,10000,637.4765,408,29903,1010,1580,10000
68,run,1000,true,uniform,READ,1172081,313310355,179828782,178105906,1538237,680518,1497300,0,0,0,1382,517,1928156,1431731,13412341,32599756,6193640,30198,59065932731,91168544,5660717,593831,1,0,0,0,0,16002,6249.218847644044,0,100000,156.05673,100,18639,246,379,100000
68,reference,1000,true,uniform,READ,14352,20560995,7062105,6884582,1119,1,0,0,0,0,1382,517,1928156,1432082,13412341,32600070,6193640,30198,59065932731,91168544,5660717,593831,1,0,0,0,0,3014,33178.500331785006,0,100000,26.60024,16,10423,52,105,100000
68,clean-run,1000,true,uniform,READ,10135,3931752,4090991,4089033,40937,1,0,0,0,0,1382,518,1942205,1432296,13422356,32614444,6193708,30222,59145467946,91260536,5661653,602294,1,0,0,0,0,15229,6566.419331538512,0,100000,148.58372,96,19327,247,354,100000
68,avg-run,1000,true,uniform,READ,20362,7396847,8194440,8190439,81937,5,0,0,0,0,1382,518,1942205,1432296,13430538,32624730,6193708,30222,59220181994,91343681,5661655,602294,1,0,0,0,0,17342,5766.347595433052,0,100000,168.90424,124,21167,278,387,100000
69,extend,1000,true,uniform,EXTEND,1207957,314157592,180358353,178611394,1578787,690518,1537392,0,0,0,1382,518,1942205,1435497,13445754,32658237,6193708,30222,59363620188,91501198,5675114,602294,0,0,0,0,1,7005,1427.5517487508923,0,10000,667.7247,414,29791,1042,1634,10000
69,run,1000,true,uniform,READ,1222726,319475828,184496414,182747562,1578789,690529,1537394,0,0,0,1382,518,1942205,1437513,13458490,32661750,6193708,30222,59366633616,91546207,5675654,602294,1,0,0,0,0,15883,6296.039790971479,0,100000,154.5419,105,18287,228,355,100000
69,reference,1000,true,uniform,READ,14724,20863158,7166242,6985826,1119,1,0,0,0,0,1382,518,1942205,1438198,13465607,32662190,6193708,30222,59366633616,91546207,5675654,602294,1,0,0,0,0,3091,32351.989647363313,0,100000,27.43558,17,13479,57,107,100000
69,clean-run,1000,true,uniform,READ,10196,3866527,4136228,4134270,41395,1,0,0,0,0,1382,519,1956377,1438414,13476510,32678361,6193783,30247,59447662363,91646247,5676591,610418,1,0,0,0,0,14895,6713.66230278617,0,100000,145.18713,99,16399,235,345,100000
69,avg-run,1000,true,uniform,READ,20423,7331622,8239677,8235676,82395,5,0,0,0,0,1382,519,1956377,1438414,13484687,32688653,6193783,30247,59523376381,91729391,5676593,610418,1,0,0,0,0,17747,5634.755169887869,0,100000,173.52201,120,25727,298,425,100000
70,extend,1000,true,uniform,EXTEND,1261918,320324202,185031680,183258744,1619874,700529,1578019,0,0,0,1382,519,1956377,1441721,13500012,32723811,6193783,30247,59668847778,91888734,5690171,610418,0,0,0,0,1,7153,1398.014818957081,0,10000,682.5644,413,26783,1095,1661,10000
70,run,1000,true,uniform,READ,1265467,325612196,189213357,187439399,1619874,700529,1578019,0,0,0,1382,519,1956377,1443435,13512652,32727428,6193783,30247,59668887108,91889404,5690171,610418,1,0,0,0,0,17095,5849.66364434045,0,100000,166.58633,107,20543,269,392,100000
70,reference,1000,true,uniform,READ,15096,21165321,7270379,7087070,1119,1,0,0,0,0,1382,519,1956377,1443881,13512652,32727745,6193783,30247,59671901088,91934257,5690735,610418,1,0,0,0,0,2983,33523.29869259135,0,100000,26.1722,17,13439,51,107,100000
70,clean-run,1000,true,uniform,READ,10252,3811470,4182601,4180643,41855,1,0,0,0,0,1382,520,1970778,1444198,13525104,32744676,6193878,30274,59753571773,92028297,5691671,619085,1,0,0,0,0,15064,6638.343069569835,0,100000,146.95818,98,15063,238,352,100000
70,avg-run,1000,true,uniform,READ,20479,7276565,8286050,8282049,82855,5,0,0,0,0,1382,520,1970778,1444198,13533279,32754946,6193878,30274,59830285741,92111440,5691673,619085,1,0,0,0,0,15839,6313.529894564051,0,100000,154.54052,122,15767,211,346,100000
71,extend,1000,true,uniform,EXTEND,1318032,326509244,189754900,187955991,1661421,710540,1619119,0,0,0,1382,520,1970778,1447405,13554705,32791014,6193878,30274,59977790388,92272203,5705360,619085,0,0,0,0,1,7201,1388.6960144424386,0,10000,686.0208,408,27007,1081,1760,10000
71,run,1000,true,uniform,READ,1333194,331849470,193982914,192182112,1661423,710551,1619121,0,0,0,1382,520,1970778,1449510,13561461,32795614,6193878,30274,59980864880,92318083,5705921,619085,1,0,0,0,0,16726,5978.715771852206,0,100000,163.22122,105,16911,255,397,100000
71,reference,1000,true,uniform,READ,15468,21467484,7374516,7188314,1119,1,0,0,0,0,1382,520,1970778,1449828,13561461,32795952,6193878,30274,59980864880,92318083,5705921,619085,1,0,0,0,0,3022,33090.668431502316,0,100000,26.57172,17,12111,56,111,100000
71,clean-run,1000,true,uniform,READ,10231,3752212,4228516,4226561,42289,1,0,0,0,0,1382,521,1985263,1450417,13574519,32813741,6198030,32714,60062996506,92403069,5706856,625956,1,0,0,0,0,14748,6780.580417683754,0,100000,143.98649,101,15991,208,327,100000
71,avg-run,1000,true,uniform,READ,20465,7217176,8331878,8327880,83289,5,0,0,0,0,1382,521,1985263,1450417,13582696,32824034,6198030,32714,60140710584,92486215,5706858,625956,1,0,0,0,0,16257,6151.196407701298,0,100000,158.81841,123,16231,228,371,100000
72,extend,1000,true,uniform,EXTEND,1375796,332700074,194528825,192703939,1703322,720551,1660552,0,0,0,1382,521,1985263,1453779,13604015,32860742,6198030,32714,60289289454,92648140,5720627,625956,0,0,0,0,1,7589,1317.6966662274344,0,10000,716.0543,414,25727,1156,1842,10000
72,run,1000,true,uniform,READ,1391382,338066063,198804509,196977730,1703324,720562,1660554,0,0,0,1382,521,1985263,1456119,13618043,32865406,6198030,32714,60292385427,92694317,5721191,625956,1,0,0,0,0,17662,5661.872947571056,0,100000,172.40303,105,24031,279,410,100000
72,reference,1000,true,uniform,READ,15840,21769647,7478653,7289558,1119,1,0,0,0,0,1382,521,1985263,1456123,13626152,32865742,6198030,32714,60292989117,92704348,5721192,625956,1,0,0,0,0,3677,27196.083763937993,0,100000,32.81284,17,34527,64,121,100000
72,clean-run,1000,true,uniform,READ,10256,3771334,4273467,4271509,42770,1,0,0,0,0,1382,522,1999705,1456398,13634710,32884048,6198107,32743,60376785132,92800281,5722128,634375,1,0,0,0,0,16609,6020.832078993317,0,100000,162.10747,101,16927,283,408,100000
72,avg-run,1000,true,uniform,READ,20484,7236428,8376916,8372915,83770,5,0,0,0,0,1382,522,1999705,1456398,13642901,32894325,6198107,32743,60455499150,92883425,5722130,634375,1,0,0,0,0,16874,5926.27711271779,0,100000,164.43303,125,26799,270,386,100000
73,extend,1000,true,uniform,EXTEND,1435828,338919405,199356277,197505416,1745796,730562,1702545,0,0,0,1382,522,1999705,1459507,13664570,32932461,6198107,32743,60606298592,93047114,5735988,634375,0,0,0,0,1,6853,1459.21494236101,0,10000,654.6783,415,27151,1057,1633,10000
73,run,1000,true,uniform,READ,1452120,344297249,203679601,201826847,1745798,730573,1702547,0,0,0,1382,522,1999705,1461183,13671256,32937055,6198107,32743,60609429898,93093750,5736552,634375,1,0,0,0,0,17078,5855.486590935707,0,100000,166.53385,107,35903,247,383,100000
73,reference,1000,true,uniform,READ,16212,22071810,7582790,7390802,1119,1,0,0,0,0,1382,522,1999705,1461383,13671256,32937378,6198107,32743,60609429898,93093750,5736552,634375,1,0,0,0,0,3615,27662.517289073305,0,100000,32.52638,17,10951,62,121,100000
73,clean-run,1000,true,uniform,READ,10237,3778173,4323522,4321564,43251,1,0,0,0,0,1382,523,2014069,1461723,13687253,32956865,6198202,32773,60694338300,93191257,5737489,643306,1,0,0,0,0,16557,6039.74149906384,0,100000,161.46911,105,21407,266,377,100000
73,avg-run,1000,true,uniform,READ,20464,7243268,8426971,8422970,84251,5,0,0,0,0,1382,523,2014069,1461723,13695408,32967132,6198202,32773,60774052318,93274401,5737491,643306,1,0,0,0,0,16519,6053.63520794237,0,100000,161.17122,124,17711,236,374,100000
74,extend,1000,true,uniform,EXTEND,1499181,345151917,204236785,202359947,1788663,740573,1744943,0,0,0,1382,523,2014069,1464834,13717175,33006878,6198202,32773,60926517738,93439423,5751437,643306,0,0,0,0,1,6804,1469.7236919459142,0,10000,647.0469,411,29935,1042,1604,10000
74,run,1000,true,uniform,READ,1504241,350504045,208605487,206727627,1788663,740573,1744943,0,0,0,1382,523,2014069,1466110,13717175,33012063,6198202,32773,60926555862,93440069,5751437,643306,1,0,0,0,0,17229,5804.167392187591,0,100000,168.29429,105,26463,258,390,100000
74,reference,1000,true,uniform,READ,16719,22373838,7686927,7492046,1119,1,0,0,0,0,1382,523,2014069,1467532,13730806,33012584,6198202,32773,60926555862,93440069,5751437,643306,1,0,0,0,0,3004,33288.948069241014,0,100000,26.56231,17,12503,54,105,100000
74,clean-run,1000,true,uniform,READ,10358,3808830,4369648,4367690,43720,1,0,0,0,0,1382,524,2027842,1467763,13740814,33032527,6198268,32806,61015603602,93584400,5752941,652059,1,0,0,0,0,15606,6407.7918749199025,0,100000,152.55892,103,16247,231,360,100000
74,avg-run,1000,true,uniform,READ,20585,7273925,8473097,8469096,84720,5,0,0,0,0,1382,524,2027842,1467763,13748993,33042781,6198268,32806,61096317630,93667545,5752943,652059,1,0,0,0,0,15707,6366.588145412873,0,100000,153.09844,122,16415,200,352,100000
75,extend,1000,true,uniform,EXTEND,1567922,351409838,209169685,207266874,1832154,750584,1787965,0,0,0,1382,524,2027842,1470764,13770896,33084025,6198268,32806,61251561448,93834527,5767107,652059,0,0,0,0,1,6687,1495.4389113204725,0,10000,637.4297,415,29599,1006,1645,10000
75,run,1000,true,uniform,READ,1573565,356767640,213586844,211683011,1832154,750584,1787965,0,0,0,1382,524,2027842,1472008,13777600,33090240,6198268,32806,61251602742,93835229,5767107,652059,1,0,0,0,0,16034,6236.746912810278,0,100000,156.70134,107,17263,200,325,100000
75,reference,1000,true,uniform,READ,17065,22676027,7791064,7593290,1119,1,0,0,0,0,1382,524,2027842,1473504,13785241,33090621,6198268,32806,61254764330,93882279,5767689,652059,1,0,0,0,0,2756,36284.470246734396,0,100000,24.09601,17,10607,49,90,100000
75,clean-run,1000,true,uniform,READ,10327,3844039,4416970,4415012,44189,1,0,0,0,0,1382,525,2041468,1473799,13796224,33110587,6198336,32839,61341754117,93981109,5768625,661431,1,0,0,0,0,14818,6748.54906195168,0,100000,144.76362,106,15767,186,314,100000
75,avg-run,1000,true,uniform,READ,20554,7309134,8520419,8516418,85189,5,0,0,0,0,1382,525,2041468,1473799,13804392,33120843,6198336,32839,61423468085,94064252,5768627,661431,1,0,0,0,0,15591,6413.95676993137,0,100000,152.40713,124,16543,191,320,100000
76,extend,1000,true,uniform,EXTEND,1637586,357675081,214156870,212228082,1875998,760595,1831306,0,0,0,1382,525,2041468,1476802,13826375,33163853,6198336,32839,61579767127,94232231,5782855,661431,0,0,0,0,1,6647,1504.4380923724989,0,10000,633.6731,408,27327,1015,1634,10000
76,run,1000,true,uniform,READ,1644756,363061162,218623443,216693633,1875998,760595,1831306,0,0,0,1382,525,2041468,1478940,13832843,33171279,6198336,32839,61579811011,94232977,5782855,661431,1,0,0,0,0,16500,6060.606060606061,0,100000,161.42369,113,17087,208,368,100000
76,reference,1000,true,uniform,READ,17411,22978216,7895201,7694534,1119,1,0,0,0,0,1382,525,2041468,1479825,13840138,33171754,6198336,32839,61582998640,94280385,5783439,661431,1,0,0,0,0,2801,35701.53516601214,0,100000,24.54527,17,11423,49,99,100000
76,clean-run,1000,true,uniform,READ,10454,3887112,4468318,4466280,44692,17,0,0,0,0,1382,526,2055363,1480015,13852571,33189913,6198427,32873,61671063442,94380283,5784375,670752,1,0,0,0,0,15672,6380.806533945891,0,100000,153.23463,105,15903,208,342,100000
76,avg-run,1000,true,uniform,READ,20678,7352205,8571762,8567681,85692,21,0,0,0,0,1382,526,2055363,1480015,13860757,33200191,6198427,32873,61753777460,94463427,5784377,670752,1,0,0,0,0,16171,6183.909467565395,0,100000,158.12495,125,16207,215,366,100000
77,extend,1000,true,uniform,EXTEND,1707566,363975266,219199389,217244624,1920400,770606,1875173,0,0,0,1382,526,2055363,1483427,13882534,33243703,6198427,32873,61911452077,94633047,5798684,670752,0,0,0,0,1,7395,1352.265043948614,0,10000,707.1248,420,27055,1122,1782,10000
77,run,1000,true,uniform,READ,1731137,369420334,223719375,221762717,1920402,770617,1875175,0,0,0,1382,526,2055363,1487654,13895450,33253787,6198427,32873,61914716389,94681614,5799280,670752,1,0,0,0,0,18392,5437.1465854719445,0,100000,180.0058,116,22511,283,419,100000
77,reference,1000,true,uniform,READ,17764,23280611,7999430,7795870,1119,1,0,0,0,0,1382,526,2055363,1488553,13901633,33254388,6198427,32873,61914716439,94681615,5799280,670752,1,0,0,0,0,3258,30693.677102516882,0,100000,28.72431,17,13479,56,119,100000
77,clean-run,1000,true,uniform,READ,10465,3936574,4520765,4518807,45227,1,0,0,0,0,1382,527,2067865,1488756,13916940,33274241,6198491,32908,62004310361,94790229,5800217,680235,1,0,0,0,0,17010,5878.894767783657,0,100000,166.22886,108,22831,268,390,100000
77,avg-run,1000,true,uniform,READ,20692,7401669,8624214,8620213,86227,5,0,0,0,0,1382,527,2067865,1488756,13925120,33284504,6198491,32908,62088024439,94873375,5800219,680235,1,0,0,0,0,16252,6153.088850603002,0,100000,158.55885,128,15815,216,371,100000
78,extend,1000,true,uniform,EXTEND,1784201,370286312,224300806,222320067,1965348,780617,1919601,0,0,0,1382,527,2067865,1491956,13947097,33329994,6198491,32908,62247752488,95044624,5814555,680235,0,0,0,0,1,6993,1430.00143000143,0,10000,666.4711,423,26543,1081,1760,10000
78,run,1000,true,uniform,READ,1819630,375683078,228872851,226891090,1965348,780617,1919601,0,0,0,1382,527,2067865,1497729,13958091,33365593,6198491,32908,62247793402,95045322,5814555,680235,1,0,0,0,0,17521,5707.436790137549,0,100000,170.62144,118,18751,247,397,100000
78,reference,1000,true,uniform,READ,18110,23582800,8103567,7897114,1119,1,0,0,0,0,1382,527,2067865,1498355,13964802,33366056,6198491,32908,62251050179,95093638,5815152,680235,1,0,0,0,0,2863,34928.396786587495,0,100000,25.02516,17,11823,51,101,100000
78,clean-run,1000,true,uniform,READ,10582,3989403,4572260,4570302,45747,1,0,0,0,0,1382,528,2081360,1498503,13976241,33384962,6198555,32946,62341268687,95195764,5816089,689570,1,0,0,0,0,16098,6211.951795254069,0,100000,156.63904,106,23615,224,362,100000
78,avg-run,1000,true,uniform,READ,20809,7454498,8675709,8671708,86747,5,0,0,0,0,1382,528,2081360,1498503,13984421,33395239,6198555,32946,62425982759,95278909,5816091,689570,1,0,0,0,0,16461,6074.9650689508535,0,100000,160.74742,126,16783,227,362,100000
79,extend,1000,true,uniform,EXTEND,1886976,376603649,229461434,227454725,2010764,790628,1964477,0,0,0,1382,528,2081360,1501615,14006486,33441141,6198555,32946,62587867398,95451702,5830696,689570,0,0,0,0,1,6924,1444.2518775274407,0,10000,661.5306,414,29903,1075,1669,10000
79,run,1000,true,uniform,READ,1947730,382060244,234088522,232079920,2010766,790639,1964479,0,0,0,1382,528,2081360,1509469,14030851,33487957,6198555,32946,62591205639,95501410,5831309,689570,1,0,0,0,0,18165,5505.092210294522,0,100000,177.40786,113,21775,277,413,100000
79,reference,1000,true,uniform,READ,18480,23884965,8207704,7998358,1119,1,0,0,0,0,1382,528,2081360,1510074,14038445,33488657,6198555,32946,62591205689,95501411,5831309,689570,1,0,0,0,0,3159,31655.587211142767,0,100000,27.82812,17,11743,56,118,100000
79,clean-run,1000,true,uniform,READ,10695,4032818,4626270,4624312,46287,1,0,0,0,0,1382,529,2090969,1510210,14047666,33507149,6198607,32999,62683013043,95613442,5832246,699142,1,0,0,0,0,17022,5874.750323111268,0,100000,166.20344,111,18751,268,388,100000
79,avg-run,1000,true,uniform,READ,21030,8547504,9729719,9725718,97287,5,0,0,0,0,1382,529,2090969,1510210,14055845,33517517,6198607,32999,62770056219,95716612,5832248,699142,1,0,0,0,0,17191,5816.997266011285,0,100000,168.20524,130,21007,240,396,100000
80,extend,1000,true,uniform,EXTEND,2001980,382935380,234682382,232649696,2056739,800639,2009939,0,0,0,1382,529,2090969,1513410,14078000,33565064,6198607,32999,62934594364,95891150,5847035,699142,0,0,0,0,1,7111,1406.271972999578,0,10000,676.4085,426,27103,1102,1703,10000
80,run,1000,true,uniform,READ,2077328,388338923,239359515,237325807,2056739,800639,2009939,0,0,0,1382,529,2090969,1519978,14096260,33641398,6198607,32999,62934637042,95891878,5847035,699142,1,0,0,0,0,18396,5435.964340073929,0,100000,179.88116,122,19327,290,426,100000
80,reference,1000,true,uniform,READ,18850,24187130,8311841,8099602,1119,1,0,0,0,0,1382,529,2090969,1520626,14103201,33641866,6198607,32999,62937964006,95941493,5847635,699142,1,0,0,0,0,2926,34176.34996582365,0,100000,25.8414,17,9879,52,109,100000
80,clean-run,1000,true,uniform,READ,10789,4054912,4677487,4675532,46794,1,0,0,0,0,1382,530,2102170,1520846,14112475,33661072,6198662,33045,63029695353,96035508,5848570,708138,1,0,0,0,0,16693,5990.534954771461,0,100000,163.13979,112,16431,260,401,100000
80,avg-run,1000,true,uniform,READ,21244,8568764,9780849,9776851,97794,5,0,0,0,0,1382,530,2102170,1520846,14120651,33671577,6198662,33045,63117738639,96138681,5848572,708138,1,0,0,0,0,16169,6184.674376894057,0,100000,158.09112,128,17775,196,320,100000
81,extend,1000,true,uniform,EXTEND,2148992,389267149,239960790,237902127,2103310,810650,2056005,0,0,0,1382,530,2102170,1523858,14143126,33721341,6198662,33045,63283999242,96315157,5863547,708138,0,0,0,0,1,6637,1506.7048365225253,0,10000,633.3393,405,27519,982,1608,10000
81,run,1000,true,uniform,READ,2256104,394723016,244689795,242629239,2103312,810661,2056007,0,0,0,1382,530,2102170,1531247,14169219,33813011,6198662,33045,63287414191,96366113,5864160,708138,1,0,0,0,0,16409,6094.216588457553,0,100000,159.95286,101,18063,208,347,100000
81,reference,1000,true,uniform,READ,19220,24489295,8415978,8200846,1119,1,0,0,0,0,1382,530,2102170,1531495,14175565,33813816,6198662,33045,63287414191,96366113,5864160,708138,1,0,0,0,0,2753,36324.010170722846,0,100000,24.09531,17,10023,50,99,100000
81,clean-run,1000,true,uniform,READ,10912,4116809,4728057,4726099,47305,1,0,0,0,0,1382,531,2109117,1531623,14191987,33833588,6198704,33106,63381396280,96480823,5865097,717798,1,0,0,0,0,15313,6530.399007379351,0,100000,149.73652,112,15967,188,318,100000
81,avg-run,1000,true,uniform,READ,21531,8629791,9831506,9827505,98305,5,0,0,0,0,1382,531,2109117,1531623,14200160,33844268,6198704,33106,63470439506,96583994,5865099,717798,1,0,0,0,0,14832,6742.17907227616,0,100000,144.80484,118,18543,185,317,100000
82,extend,1000,true,uniform,EXTEND,2314508,395604008,245296022,243211383,2150452,820661,2102624,0,0,0,1382,531,2109117,1534833,14222627,33895053,6198704,33106,63638375577,96762180,5880188,717798,0,0,0,0,1,7153,1398.014818957081,0,10000,681.3468,433,28767,1075,1707,10000
82,run,1000,true,uniform,READ,2424728,401009636,250075678,247990017,2150452,820661,2102624,0,0,0,1382,531,2109117,1539025,14234906,34005801,6198704,33106,63638417415,96762891,5880188,717798,1,0,0,0,0,18448,5420.6418039895925,0,100000,180.78464,106,17375,270,415,100000
82,reference,1000,true,uniform,READ,19590,24791460,8520115,8302090,1119,1,0,0,0,0,1382,531,2109117,1539669,14241613,34006527,6198704,33106,63638417415,96762891,5880188,717798,1,0,0,0,0,3228,30978.934324659233,0,100000,28.61479,17,11055,59,115,100000
82,clean-run,1000,true,uniform,READ,11022,4163254,4780470,4778512,47828,1,0,0,0,0,1382,532,2121077,1540459,14263779,34027326,6198765,33155,63752132695,96920334,5888157,717828,1,0,0,0,0,17147,5831.923951711669,0,100000,167.71611,114,22095,269,390,100000
82,avg-run,1000,true,uniform,READ,21783,8675384,9883919,9879918,98828,5,0,0,0,0,1382,532,2121077,1540488,14271852,34038137,6198765,33155,63842175921,97023505,5888159,717828,1,0,0,0,0,15492,6454.944487477408,0,100000,151.01399,117,19151,214,358,100000
83,extend,1000,true,uniform,EXTEND,2504221,401939741,250689245,248578629,2197911,830672,2149556,0,0,0,1382,532,2121077,1543988,14293827,34090773,6198765,33155,63995860789,97202441,5899228,717828,0,0,0,0,1,7290,1371.7421124828531,0,10000,697.3522,426,30319,1128,1935,10000
83,run,1000,true,uniform,READ,2624527,407362060,255521940,253410302,2197911,830672,2149556,0,0,0,1382,532,2121077,1550453,14319991,34211077,6198765,33155,63995905491,97203203,5899228,717828,1,0,0,0,0,17553,5697.031846408021,0,100000,171.65228,119,18495,231,368,100000
83,reference,1000,true,uniform,READ,19960,25093625,8624252,8403334,1119,1,0,0,0,0,1382,532,2121077,1551210,14326732,34212230,6198765,33155,63999346698,97254462,5899862,717828,1,0,0,0,0,3081,32456.994482310936,0,100000,27.3119,17,10255,55,107,100000
83,clean-run,1000,true,uniform,READ,11146,4204852,4833281,4831323,48355,1,0,0,0,0,1382,533,2129720,1551347,14336284,34232683,6198813,33213,64095111317,97365224,5900799,727855,1,0,0,0,0,17033,5870.956378794105,0,100000,166.75673,116,16879,267,387,100000
83,avg-run,1000,true,uniform,READ,22033,8716226,9936730,9932729,99355,5,0,0,0,0,1382,533,2129720,1551347,14344457,34243631,6198813,33213,64186154573,97468396,5900801,727855,1,0,0,0,0,16723,5979.788315493632,0,100000,163.29294,122,18479,262,384,100000
84,extend,1000,true,uniform,EXTEND,2703233,408298969,256141982,254005392,2246007,840683,2197160,0,0,0,1382,533,2129720,1554656,14374129,34297779,6198813,33213,64358056617,97649414,5916138,727855,0,0,0,0,1,7344,1361.6557734204794,0,10000,698.7814,426,27327,1182,1869,10000
84,run,1000,true,uniform,READ,2834075,413720990,261024990,258887378,2246007,840683,2197160,0,0,0,1382,533,2129720,1559497,14386287,34429056,6198813,33213,64358100041,97650155,5916138,727855,1,0,0,0,0,17866,5597.223777006605,0,100000,174.84147,122,16975,241,380,100000
84,reference,1000,true,uniform,READ,20330,25395790,8728389,8504578,1119,1,0,0,0,0,1382,533,2129720,1559940,14393240,34429792,6198813,33213,64358100041,97650155,5916138,727855,1,0,0,0,0,2873,34806.82213713888,0,100000,25.20711,17,14415,52,103,100000
84,clean-run,1000,true,uniform,READ,11259,4245393,4881448,4879490,48847,1,0,0,0,0,1382,534,2142298,1560419,14406348,34451014,6198876,33261,64461626084,97810977,5919229,737965,1,0,0,0,0,16063,6225.487144369047,0,100000,157.17212,115,16479,210,346,100000
84,avg-run,1000,true,uniform,READ,22353,8755525,9984897,9980896,99847,5,0,0,0,0,1382,534,2142298,1560422,14414359,34462162,6198876,33261,64553669360,97914149,5919231,737965,1,0,0,0,0,17189,5817.67409389726,0,100000,167.19207,123,20703,270,403,100000
85,extend,1000,true,uniform,EXTEND,2916125,414659658,261651221,259488656,2294701,850694,2245319,0,0,0,1382,534,2142298,1563872,14444179,34518446,6198876,33261,64723977347,98097108,5933769,737965,0,0,0,0,1,7449,1342.4620754463685,0,10000,710.5855,429,26975,1140,1694,10000
85,run,1000,true,uniform,READ,3085260,420129519,266587024,264422566,2294703,850705,2245321,0,0,0,1382,534,2142298,1571924,14476877,34669920,6198876,33261,64727518626,98150183,5934387,737965,1,0,0,0,0,19254,5193.725979017347,0,100000,188.33315,120,21039,296,450,100000
85,reference,1000,true,uniform,READ,20700,25697955,8832526,8605822,1119,1,0,0,0,0,1382,534,2142298,1571941,14484776,34670908,6198876,33261,64728170473,98161041,5934388,737965,1,0,0,0,0,3134,31908.10465858328,0,100000,27.84018,16,10567,56,110,100000
85,clean-run,1000,true,uniform,READ,11380,4286125,4936058,4934100,49382,1,0,0,0,0,1382,535,2147716,1572077,14495830,34692347,6198904,33339,64825904517,98271208,5935324,748250,1,0,0,0,0,16746,5971.575301564552,0,100000,163.56326,117,15727,236,366,100000
85,avg-run,1000,true,uniform,READ,22474,8796257,10039507,10035506,100382,5,0,0,0,0,1382,535,2147716,1572077,14504003,34703496,6198904,33339,64918947743,98374379,5935326,748250,1,0,0,0,0,16993,5884.776084269994,0,100000,165.86174,121,21663,264,389,100000
86,extend,1000,true,uniform,EXTEND,3151728,421019469,267218336,265029794,2343732,860705,2293894,0,0,0,1382,535,2147716,1575590,14533666,34761582,6198904,33339,65094773091,98558322,5950928,748250,0,0,0,0,1,7682,1301.7443374121322,0,10000,735.537,444,26479,1153,1769,10000
86,run,1000,true,uniform,READ,3339854,426492295,272200652,270010217,2343734,860716,2293896,0,0,0,1382,535,2147716,1582819,14560218,34932015,6198904,33339,65098387329,98612175,5951579,748250,1,0,0,0,0,18512,5401.901469317199,0,100000,181.17668,116,25295,271,420,100000
86,reference,1000,true,uniform,READ,21071,26000119,8936663,8707066,1119,1,0,0,0,0,1382,535,2147716,1582965,14575064,34932827,6198904,33339,65098387379,98612176,5951579,748250,1,0,0,0,0,2772,36075.03607503608,0,100000,24.29908,17,11031,52,95,100000
86,clean-run,1000,true,uniform,READ,11508,4318593,4981270,4979312,49838,1,0,0,0,0,1382,536,2153607,1583108,14583982,34954715,6198939,33438,65197736411,98732440,5952516,758825,1,0,0,0,0,16076,6220.452848967405,0,100000,157.25333,111,23487,204,343,100000
86,avg-run,1000,true,uniform,READ,23019,8826229,10084719,10080718,100838,5,0,0,0,0,1382,536,2153607,1583108,14592158,34966283,6198939,33438,65291779667,98835612,5952518,758825,1,0,0,0,0,15352,6513.809275664408,0,100000,149.99245,123,16655,190,322,100000
87,extend,1000,true,uniform,EXTEND,3407853,427385252,272837243,270622725,2393339,870716,2343011,0,0,0,1382,536,2153607,1586208,14622344,35025629,6198939,33438,65469383559,99021270,5968273,758825,0,0,0,0,1,6668,1499.7000599880023,0,10000,632.6263,407,27007,1020,1557,10000
87,run,1000,true,uniform,READ,3594498,432820761,277866955,275651415,2393339,870716,2343011,0,0,0,1382,536,2153607,1589031,14629438,35210736,6198939,33438,65469427657,99022023,5968273,758825,1,0,0,0,0,15598,6411.078343377356,0,100000,152.238,97,29695,198,331,100000
87,reference,1000,true,uniform,READ,21442,26302283,9040800,8808310,1119,1,0,0,0,0,1382,536,2153607,1589233,14635324,35212876,6198939,33438,65469427657,99022023,5968273,758825,1,0,0,0,0,2901,34470.87211306446,0,100000,25.5481,17,10559,53,105,100000
87,clean-run,1000,true,uniform,READ,11630,4347425,5031430,5029472,50328,1,0,0,0,0,1382,537,2162573,1590186,14664641,35235921,6198985,33501,65609502235,99187753,5986753,760144,1,0,0,0,0,16097,6212.337702677518,0,100000,157.55125,116,16463,202,331,100000
87,avg-run,1000,true,uniform,READ,23141,8855061,10134879,10130878,101328,5,0,0,0,0,1382,537,2162573,1590259,14680938,35247444,6198985,33501,65704545461,99290924,5986755,760144,1,0,0,0,0,16932,5905.976848570754,0,100000,165.70313,123,17007,283,432,100000
88,extend,1000,true,uniform,EXTEND,3691661,433758954,278510339,276269844,2443257,880727,2392453,0,0,0,1382,537,2162573,1593561,14710469,35308002,6198985,33501,65847847576,99477748,5993053,760144,0,0,0,0,1,6791,1472.5371815638346,0,10000,647.3815,403,30543,1064,1654,10000
88,run,1000,true,uniform,READ,3899058,439183827,283588249,281346732,2443257,880727,2392453,0,0,0,1382,537,2162573,1599042,14729770,35516219,6198985,33501,65847891352,99478495,5993053,760144,1,0,0,0,0,18011,5552.1625673199715,0,100000,176.54309,128,18047,227,370,100000
88,reference,1000,true,uniform,READ,21814,26604446,9144937,8909554,1119,1,0,0,0,0,1382,537,2162573,1599438,14737297,35516680,6198985,33501,65851147156,99532348,5993077,760144,1,0,0,0,0,2773,36062.02668589975,0,100000,24.28435,17,10407,49,100,100000
88,clean-run,1000,true,uniform,READ,11771,4380602,5077421,5075463,50804,1,0,0,0,0,1382,538,2174046,1599659,14746166,35539668,6199041,33558,65952094540,99645753,5994013,771087,1,0,0,0,0,16104,6209.637357178341,0,100000,157.66101,116,18687,199,335,100000
88,avg-run,1000,true,uniform,READ,23282,8888238,10180870,10176869,101804,5,0,0,0,0,1382,538,2174046,1599659,14754339,35551235,6199041,33558,66048137766,99748924,5994015,771087,1,0,0,0,0,15440,6476.683937823835,0,100000,150.96885,125,16943,184,321,100000
89,extend,1000,true,uniform,EXTEND,3990970,440131600,284237203,281970732,2493706,890738,2442401,0,0,0,1382,538,2174046,1602789,14784684,35614580,6199041,33558,66229329093,99937371,6010043,771087,0,0,0,0,1,6859,1457.9384749963551,0,10000,654.4838,408,29199,1037,1738,10000
89,run,1000,true,uniform,READ,4233360,445612112,289366020,287097656,2493708,890749,2442403,0,0,0,1382,538,2174046,1609675,14818662,35837686,6199041,33558,66233017951,99992403,6010685,771087,1,0,0,0,0,17875,5594.4055944055945,0,100000,175.12097,120,20223,223,362,100000
89,reference,1000,true,uniform,READ,22184,26906611,9249074,9010798,1119,1,0,0,0,0,1382,538,2174046,1610069,14825865,35838753,6199041,33558,66233017951,99992403,6010685,771087,1,0,0,0,0,2685,37243.947858472995,0,100000,23.40972,16,9815,48,98,100000
89,clean-run,1000,true,uniform,READ,11896,4402936,5128014,5126056,51305,1,0,0,0,0,1382,539,2179726,1610210,14837800,35861754,6199100,33636,66335480204,100114199,6011622,781508,1,0,0,0,0,16155,6190.034045187249,0,100000,158.17834,116,17055,200,337,100000
89,avg-run,1000,true,uniform,READ,24657,8903071,10231463,10227462,102305,5,0,0,0,0,1382,539,2179726,1610210,14854176,35874578,6199100,33636,66432523460,100217371,6011624,781508,1,0,0,0,0,15895,6291.286568103177,0,100000,155.08832,129,17839,199,330,100000
90,extend,1000,true,uniform,EXTEND,4307101,446511934,290020173,287727725,2544645,900749,2492847,0,0,0,1382,539,2179726,1613510,14883747,35938490,6199100,33636,66615544625,100407323,6027747,781508,0,0,0,0,1,7084,1411.6318464144551,0,10000,677.2729,446,28143,1073,1631,10000
90,run,1000,true,uniform,READ,4546804,451940552,295196950,292903480,2544645,900749,2492847,0,0,0,1382,539,2179726,1618107,14896137,36178234,6199100,33636,66615591405,100408123,6027747,781508,1,0,0,0,0,18081,5530.667551573475,0,100000,177.25294,128,17599,224,366,100000
90,reference,1000,true,uniform,READ,22554,27208776,9353211,9112042,1119,1,0,0,0,0,1382,539,2179726,1618517,14903224,36179529,6199100,33636,66615591405,100408123,6027747,781508,1,0,0,0,0,2715,36832.412523020255,0,100000,23.62604,17,10463,50,103,100000
90,clean-run,1000,true,uniform,READ,12032,4426346,5177368,5175410,51798,1,0,0,0,0,1382,540,2189703,1619252,14923209,36203460,6199166,33701,66744316878,100578576,6038674,781550,1,0,0,0,0,16968,5893.446487505894,0,100000,166.14707,118,18127,230,373,100000
90,avg-run,1000,true,uniform,READ,24793,8926481,10280817,10276816,102798,5,0,0,0,0,1382,540,2189703,1619535,14939387,36216280,6199166,33701,66842360154,100681748,6038676,781550,1,0,0,0,0,16781,5959.120433823968,0,100000,163.91414,127,28335,231,363,100000
91,extend,1000,true,uniform,EXTEND,4646844,452890209,295858252,293539827,2596163,910760,2543848,0,0,0,1382,540,2189703,1622935,14968804,36282747,6199166,33701,67005805671,100873361,6049199,781550,0,0,0,0,1,7000,1428.5714285714287,0,10000,668.0227,439,30031,1066,1594,10000
91,run,1000,true,uniform,READ,4892832,458331740,301086998,298767551,2596163,910760,2543848,0,0,0,1382,540,2189703,1630168,15002736,36529302,6199166,33701,67005848915,100874101,6049199,781550,1,0,0,0,0,20310,4923.682914820286,0,100000,198.87914,116,1331199,229,391,100000
91,reference,1000,true,uniform,READ,22926,27510939,9457348,9213286,1119,1,0,0,0,0,1382,540,2189703,1630333,15010265,36529765,6199166,33701,67005848915,100874101,6049199,781550,1,0,0,0,0,2801,35701.53516601214,0,100000,24.49583,16,11191,52,101,100000
91,clean-run,1000,true,uniform,READ,12159,4447768,5228917,5226959,52315,1,0,0,0,0,1382,541,2195332,1630849,15022777,36553840,6202056,34171,67119695180,101057576,6053085,790646,1,0,0,0,0,16150,6191.950464396285,0,100000,157.96612,121,20207,197,321,100000
91,avg-run,1000,true,uniform,READ,24920,8947903,10332366,10328365,103315,5,0,0,0,0,1382,541,2195332,1630859,15039054,36566665,6202056,34171,67218738456,101160748,6053087,790646,1,0,0,0,0,16180,6180.469715698393,0,100000,158.17617,130,16095,206,353,100000
92,extend,1000,true,uniform,EXTEND,4991523,459287757,301754601,299410200,2648141,920771,2595334,0,0,0,1382,541,2195332,1634366,15068721,36634765,6202056,34171,67399534840,101353827,6067915,790646,0,0,0,0,1,7416,1348.4358144552318,0,10000,707.6517,456,27551,1105,1658,10000
92,run,1000,true,uniform,READ,5273235,464781297,307034235,304687777,2648143,920782,2595336,0,0,0,1382,541,2195332,1639589,15104909,36894456,6202056,34171,67402972483,101403995,6068573,790646,1,0,0,0,0,17410,5743.825387708213,0,100000,169.78556,102,24783,259,413,100000
92,reference,1000,true,uniform,READ,23304,27813169,9562369,9314544,1119,1,0,0,0,0,1382,541,2195332,1639613,15112241,36896354,6202056,34171,67402972533,101403996,6068573,790646,1,0,0,0,0,2821,35448.422545196736,0,100000,24.70532,17,10647,50,99,100000
92,clean-run,1000,true,uniform,READ,12289,4465627,5278161,5276203,52807,1,0,0,0,0,1382,542,2197683,1639744,15121304,36920348,6202074,34292,67508699203,101529962,6069510,801281,1,0,0,0,0,17227,5804.841237592152,0,100000,168.74463,121,16575,241,389,100000
92,avg-run,1000,true,uniform,READ,25050,8965762,10381610,10377609,103807,5,0,0,0,0,1382,542,2197683,1639744,15137671,36933142,6202074,34292,67608742409,101633133,6069512,801281,1,0,0,0,0,16367,6109.855196431845,0,100000,160.18411,128,15823,220,363,100000
93,extend,1000,true,uniform,EXTEND,5354145,465686053,307706024,305336265,2700643,930782,2647370,0,0,0,1382,542,2197683,1643044,15167544,37002865,6202074,34292,67801599274,101828551,6086588,801281,0,0,0,0,1,7123,1403.9028499227854,0,10000,681.1038,446,30111,1087,1634,10000
93,run,1000,true,uniform,READ,5674494,471151318,313030589,310658937,2700645,930793,2647372,0,0,0,1382,542,2197683,1650774,15209675,37300787,6202074,34292,67806314282,101889257,6087851,801281,1,0,0,0,0,18207,5492.393035645631,0,100000,178.38469,114,527359,230,402,100000
93,reference,1000,true,uniform,READ,23676,28115332,9666506,9415788,1119,1,0,0,0,0,1382,542,2197683,1650797,15209675,37302037,6202074,34292,67806314282,101889257,6087851,801281,1,0,0,0,0,2654,37678.97513187641,0,100000,23.15299,17,10847,50,94,100000
93,clean-run,1000,true,uniform,READ,12435,4482170,5324575,5322617,53280,1,0,0,0,0,1382,543,2200561,1650927,15218358,37326900,6202090,34390,67912630198,102008278,6088787,812415,1,0,0,0,0,16348,6116.956202593589,0,100000,160.10772,121,20383,205,328,100000
93,avg-run,1000,true,uniform,READ,25195,8982306,10428024,10424023,104280,5,0,0,0,0,1382,543,2200561,1650927,15234737,37339719,6202090,34390,68013673424,102111449,6088789,812415,1,0,0,0,0,15411,6488.871585231328,0,100000,150.55177,118,23759,198,342,100000
94,extend,1000,true,uniform,EXTEND,5757725,472055618,313708349,311312616,2753562,940793,2699791,0,0,0,1382,543,2200561,1654327,15264510,37411462,6202090,34390,68203239413,102307136,6105294,812415,0,0,0,0,1,7321,1365.9336156262805,0,10000,700.1474,447,26671,1084,1724,10000
94,run,1000,true,uniform,READ,6076671,477535130,319084297,316686592,2753564,940804,2699793,0,0,0,1382,543,2200561,1659802,15307825,37709287,6202090,34390,68206583370,102355284,6105955,812415,1,0,0,0,0,20342,4915.937469275391,0,100000,199.26674,115,20847,322,472,100000
94,reference,1000,true,uniform,READ,24048,28417495,9770643,9517032,1119,1,0,0,0,0,1382,543,2200561,1659809,15307825,37709855,6202090,34390,68207334491,102367818,6105956,812415,1,0,0,0,0,3182,31426.775612822123,0,100000,28.1804,17,11951,57,116,100000
94,clean-run,1000,true,uniform,READ,12559,4498021,5375166,5373208,53771,1,0,0,0,0,1382,544,2202222,1659943,15321804,37734741,6202101,34485,68314721840,102487945,6106892,823763,1,0,0,0,0,17256,5795.0857672693555,0,100000,168.93448,120,17727,241,383,100000
94,avg-run,1000,true,uniform,READ,25320,8998156,10478615,10474614,104771,5,0,0,0,0,1382,544,2202222,1659943,15338168,37747561,6202101,34485,68416765066,102591116,6106894,823763,1,0,0,0,0,15463,6467.050378322447,0,100000,150.86237,121,16655,198,344,100000
95,extend,1000,true,uniform,EXTEND,6163050,478441225,319768170,317347249,2807006,950804,2752724,0,0,0,1382,544,2202222,1663343,15368142,37823350,6202101,34485,68615190393,102789547,6124450,823763,0,0,0,0,1,7163,1396.0631020522128,0,10000,684.4276,444,26943,1081,1705,10000
95,run,1000,true,uniform,READ,6523630,483889489,325195022,322772208,2807008,950815,2752726,0,0,0,1382,544,2202222,1670170,15411810,38159376,6202101,34485,68620442615,102853413,6126126,823763,1,0,0,0,0,18390,5437.737901033171,0,100000,180.11199,129,19647,245,400,100000
95,reference,1000,true,uniform,READ,24420,28719658,9874780,9618276,1119,1,0,0,0,0,1382,544,2202222,1670179,15418068,38159955,6202101,34485,68620442665,102853414,6126126,823763,1,0,0,0,0,2721,36751.19441381845,0,100000,23.77235,17,10319,46,101,100000
95,clean-run,1000,true,uniform,READ,12708,4512462,5426216,5424258,54282,1,0,0,0,0,1382,545,2204020,1670307,15428664,38185832,6202117,34614,68729210094,102979661,6127063,834894,1,0,0,0,0,17448,5731.315910132967,0,100000,170.76968,121,16847,242,395,100000
95,avg-run,1000,true,uniform,READ,25469,9012597,10529665,10525664,105282,5,0,0,0,0,1382,545,2204020,1670307,15445033,38198647,6202117,34614,68832253350,103082833,6127065,834894,1,0,0,0,0,15907,6286.54051675363,0,100000,155.36902,121,18095,215,373,100000
96,extend,1000,true,uniform,EXTEND,6610132,484796064,325884919,323438021,2861028,960815,2806272,0,0,0,1382,545,2204020,1673707,15474934,38273809,6202117,34614,69024697646,103281589,6143619,834894,0,0,0,0,1,7165,1395.6734124214934,0,10000,685.1828,446,31151,1089,1567,10000
96,run,1000,true,uniform,READ,6965220,490266615,331359899,328911108,2861030,960826,2806274,0,0,0,1382,545,2204020,1681314,15516948,38604910,6202117,34614,69028695568,103341254,6144336,834894,1,0,0,0,0,17692,5652.272213429799,0,100000,172.80679,103,24831,228,363,100000
96,reference,1000,true,uniform,READ,24792,29021821,9978917,9719520,1119,1,0,0,0,0,1382,545,2204020,1681320,15516948,38605270,6202117,34614,69028695568,103341254,6144336,834894,1,0,0,0,0,2875,34782.608695652176,0,100000,25.27041,17,10695,51,110,100000
96,clean-run,1000,true,uniform,READ,12853,4524212,5473065,5471107,54756,1,0,0,0,0,1382,546,2206348,1681450,15525907,38630816,6202132,34711,69138231745,103463642,6145272,846564,1,0,0,0,0,17475,5722.460658082976,0,100000,171.1501,122,16975,241,382,100000
96,avg-run,1000,true,uniform,READ,25614,9024347,10576514,10572513,105756,5,0,0,0,0,1382,546,2206348,1681450,15542273,38643642,6202132,34711,69242274971,103566813,6145274,846564,1,0,0,0,0,17448,5731.315910132967,0,100000,170.32346,126,26687,269,408,100000
97,extend,1000,true,uniform,EXTEND,7050790,491179781,332055512,329582643,2915479,970826,2860226,0,0,0,1382,546,2206348,1685123,15580067,38718209,6202132,34711,69436901667,103766037,6161861,846564,0,0,0,0,1,7897,1266.3036596175764,0,10000,754.2736,451,40415,1199,1798,10000
97,run,1000,true,uniform,READ,7359879,496657872,337578827,335104064,2915481,970837,2860228,0,0,0,1382,546,2206348,1688443,15600936,39008900,6202132,34711,69439441658,103797313,6162503,846564,1,0,0,0,0,18821,5313.213963126295,0,100000,184.52379,133,22079,241,397,100000
97,reference,1000,true,uniform,READ,25164,29323984,10083054,9820764,1119,1,0,0,0,0,1382,546,2206348,1688458,15609036,39009488,6202132,34711,69440191799,103809837,6162504,846564,1,0,0,0,0,3617,27647.22145424385,0,100000,32.09235,17,13343,72,157,100000
97,clean-run,1000,true,uniform,READ,13012,4535985,5522573,5520615,55253,1,0,0,0,0,1382,547,2207754,1688585,15617244,39035049,6202145,34834,69550803618,103933377,6163440,858063,1,0,0,0,0,17777,5625.246104517073,0,100000,174.07799,123,16303,254,397,100000
97,avg-run,1000,true,uniform,READ,25773,9036120,10626022,10622021,106253,5,0,0,0,0,1382,547,2207754,1688585,15633614,39047873,6202145,34834,69655846844,104036548,6163442,858063,1,0,0,0,0,15429,6481.301445330222,0,100000,150.84586,123,18031,193,321,100000
98,extend,1000,true,uniform,EXTEND,7453056,497554348,338280001,335782100,2970364,980837,2914600,0,0,0,1382,547,2207754,1691985,15679486,39130101,6202145,34834,69863045757,104238430,6180513,858063,0,0,0,0,1,7294,1370.9898546750753,0,10000,695.3226,452,29359,1091,1711,10000
98,run,1000,true,uniform,READ,7823549,502898545,343855095,341355240,2970366,980848,2914602,0,0,0,1382,547,2207754,1698307,15722906,39463753,6202145,34834,69873684536,104307803,6186007,858063,1,0,0,0,0,17966,5566.069241901369,0,100000,175.97101,109,19727,225,354,100000
98,reference,1000,true,uniform,READ,25536,29626147,10187191,9922008,1119,1,0,0,0,0,1382,547,2207754,1698322,15730418,39466460,6202145,34834,69873684536,104307803,6186007,858063,1,0,0,0,0,2692,37147.10252600297,0,100000,23.47325,16,10623,50,94,100000
98,clean-run,1000,true,uniform,READ,13165,4546634,5574108,5572150,55764,1,0,0,0,0,1382,548,2209719,1698462,15743123,39492987,6202166,34968,69986088856,104444455,6186944,869689,1,0,0,0,0,16588,6028.454304316373,0,100000,162.51039,125,17791,202,344,100000
98,avg-run,1000,true,uniform,READ,25926,9046769,10677557,10673556,106764,5,0,0,0,0,1382,548,2209719,1698462,15759481,39505774,6202166,34968,70092132062,104547626,6186946,869689,1,0,0,0,0,15568,6423.432682425489,0,100000,151.95949,124,17503,192,320,100000
99,extend,1000,true,uniform,EXTEND,7914287,503792983,344562788,342039735,3025836,990848,2969572,0,0,0,1382,548,2209719,1701762,15789557,39584404,6202166,34968,70291827805,104750347,6203655,869689,0,0,0,0,1,7069,1414.6272457207526,0,10000,676.789,451,29471,1039,1594,10000
99,run,1000,true,uniform,READ,8318011,509166950,350186724,347661778,3025838,990859,2969574,0,0,0,1382,548,2209719,1709880,15838994,39955378,6202166,34968,70297395143,104819709,6206154,869689,1,0,0,0,0,18436,5424.170101974398,0,100000,180.56109,133,18351,230,395,100000
99,reference,1000,true,uniform,READ,25908,29928310,10291328,10023252,1119,1,0,0,0,0,1382,548,2209719,1709891,15838994,39955843,6202166,34968,70297395143,104819709,6206154,869689,1,0,0,0,0,2711,36886.75765400221,0,100000,23.64882,16,10087,51,96,100000
99,clean-run,1000,true,uniform,READ,13336,4560456,5623758,5621800,56264,1,0,0,0,0,1382,549,2211498,1710018,15847993,39982921,6202176,35081,70410161257,104945596,6207090,881774,1,0,0,0,0,16735,5975.500448162534,0,100000,163.46473,125,17023,207,338,100000
99,avg-run,1000,true,uniform,READ,28624,9095632,11727207,11723206,117264,5,0,0,0,0,1382,549,2211498,1710027,15864364,39998268,6202176,35081,70518532827,105068794,6207092,881774,1,0,0,0,0,15849,6309.546343617894,0,100000,155.08903,127,18335,196,344,100000
100,extend,1000,true,uniform,EXTEND,8406147,510078830,350900495,348351467,3081793,1000859,3025032,0,0,0,1382,549,2211498,1713484,15910158,40074618,6202176,35081,70715866151,105273027,6223415,881774,0,0,0,0,1,7173,1394.1168269901018,0,10000,685.7987,451,29951,1082,1657,10000
100,run,1000,true,uniform,READ,8795392,515498543,356574747,354023777,3081795,1000870,3025034,0,0,0,1382,549,2211498,1718865,15953980,40434378,6202176,35081,70720171344,105336050,6224121,881774,1,0,0,0,0,24177,4136.162468461761,0,100000,236.66133,137,22127,429,585,100000
100,reference,1000,true,uniform,READ,26280,30230473,10395465,10124496,1119,1,0,0,0,0,1382,549,2211498,1718869,15953980,40434944,6202176,35081,70720171344,105336050,6224121,881774,1,0,0,0,0,3276,30525.030525030525,0,100000,29.22729,17,10519,59,114,100000
100,clean-run,1000,true,uniform,READ,13526,4570705,5673536,5671578,56761,1,0,0,0,0,1382,550,2212557,1718990,15963140,40461817,6202183,35086,70834015132,105463121,6225057,893755,1,0,0,0,0,16956,5897.617362585515,0,100000,166.15634,126,17535,208,358,100000
100,avg-run,1000,true,uniform,READ,28814,9105881,11776985,11772984,117761,5,0,0,0,0,1382,550,2212557,1718996,15979519,40477164,6202183,35086,70943386702,105586319,6225059,893755,1,0,0,0,0,17253,5796.093433026141,0,100000,168.88826,128,21711,248,392,100000
