Epoch,Phase,Recordcount,Readallfields,Requestdist,Operation,blks_read,blks_hit,tup_returned,tup_fetched,tup_inserted,tup_updated,tup_deleted,deadlocks,temp_files,temp_bytes,checkpoints_timed,checkpoints_req,buffers_checkpoint,buffers_clean,buffers_backend,buffers_alloc,checkpoint_write_time,checkpoint_sync_time,wal_bytes,wal_records,wal_fpi,wal_buffers_full,Readprop,Updateprop,Scanprop,Insertprop,Extendprop,Runtime(ms),Throughput(ops/sec),RETURN=ERROR,Operations,AverageLatency(us),MinLatency(us),MaxLatency(us),95thPercentileLatency(us),99thPercentileLatency(us),Return=OK
0,load,1000,true,zipfian,INSERT,153,5295,1084,997,1046,1,0,0,0,0,1402,592,2529377,1768332,16283899,40809174,6480694,35491,74716803316,111316775,6508344,963357,0,0,0,1,0,853,1172.3329425556858,0,1000,504.048,260,7891,886,1251,1000
1,extend,1000,true,zipfian,EXTEND,921,146767,39443,36049,3019,10001,1281,0,0,0,1402,592,2529377,1768332,16283899,40810131,6480694,35491,74728036591,111357364,6508351,963357,0,0,0,0,1,4333,2307.8698361412416,0,10000,401.3965,262,31727,713,999,10000
1,run,1000,true,zipfian,READ,921,1008441,392905,387064,3019,10001,1281,0,0,0,1402,592,2529377,1768332,16283899,40810131,6480694,35491,74728048217,111357550,6508351,963357,1,0,0,0,0,3775,26490.066225165563,0,100000,34.05232,17,10983,86,172,100000
1,reference,1000,true,zipfian,READ,168,306699,103415,101453,1119,1,0,0,0,0,1402,592,2529377,1768332,16283899,40810146,6480694,35491,74728167022,111357700,6508351,963357,1,0,0,0,0,2983,33523.29869259135,0,100000,26.33848,17,9439,52,108,100000
1,clean-run,1000,true,zipfian,READ,300,845883,349735,348648,1633,1,0,0,0,0,1402,593,2531404,1768332,16285291,40811403,6480705,35501,74734714576,111360546,6509287,963375,1,0,0,0,0,3415,29282.576866764277,0,100000,30.68716,17,9831,80,137,100000
1,avg-run,1000,true,zipfian,READ,597,1456433,553097,549967,3633,5,0,0,0,0,1402,593,2531404,1768332,16285291,40811700,6480705,35501,74737110785,111365581,6509289,963375,1,0,0,0,0,3040,32894.73684210526,0,100000,26.92634,19,9511,54,106,100000
2,extend,1000,true,zipfian,EXTEND,2064,1236938,489646,458210,8915,20001,5474,0,0,0,1402,593,2531404,1768332,16285291,40812871,6480705,35501,74755578891,111417129,6510093,963375,0,0,0,0,1,4257,2349.072116513977,0,10000,397.6262,263,28815,703,972,10000
2,run,1000,true,zipfian,READ,2064,2629459,1148720,1115035,8915,20001,5474,0,0,0,1402,593,2531404,1768332,16285291,40812872,6480705,35501,74755594857,111417384,6510093,963375,1,0,0,0,0,4276,23386.342376052384,0,100000,39.18024,18,14455,123,180,100000
2,reference,1000,true,zipfian,READ,168,609161,206668,202683,1119,1,0,0,0,0,1402,593,2531404,1768332,16285291,40812872,6480705,35501,74755594857,111417384,6510093,963375,1,0,0,0,0,2605,38387.71593090211,0,100000,22.52762,17,10231,44,86,100000
2,clean-run,1000,true,zipfian,READ,441,1369958,647524,646437,3279,1,0,0,0,0,1402,594,2533366,1768332,16287379,40814234,6480715,35506,74763383993,111423531,6511028,963392,1,0,0,0,0,4074,24545.900834560627,0,100000,37.10554,18,13863,114,166,100000
2,avg-run,1000,true,zipfian,READ,924,2909328,1156111,1152110,8452,5,0,0,0,0,1402,594,2533366,1768332,16287379,40814717,6480715,35506,74767571499,111435092,6511031,963392,1,0,0,0,0,3450,28985.507246376812,0,100000,31.00897,23,10023,60,122,100000
3,extend,1000,true,zipfian,EXTEND,3665,2928594,1276067,1216755,17232,30001,12291,0,0,0,1402,594,2533366,1768332,16287379,40816318,6480715,35506,74791751567,111495063,6512387,963392,0,0,0,0,1,4391,2277.385561375541,0,10000,411.4599,267,29183,740,1034,10000
3,run,1000,true,zipfian,READ,3665,4746164,2188162,2126584,17232,30001,12291,0,0,0,1402,594,2533366,1768332,16287379,40816318,6480715,35506,74791769251,111495344,6512387,963392,1,0,0,0,0,4802,20824.656393169513,0,100000,44.33745,19,17615,137,206,100000
3,reference,1000,true,zipfian,READ,168,911623,309921,303913,1119,1,0,0,0,0,1402,594,2533366,1768332,16287379,40816318,6480715,35506,74791769251,111495344,6512387,963392,1,0,0,0,0,2542,39339.10306845004,0,100000,22.05862,16,9815,45,79,100000
3,clean-run,1000,true,zipfian,READ,581,1786041,900674,899587,4708,1,0,0,0,0,1402,595,2536331,1768332,16290223,40817820,6480728,35510,74800770541,111504352,6513322,963466,1,0,0,0,0,4550,21978.021978021978,0,100000,42.13582,19,9791,132,200,100000
3,avg-run,1000,true,zipfian,READ,1249,3942237,1611311,1607310,11931,5,0,0,0,0,1402,595,2536331,1768332,16290223,40818434,6480728,35510,74806370040,111520187,6513325,963466,1,0,0,0,0,3754,26638.252530633992,0,100000,33.87637,26,10807,62,120,100000
4,extend,1000,true,zipfian,EXTEND,5760,5103315,2341626,2254138,27470,40001,21383,0,0,0,1402,595,2536331,1768332,16290223,40820583,6480728,35510,74836582329,111586908,6515135,963466,0,0,0,0,1,4555,2195.389681668496,0,10000,428.0374,270,28047,793,1234,10000
4,run,1000,true,zipfian,READ,5760,7232438,3481480,3391683,27470,40001,21383,0,0,0,1402,595,2536331,1768332,16290223,40820583,6480728,35510,74836598093,111587159,6515135,963466,1,0,0,0,0,5200,19230.76923076923,0,100000,48.51059,21,10135,150,234,100000
4,reference,1000,true,zipfian,READ,168,1214085,413174,405143,1119,1,0,0,0,0,1402,595,2536331,1768332,16290223,40820583,6480728,35510,74836598093,111587159,6515135,963466,1,0,0,0,0,2596,38520.80123266564,0,100000,22.43408,16,9607,44,83,100000
4,clean-run,1000,true,zipfian,READ,782,2113191,1125811,1123853,6098,1,0,0,0,0,1402,596,2540244,1768332,16293886,40822287,6480747,35513,74847291203,111599427,6516071,963684,1,0,0,0,0,4981,20076.28990162618,0,100000,46.37577,20,9391,137,233,100000
4,avg-run,1000,true,zipfian,READ,1532,4555102,1930196,1926195,14098,5,0,0,0,0,1402,596,2540244,1768332,16293886,40823037,6480747,35513,74853570416,111616481,6516073,963684,1,0,0,0,0,3940,25380.710659898476,0,100000,35.65829,27,10791,66,125,100000
5,extend,1000,true,zipfian,EXTEND,7268,7669093,3663325,3546868,39598,50012,32448,0,0,0,1402,596,2540244,1768332,16293886,40824545,6480747,35513,74890423878,111705726,6521835,963684,0,0,0,0,1,4625,2162.162162162162,0,10000,434.4629,274,28783,783,1156,10000
5,run,1000,true,zipfian,READ,7268,10032095,4999336,4881629,39598,50012,32448,0,0,0,1402,596,2540244,1768332,16293886,40824545,6480747,35513,74890439374,111705974,6521835,963684,1,0,0,0,0,5590,17889.08765652952,0,100000,52.44919,23,11183,156,256,100000
5,reference,1000,true,zipfian,READ,168,1516620,517311,506387,1119,1,0,0,0,0,1402,596,2540244,1768332,16293886,40824545,6480747,35513,74890439374,111705974,6521835,963684,1,0,0,0,0,2627,38066.23524933384,0,100000,22.82747,17,10503,49,98,100000
5,clean-run,1000,true,zipfian,READ,923,2353706,1328109,1326151,7018,1,0,0,0,0,1402,597,2547524,1768332,16297246,40826389,6482279,35849,74902338508,111720216,6522771,964040,1,0,0,0,0,5361,18653.236336504382,0,100000,50.19145,22,10551,150,269,100000
5,avg-run,1000,true,zipfian,READ,1790,4795873,2132622,2128621,15018,5,0,0,0,0,1402,597,2547524,1768332,16297246,40827256,6482279,35849,74909617775,111737271,6522773,964040,1,0,0,0,0,4146,24119.6333815726,0,100000,38.01697,28,10943,70,145,100000
6,extend,1000,true,zipfian,EXTEND,7307,10475300,5204309,5061639,53819,60012,45932,0,0,0,1402,597,2547524,1768332,16297246,40827295,6482279,35849,74949873324,111816267,6525989,964040,0,0,0,0,1,19695,507.74308200050774,0,10000,1930.5292,279,151551,11167,15663,10000
6,run,1000,true,zipfian,READ,7307,13080105,6743590,6599663,53819,60012,45932,0,0,0,1402,597,2547524,1768332,16297246,40827295,6482279,35849,74949887624,111816495,6525989,964040,1,0,0,0,0,6114,16355.904481517828,0,100000,57.70497,25,10967,167,301,100000
6,reference,1000,true,zipfian,READ,168,1819082,620564,607617,1119,1,0,0,0,0,1402,597,2547524,1768332,16297246,40827370,6482279,35849,74952364660,111834773,6527091,964040,1,0,0,0,0,2646,37792.894935752076,0,100000,22.99098,17,10159,49,88,100000
6,clean-run,1000,true,zipfian,READ,990,2553717,1528682,1527595,7475,1,0,0,0,0,1402,598,2553981,1768332,16299469,40829281,6482313,35854,74964780943,111849362,6528027,964496,1,0,0,0,0,5755,17376.19461337967,0,100000,54.22108,24,11183,161,309,100000
6,avg-run,1000,true,zipfian,READ,2045,5327720,2441469,2437468,16848,5,0,0,0,0,1402,598,2553981,1768332,16299469,40830336,6482313,35854,74974020138,111869896,6528030,964496,1,0,0,0,0,4302,23245.002324500234,0,100000,39.57061,30,11623,72,143,100000
7,extend,1000,true,zipfian,EXTEND,7425,13595360,6977098,6807666,70123,70023,61636,0,0,0,1402,598,2553981,1768332,16299469,40830378,6482313,35854,75014787882,111953876,6531290,964496,0,0,0,0,1,4760,2100.840336134454,0,10000,448.1497,279,26991,862,1351,10000
7,run,1000,true,zipfian,READ,7425,16324821,8675991,8505324,70123,70023,61636,0,0,0,1402,598,2553981,1768332,16299469,40830379,6482313,35854,75014804618,111954143,6531290,964496,1,0,0,0,0,6597,15158.405335758678,0,100000,62.49355,26,13287,184,393,100000
7,reference,1000,true,zipfian,READ,168,2121617,724701,708861,1119,1,0,0,0,0,1402,598,2553981,1768332,16299469,40830379,6482313,35854,75014804618,111954143,6531290,964496,1,0,0,0,0,2702,37009.622501850485,0,100000,23.44541,16,22991,48,89,100000
7,clean-run,1000,true,zipfian,READ,1203,2710564,1700186,1698228,8381,1,0,0,0,0,1402,599,2559222,1768332,16301876,40832503,6482340,35856,75029043214,111971424,6532226,965102,1,0,0,0,0,6350,15748.031496062993,0,100000,60.15701,24,12071,200,408,100000
7,avg-run,1000,true,zipfian,READ,2377,5458385,2604951,2600950,17381,5,0,0,0,0,1402,599,2559222,1768332,16301876,40833677,6482340,35856,75038466995,111990480,6532228,965102,1,0,0,0,0,4407,22691.17313365101,0,100000,40.59295,30,10511,76,147,100000
8,extend,1000,true,zipfian,EXTEND,9785,16814979,8916160,8720826,87314,80023,78297,0,0,0,1402,599,2559222,1768332,16301876,40836037,6482340,35856,75094400632,112079669,6536046,965102,0,0,0,0,1,4895,2042.9009193054137,0,10000,460.6994,275,26159,889,1479,10000
8,run,1000,true,zipfian,READ,9785,19628897,10814010,10617473,87314,80023,78297,0,0,0,1402,599,2559222,1768332,16301876,40836037,6482340,35856,75094424002,112080039,6536046,965102,1,0,0,0,0,7137,14011.489421325487,0,100000,67.8638,26,22079,207,428,100000
8,reference,1000,true,zipfian,READ,168,2424079,827954,810091,1119,1,0,0,0,0,1402,599,2559222,1768332,16301876,40836037,6482340,35856,75094424002,112080039,6536046,965102,1,0,0,0,0,2646,37792.894935752076,0,100000,23.02354,16,10679,46,98,100000
8,clean-run,1000,true,zipfian,READ,1336,2847624,1888660,1886702,8909,1,0,0,0,0,1402,600,2566209,1768332,16306932,40838294,6482369,35865,75109781420,112098526,6536982,965553,1,0,0,0,0,6555,15255.530129672006,0,100000,62.283,26,13799,207,396,100000
8,avg-run,1000,true,zipfian,READ,2621,5595677,2793493,2789492,17909,5,0,0,0,0,1402,600,2566209,1768332,16306932,40839579,6482369,35865,75120205143,112117581,6536984,965553,1,0,0,0,0,4472,22361.359570661898,0,100000,41.28596,30,15295,77,123,100000
9,extend,1000,true,zipfian,EXTEND,13859,20145133,11084942,10863902,107250,90023,97757,0,0,0,1402,600,2566209,1769074,16306932,40843653,6482369,35865,75177592483,112214007,6540506,965553,0,0,0,0,1,5042,1983.3399444664815,0,10000,476.3655,284,25599,962,1510,10000
9,run,1000,true,zipfian,READ,13886,23167199,13161067,12937963,107610,90034,98051,0,0,0,1402,600,2566209,1770271,16314100,40843690,6482369,35865,75182573242,112251850,6545695,965553,1,0,0,0,0,7225,13840.83044982699,0,100000,68.58202,27,16159,211,459,100000
9,reference,1000,true,zipfian,READ,176,2726533,931207,911321,1119,1,0,0,0,0,1402,600,2566209,1770487,16314100,40843698,6482369,35865,75182573242,112251850,6545695,965553,1,0,0,0,0,2670,37453.183520599254,0,100000,23.25726,16,9871,48,94,100000
9,clean-run,1000,true,zipfian,READ,1503,2981898,2071350,2069392,9427,1,0,0,0,0,1402,601,2579420,1771004,16314114,40846904,6482462,35869,75199043930,112271519,6546631,966064,1,0,0,0,0,7253,13787.398317937404,0,100000,69.15353,25,9983,248,487,100000
9,avg-run,1000,true,zipfian,READ,3036,6035316,3076247,3072246,19427,5,0,0,0,0,1402,601,2579420,1771013,16314114,40848439,6482462,35869,75210616889,112292577,6546633,966064,1,0,0,0,0,4588,21795.989537925023,0,100000,42.44572,32,11311,77,130,100000
10,extend,1000,true,zipfian,EXTEND,16277,23702613,13444805,13196423,128516,100034,118544,0,0,0,1402,601,2579420,1771013,16314114,40850819,6482462,35869,75264251775,112390770,6550764,966064,0,0,0,0,1,5056,1977.8481012658228,0,10000,477.9511,282,28463,972,1505,10000
10,run,1000,true,zipfian,READ,16279,26775451,15672247,15422679,128516,100034,118544,0,0,0,1402,601,2579420,1771013,16314114,40850854,6482462,35869,75264267873,112391026,6550764,966064,1,0,0,0,0,7880,12690.355329949238,0,100000,75.17548,28,13895,225,506,100000
10,reference,1000,true,zipfian,READ,203,3029041,1035344,1012565,1119,1,0,0,0,0,1402,601,2579420,1771013,16314114,40850869,6482462,35869,75264267873,112391026,6550764,966064,1,0,0,0,0,2595,38535.64547206166,0,100000,22.51994,17,24367,45,82,100000
10,clean-run,1000,true,zipfian,READ,1605,3065897,2219850,2217892,9875,1,0,0,0,0,1402,602,2587150,1771070,16317713,40854298,6482500,35873,75281843633,112411723,6551700,966998,1,0,0,0,0,7476,13376.136971642589,0,100000,71.39842,26,15567,234,538,100000
10,avg-run,1000,true,zipfian,READ,3096,6119369,3224811,3220810,19875,5,0,0,0,0,1402,602,2587150,1771070,16317713,40855790,6482500,35873,75294416704,112432783,6551702,966998,1,0,0,0,0,4632,21588.946459412782,0,100000,42.94806,33,11511,77,142,100000
11,extend,1000,true,zipfian,EXTEND,20296,27331988,15977822,15703887,151410,110034,141003,0,0,0,1402,602,2587150,1771698,16317713,40859609,6482500,35873,75363073489,112537572,6556455,966998,0,0,0,0,1,5117,1954.2700801250733,0,10000,481.3799,281,29375,1017,1609,10000
11,run,1000,true,zipfian,READ,20296,30567963,18393757,18118624,151410,110034,141003,0,0,0,1402,602,2587150,1771698,16317713,40859637,6482500,35873,75363089241,112537823,6556455,966998,1,0,0,0,0,8452,11831.519167061051,0,100000,81.03819,29,13855,257,586,100000
11,reference,1000,true,zipfian,READ,231,3331475,1138597,1113795,1119,1,0,0,0,0,1402,602,2587150,1771698,16317713,40859637,6482500,35873,75363089241,112537823,6556455,966998,1,0,0,0,0,2622,38138.82532418001,0,100000,22.71233,16,9495,48,96,100000
11,clean-run,1000,true,zipfian,READ,1801,3159787,2387614,2385656,10345,1,0,0,0,0,1402,603,2596129,1771933,16321191,40863233,6482544,35881,75381771296,112559618,6557391,968137,1,0,0,0,0,8104,12339.585389930899,0,100000,77.71517,28,11647,270,608,100000
11,avg-run,1000,true,zipfian,READ,3611,6213727,3392639,3388638,20345,5,0,0,0,0,1402,603,2596129,1771933,16321191,40865173,6482544,35881,75410216808,112617625,6569851,968137,1,0,0,0,0,4910,20366.598778004074,0,100000,45.59968,33,15623,81,141,100000
12,extend,1000,true,zipfian,EXTEND,20732,31201794,18722088,18421937,176300,120045,165442,0,0,0,1402,603,2596129,1772445,16321191,40865213,6482544,35881,75463397464,112726619,6570150,968137,0,0,0,0,1,5163,1936.858415649816,0,10000,487.5363,288,27567,1073,1720,10000
12,run,1000,true,zipfian,READ,20734,34469717,21291658,20990318,176300,120045,165442,0,0,0,1402,603,2596129,1772561,16321191,40865224,6482544,35881,75463414534,112726893,6570150,968137,1,0,0,0,0,8686,11512.779184895233,0,100000,83.30124,31,14807,276,615,100000
12,reference,1000,true,zipfian,READ,252,3633989,1242734,1215039,1119,1,0,0,0,0,1402,603,2596129,1772562,16321191,40865264,6482544,35881,75463414534,112726893,6570150,968137,1,0,0,0,0,2618,38197.09702062643,0,100000,22.81438,16,11231,45,80,100000
12,clean-run,1000,true,zipfian,READ,1935,3234841,2590301,2588343,10783,1,0,0,0,0,1402,604,2608908,1772886,16325629,40869223,6482634,35884,75483194740,112749685,6571086,969309,1,0,0,0,0,8169,12241.400416207614,0,100000,78.43478,29,11975,287,611,100000
12,avg-run,1000,true,zipfian,READ,3731,6288795,3595386,3591385,20783,5,0,0,0,0,1402,604,2608908,1772886,16325629,40871019,6482634,35884,75497767757,112770744,6571088,969309,1,0,0,0,0,4672,21404.109589041094,0,100000,43.16234,34,11391,67,132,100000
13,extend,1000,true,zipfian,EXTEND,23219,35123731,21632548,21306970,202428,130045,191093,0,0,0,1402,604,2608908,1772913,16325629,40873243,6482634,35884,75577245770,112885996,6576512,969309,0,0,0,0,1,5073,1971.2201852946973,0,10000,480.1685,288,29327,1098,1680,10000
13,run,1000,true,zipfian,READ,23997,39279331,24400501,24073768,202428,130045,191093,0,0,0,1402,604,2608908,1772944,16325629,40874061,6482634,35884,75577273472,112886439,6576512,969309,1,0,0,0,0,9497,10529.640939243971,0,100000,91.63377,33,13743,377,660,100000
13,reference,1000,true,zipfian,READ,540,3936163,1345987,1316269,1119,1,0,0,0,0,1402,604,2608908,1772944,16325629,40874325,6482634,35884,75577273522,112886440,6576512,969309,1,0,0,0,0,2543,39323.63350373574,0,100000,22.0948,16,9415,43,75,100000
13,clean-run,1000,true,zipfian,READ,2013,3332578,2722787,2720749,11263,17,0,0,0,0,1402,605,2618985,1773660,16331745,40878466,6482678,35892,75598154191,112910366,6577448,970439,1,0,0,0,0,8829,11326.311020500623,0,100000,85.06963,29,12703,375,672,100000
13,avg-run,1000,true,zipfian,READ,4056,6387181,3727902,3723821,21263,21,0,0,0,0,1402,605,2618985,1773665,16331745,40880647,6482678,35892,75613727200,112931425,6577450,970439,1,0,0,0,0,4706,21249.46876328092,0,100000,43.79139,34,11607,59,133,100000
14,extend,1000,true,zipfian,EXTEND,37628,40016990,24761853,24410198,230392,140056,218543,0,0,0,1402,605,2618985,1775247,16346542,40885452,6482678,35892,75692985836,113087966,6591850,970439,0,0,0,0,1,5374,1860.8113137327875,0,10000,507.0776,284,31375,1186,1794,10000
14,run,1000,true,zipfian,READ,38476,44316923,27691682,27338859,230392,140056,218543,0,0,0,1402,605,2618985,1776306,16346542,40886300,6482678,35892,75693004708,113088266,6591850,970439,1,0,0,0,0,9687,10323.113451016827,0,100000,93.48622,32,16319,385,710,100000
14,reference,1000,true,zipfian,READ,649,4238589,1450124,1417513,1119,1,0,0,0,0,1402,605,2618985,1776353,16346542,40886342,6482678,35892,75693004758,113088267,6591850,970439,1,0,0,0,0,2553,39169.60438699569,0,100000,22.13775,16,10167,46,81,100000
14,clean-run,1000,true,zipfian,READ,2201,3384820,2903157,2901199,11770,1,0,0,0,0,1402,606,2630700,1776725,16348441,40890684,6482736,35917,75714963970,113113328,6592786,971401,1,0,0,0,0,8848,11301.989150090416,0,100000,85.29726,30,14335,358,702,100000
14,avg-run,1000,true,zipfian,READ,4321,6439496,3908290,3904289,21770,5,0,0,0,0,1402,606,2630700,1776729,16348441,40892834,6482736,35917,75731536929,113134386,6592788,971401,1,0,0,0,0,4766,20981.9555182543,0,100000,44.39691,35,11327,75,122,100000
15,extend,1000,true,zipfian,EXTEND,44464,45036365,28081577,27704577,260937,150056,248568,0,0,0,1402,606,2630700,1776767,16348441,40898521,6482736,35917,75821310651,113262449,6599272,971401,0,0,0,0,1,5401,1851.508979818552,0,10000,512.9325,291,27151,1233,1979,10000
15,run,1000,true,zipfian,READ,45336,49453884,31225322,30847152,260937,150056,248568,0,0,0,1402,606,2630700,1776799,16348441,40899417,6482736,35917,75821329633,113262751,6599272,971401,1,0,0,0,0,10176,9827.044025157233,0,100000,98.39602,34,19631,362,755,100000
15,reference,1000,true,zipfian,READ,965,4540735,1553377,1518743,1119,1,0,0,0,0,1402,606,2630700,1777639,16348441,40899680,6482736,35917,75821329633,113262751,6599272,971401,1,0,0,0,0,2592,38580.246913580246,0,100000,22.51973,17,10967,45,77,100000
15,clean-run,1000,true,zipfian,READ,2296,3471589,3088903,3086945,12324,1,0,0,0,0,1402,607,2642148,1778388,16353456,40904227,6482790,35920,75844403826,113289049,6600209,973065,1,0,0,0,0,9478,10550.749103186326,0,100000,91.33551,31,21343,350,751,100000
15,avg-run,1000,true,zipfian,READ,4845,6527184,4094080,4090079,22324,5,0,0,0,0,1402,607,2642148,1778389,16353456,40907023,6482790,35920,75861976839,113310108,6600211,973065,1,0,0,0,0,4982,20072.260136491368,0,100000,46.34711,35,12327,71,129,100000
16,extend,1000,true,zipfian,EXTEND,67566,50220561,31627996,31224958,292612,160067,279689,0,0,0,1402,607,2642148,1780407,16375977,40913305,6482790,35920,75951032434,113484362,6616944,973065,0,0,0,0,1,5459,1831.8373328448433,0,10000,518.4231,294,30479,1221,2077,10000
16,run,1000,true,zipfian,READ,68613,54674238,34882701,34478512,292612,160067,279689,0,0,0,1402,607,2642148,1782839,16375977,40914412,6482790,35920,75951050752,113484654,6616944,973065,1,0,0,0,0,10355,9657.170449058425,0,100000,100.2453,35,13783,397,807,100000
16,reference,1000,true,zipfian,READ,1313,4842922,1657514,1619987,1119,1,0,0,0,0,1402,607,2642148,1783132,16375977,40914684,6482790,35920,75951050752,113484654,6616944,973065,1,0,0,0,0,2573,38865.1379712398,0,100000,22.36233,17,10039,42,83,100000
16,clean-run,1000,true,zipfian,READ,2432,3560986,3304648,3302690,12860,1,0,0,0,0,1402,608,2654642,1783673,16380132,40919335,6482849,35989,75975204138,113512188,6617880,974385,1,0,0,0,0,9841,10161.568946245301,0,100000,95.16009,31,13815,415,799,100000
16,avg-run,1000,true,zipfian,READ,5004,6616574,4309841,4305840,22860,5,0,0,0,0,1402,608,2654642,1783686,16380132,40921907,6482849,35989,75993777097,113533246,6617882,974385,1,0,0,0,0,5255,19029.495718363465,0,100000,49.31159,38,12359,70,140,100000
17,extend,1000,true,zipfian,EXTEND,76154,55422105,35311404,34883183,326648,170067,313160,0,0,0,1402,608,2654642,1784017,16380132,40929049,6482849,35989,76092614173,113671675,6624673,974385,0,0,0,0,1,5906,1693.1933626820182,0,10000,559.9792,290,26415,1407,2269,10000
17,run,1000,true,zipfian,READ,77324,60083817,38783174,38353804,326648,170067,313160,0,0,0,1402,608,2654642,1787195,16386940,40930315,6482849,35989,76092632059,113671960,6624673,974385,1,0,0,0,0,14321,6982.752601075344,0,100000,139.39841,36,21855,568,1233,100000
17,reference,1000,true,zipfian,READ,1649,5145048,1760767,1721217,1119,1,0,0,0,0,1402,608,2654642,1787566,16392156,40930774,6482849,35989,76092632113,113671961,6624673,974385,1,0,0,0,0,3998,25012.506253126565,0,100000,36.00619,17,10871,69,135,100000
17,clean-run,1000,true,zipfian,READ,2654,3625631,3496849,3494891,13446,1,0,0,0,0,1402,609,2668475,1787759,16394298,40935645,6482942,36016,76125663497,113755406,6635597,974385,1,0,0,0,0,14942,6692.544505420961,0,100000,145.22249,35,15575,630,1352,100000
17,avg-run,1000,true,zipfian,READ,5231,6681208,4502086,4498085,23446,5,0,0,0,0,1402,609,2668475,1787769,16402330,40938226,6482942,36016,76145236536,113776466,6635599,974385,1,0,0,0,0,7334,13635.124079629124,0,100000,68.95651,39,25695,124,204,100000
18,extend,1000,true,zipfian,EXTEND,96150,60910307,39240715,38786595,363396,180078,349257,0,0,0,1402,609,2668475,1788578,16402330,40944498,6482942,36016,76237883663,113920993,6641008,974385,0,0,0,0,1,6587,1518.141794443601,0,10000,618.969,305,26767,1576,2811,10000
18,run,1000,true,zipfian,READ,97350,65597809,42973082,42517825,363396,180078,349257,0,0,0,1402,609,2668475,1792088,16402330,40945741,6482942,36016,76237903069,113921304,6641008,974385,1,0,0,0,0,15026,6655.13110608279,0,100000,145.52541,37,24063,594,1154,100000
18,reference,1000,true,zipfian,READ,1994,5447238,1864904,1822461,1119,1,0,0,0,0,1402,609,2668475,1792594,16402330,40946037,6482942,36016,76237903069,113921304,6641008,974385,1,0,0,0,0,3466,28851.702250432776,0,100000,30.83192,17,10535,61,120,100000
18,clean-run,1000,true,zipfian,READ,2724,3668140,3656015,3654057,14078,1,0,0,0,0,1402,610,2678764,1793111,16403956,40950935,6482992,36020,76264260778,113951540,6641944,976284,1,0,0,0,0,13055,7659.900421294523,0,100000,126.84296,35,18719,553,1148,100000
18,avg-run,1000,true,zipfian,READ,5327,7028775,4761272,4757271,25078,5,0,0,0,0,1402,610,2678764,1793140,16411651,40953702,6482992,36020,76303317466,114010945,6654183,976284,1,0,0,0,0,5881,17003.910899506885,0,100000,55.25455,41,12599,98,165,100000
19,extend,1000,true,zipfian,EXTEND,112472,66421429,43430450,42950472,400116,190089,385312,0,0,0,1402,610,2678764,1795175,16411651,40958737,6482992,36020,76384161724,114155838,6655228,976284,0,0,0,0,1,5901,1694.628029147602,0,10000,560.4717,296,27135,1254,2505,10000
19,run,1000,true,zipfian,READ,113597,71094566,47296819,46815701,400116,190089,385312,0,0,0,1402,610,2678764,1797763,16416907,40959916,6482992,36020,76384179990,114156130,6655228,976284,1,0,0,0,0,12222,8181.966944853542,0,100000,118.26463,37,21087,408,802,100000
19,reference,1000,true,zipfian,READ,2315,5749452,1969041,1923705,1119,1,0,0,0,0,1402,610,2678764,1797791,16416907,40960159,6482992,36020,76384179990,114156130,6655228,976284,1,0,0,0,0,3438,29086.678301337986,0,100000,30.82313,17,10607,58,112,100000
19,clean-run,1000,true,zipfian,READ,2899,3729402,3821495,3819537,14741,1,0,0,0,0,1402,611,2691119,1797966,16416908,40965308,6483051,36025,76411611309,114187855,6656164,978304,1,0,0,0,0,13309,7513.71252535878,0,100000,129.38535,35,15359,530,1204,100000
19,avg-run,1000,true,zipfian,READ,6403,7121876,5926688,5922687,35741,5,0,0,0,0,1402,611,2691119,1797966,16416908,40968823,6483051,36025,76434660043,114230944,6656166,978304,1,0,0,0,0,6786,14736.221632773357,0,100000,63.90528,42,15279,112,189,100000
20,extend,1000,true,zipfian,EXTEND,123111,71872037,47783313,47278271,439142,200089,423715,0,0,0,1402,611,2691119,1799193,16424520,40977906,6483051,36025,76543315650,114382951,6661535,978304,0,0,0,0,1,6214,1609.26939169617,0,10000,589.8877,303,29247,1326,2379,10000
20,run,1000,true,zipfian,READ,138163,76615001,51845186,51338141,439514,200100,424165,0,0,0,1402,611,2691119,1802190,16437847,40979534,6483051,36025,76552107839,114445678,6669289,978304,1,0,0,0,0,13353,7488.953793155096,0,100000,129.485,36,21551,498,1142,100000
20,reference,1000,true,zipfian,READ,2661,6051641,2073178,2024949,1119,1,0,0,0,0,1402,611,2691119,1802682,16437847,40979773,6483051,36025,76552107889,114445679,6669289,978304,1,0,0,0,0,2697,37078.23507601038,0,100000,23.54566,16,13159,47,89,100000
20,clean-run,1000,true,zipfian,READ,2986,3789450,4015178,4013140,15325,1,0,0,0,0,1402,612,2705733,1803123,16441726,40986005,6483121,36060,76580508068,114478712,6670226,980601,1,0,0,0,0,12276,8145.9758879113715,0,100000,119.35515,35,16831,489,1137,100000
20,avg-run,1000,true,zipfian,READ,6477,7181807,6120117,6116036,36325,5,0,0,0,0,1402,612,2705733,1803138,16441726,40989523,6483121,36060,76604556832,114521802,6670228,980601,1,0,0,0,0,6107,16374.652038644179,0,100000,57.53866,42,12679,99,161,100000
21,extend,1000,true,zipfian,EXTEND,147530,77410214,52343887,51812046,479866,210100,463839,0,0,0,1402,612,2705733,1804066,16449161,40997486,6483121,36060,76707851757,114678159,6676207,980601,0,0,0,0,1,5869,1703.8677798602828,0,10000,557.0983,298,26847,1284,2627,10000
21,run,1000,true,zipfian,READ,148843,82251480,56583717,56050765,479866,210100,463839,0,0,0,1402,612,2705733,1806725,16449161,40998896,6483121,36060,76707871587,114678479,6676207,980601,1,0,0,0,0,13602,7351.860020585208,0,100000,132.16456,38,20351,546,1197,100000
21,reference,1000,true,zipfian,READ,2997,6353767,2176431,2126179,1119,1,0,0,0,0,1402,612,2705733,1806818,16449161,40999167,6483121,36060,76707871587,114678479,6676207,980601,1,0,0,0,0,2741,36483.035388544326,0,100000,23.9539,17,9703,51,96,100000
21,clean-run,1000,true,zipfian,READ,3126,3861782,4249074,4247116,15909,1,0,0,0,0,1402,613,2716770,1807085,16451674,41004571,6483176,36066,76737168645,114712815,6677143,982749,1,0,0,0,0,12758,7838.219156607619,0,100000,124.20506,36,15671,528,1181,100000
21,avg-run,1000,true,zipfian,READ,6628,7254038,6353655,6349654,36909,5,0,0,0,0,1402,613,2716770,1807465,16467454,41008100,6483176,36066,76780782221,114795695,6690676,982749,1,0,0,0,0,6440,15527.950310559007,0,100000,60.73399,43,12927,110,171,100000
22,extend,1000,true,zipfian,EXTEND,172669,83122129,57115408,56557799,523170,220111,506594,0,0,0,1402,613,2716770,1810569,16467454,41015965,6483176,36066,76877887357,114960755,6692201,982749,0,0,0,0,1,6721,1487.8738282993602,0,10000,642.2511,297,26895,1665,3435,10000
22,run,1000,true,zipfian,READ,173932,87959341,61488796,60930066,523170,220111,506594,0,0,0,1402,613,2716770,1812509,16472205,41017354,6483176,36066,76877906055,114961053,6692201,982749,1,0,0,0,0,15753,6347.9972068812285,0,100000,153.5201,38,17791,621,1415,100000
22,reference,1000,true,zipfian,READ,3343,6655956,2280568,2227423,1119,1,0,0,0,0,1402,613,2716770,1812792,16472205,41017617,6483176,36066,76877906055,114961053,6692201,982749,1,0,0,0,0,2717,36805.2999631947,0,100000,23.74816,17,9551,48,97,100000
22,clean-run,1000,true,zipfian,READ,3221,3906261,4397496,4395538,16483,1,0,0,0,0,1402,614,2729453,1813340,16472206,41023525,6483236,36071,76908148047,114996694,6693137,984972,1,0,0,0,0,13491,7412.348973389667,0,100000,131.26959,36,20063,576,1262,100000
22,avg-run,1000,true,zipfian,READ,6699,7298479,6501797,6497796,37483,5,0,0,0,0,1402,614,2729453,1813355,16479857,41027164,6483236,36071,76934196781,115039783,6693139,984972,1,0,0,0,0,9252,10808.473843493299,0,100000,88.51285,51,11839,163,245,100000
23,extend,1000,true,zipfian,EXTEND,201690,88829801,62041957,61458603,568247,230122,551027,0,0,0,1402,614,2729453,1816385,16494414,41036865,6483236,36071,77055458359,115247557,6708616,984972,0,0,0,0,1,7139,1400.7564084605688,0,10000,681.1487,301,26559,1830,3457,10000
23,run,1000,true,zipfian,READ,202983,93844528,66671063,66086565,568247,230122,551027,0,0,0,1402,614,2729453,1817707,16494414,41038252,6483236,36071,77055479721,115247903,6708616,984972,1,0,0,0,0,17470,5724.098454493417,0,100000,170.04367,41,15431,717,1587,100000
23,reference,1000,true,zipfian,READ,3691,6958143,2384705,2328667,1119,1,0,0,0,0,1402,614,2729453,1817799,16494414,41038495,6483236,36071,77055479771,115247904,6708616,984972,1,0,0,0,0,3223,31026.993484331368,0,100000,27.96139,17,15447,58,121,100000
23,clean-run,1000,true,zipfian,READ,3312,3961613,4592910,4590955,16978,1,0,0,0,0,1402,615,2742961,1817946,16497477,41044601,6483300,36118,77086198293,115281636,6709551,987709,1,0,0,0,0,16408,6094.588005850805,0,100000,160.21978,39,14831,698,1632,100000
23,avg-run,1000,true,zipfian,READ,6823,7353362,6696272,6692274,37978,5,0,0,0,0,1402,615,2742961,1817946,16497477,41048130,6483300,36118,77113247083,115324727,6709553,987709,1,0,0,0,0,9902,10098.969905069684,0,100000,95.15287,58,11735,175,257,100000
24,extend,1000,true,zipfian,EXTEND,232207,94728599,67236558,66627481,614335,240133,596533,0,0,0,1402,615,2742961,1820495,16520177,41058156,6483300,36118,77243334865,115541237,6726233,987709,0,0,0,0,1,7184,1391.9821826280624,0,10000,684.5013,310,26687,1770,3429,10000
24,run,1000,true,zipfian,READ,233554,99858327,72013587,71403389,614335,240133,596533,0,0,0,1402,615,2742961,1822457,16525919,41059506,6483300,36118,77243356353,115541587,6726233,987709,1,0,0,0,0,16849,5935.070330583418,0,100000,163.61787,41,41887,697,1470,100000
24,reference,1000,true,zipfian,READ,4036,7260333,2488842,2429911,1119,1,0,0,0,0,1402,615,2742961,1822476,16525919,41059746,6483300,36118,77243356353,115541587,6726233,987709,1,0,0,0,0,2792,35816.61891117479,0,100000,24.4615,17,10031,49,96,100000
24,clean-run,1000,true,zipfian,READ,3513,4031680,4820751,4818793,17743,1,0,0,0,0,1402,616,2755921,1822594,16525920,41066681,6483362,36185,77275581938,115580042,6727169,990416,1,0,0,0,0,13856,7217.090069284065,0,100000,135.09395,36,18623,607,1275,100000
24,avg-run,1000,true,zipfian,READ,7023,7423752,6924648,6920647,38743,5,0,0,0,0,1402,616,2755921,1822594,16525920,41070210,6483362,36185,77303630618,115623130,6727171,990416,1,0,0,0,0,8229,12152.144853566655,0,100000,78.56891,57,15007,116,208,100000
25,extend,1000,true,zipfian,EXTEND,246939,100708918,72588862,71954913,661387,250133,642877,0,0,0,1402,616,2755921,1824278,16540519,41081882,6483362,36185,77437832406,115800891,6735166,990416,0,0,0,0,1,6346,1575.795776867318,0,10000,604.6239,305,26943,1390,2897,10000
25,run,1000,true,zipfian,READ,268327,105745451,77571091,76935168,661465,250144,643022,0,0,0,1402,616,2755921,1825928,16555604,41083575,6483362,36185,77445333130,115870973,6743084,990416,1,0,0,0,0,15483,6458.696635019053,0,100000,151.16136,39,16463,695,1378,100000
25,reference,1000,true,zipfian,READ,4381,7562523,2592979,2531155,1119,1,0,0,0,0,1402,616,2755921,1826417,16555604,41083818,6483362,36185,77445333130,115870973,6743084,990416,1,0,0,0,0,3222,31036.623215394164,0,100000,28.74421,17,11191,54,108,100000
25,clean-run,1000,true,zipfian,READ,3640,4057353,4938148,4936190,18420,1,0,0,0,0,1402,617,2770206,1826586,16561626,41090842,6483455,36234,77478596139,115910919,6744020,993290,1,0,0,0,0,14590,6854.009595613434,0,100000,142.3809,38,12671,629,1358,100000
25,avg-run,1000,true,zipfian,READ,7144,7449389,7041917,7037916,39420,5,0,0,0,0,1402,617,2770206,1826586,16561626,41094372,6483455,36234,77507644849,115954008,6744022,993290,1,0,0,0,0,8400,11904.761904761905,0,100000,80.08913,53,13959,146,224,100000
26,extend,1000,true,zipfian,EXTEND,280619,106614719,78183192,77522561,711704,260144,692637,0,0,0,1402,617,2770206,1828116,16569653,41105084,6483455,36234,77636047794,116140200,6750791,993290,0,0,0,0,1,6273,1594.1335883947074,0,10000,598.3394,308,27695,1489,2945,10000
26,run,1000,true,zipfian,READ,295079,111814520,83315283,82652667,711763,260155,692715,0,0,0,1402,617,2770206,1829424,16575706,41106656,6483455,36234,77639374584,116187516,6751522,993290,1,0,0,0,0,15639,6394.2707334228535,0,100000,152.75264,40,30319,648,1406,100000
26,reference,1000,true,zipfian,READ,4717,7864649,2696232,2632385,1119,1,0,0,0,0,1402,617,2770206,1829925,16575706,41106932,6483455,36234,77639374584,116187516,6751522,993290,1,0,0,0,0,2938,34036.75970047651,0,100000,25.85954,17,9815,54,116,100000
26,clean-run,1000,true,zipfian,READ,3808,4122992,5099899,5097941,19023,1,0,0,0,0,1402,618,2783919,1830167,16581792,41114089,6483518,36255,77673686574,116228824,6752458,996322,1,0,0,0,0,14260,7012.622720897616,0,100000,139.25181,38,12175,596,1358,100000
26,avg-run,1000,true,zipfian,READ,7614,7792910,7203592,7199591,40023,5,0,0,0,0,1402,618,2783919,1830167,16589775,41117921,6483518,36255,77703735284,116271913,6752460,996322,1,0,0,0,0,8171,12238.40411210378,0,100000,77.87769,57,11903,118,199,100000
27,extend,1000,true,zipfian,EXTEND,307388,112698883,83938370,83251054,762896,270155,743142,0,0,0,1402,618,2783919,1831894,16589775,41128803,6483518,36255,77835396729,116461211,6759452,996322,0,0,0,0,1,6394,1563.9662183296841,0,10000,609.6439,307,28767,1568,2941,10000
27,run,1000,true,zipfian,READ,308860,117863207,89284990,88596564,762896,270155,743142,0,0,0,1402,618,2783919,1832659,16595681,41130272,6483518,36255,77835417491,116461550,6759452,996322,1,0,0,0,0,16546,6043.756799226399,0,100000,161.88332,41,16927,816,1454,100000
27,reference,1000,true,zipfian,READ,5063,8166838,2800369,2733629,1119,1,0,0,0,0,1402,618,2783919,1832744,16595681,41130544,6483518,36255,77835417491,116461550,6759452,996322,1,0,0,0,0,2919,34258.3076396026,0,100000,25.53625,17,10943,53,102,100000
27,clean-run,1000,true,zipfian,READ,3960,4184865,5369081,5367123,19713,1,0,0,0,0,1402,619,2796849,1833359,16611575,41137973,6483610,36270,77891823507,116551246,6776580,997463,1,0,0,0,0,15845,6311.139160618492,0,100000,154.86256,39,41023,811,1454,100000
27,avg-run,1000,true,zipfian,READ,7880,7828054,7472726,7468725,40713,5,0,0,0,0,1402,619,2796849,1833993,16619468,41141893,6483610,36270,77922872275,116594336,6776582,997463,1,0,0,0,0,8197,12199.58521410272,0,100000,78.47079,58,12703,121,213,100000
28,extend,1000,true,zipfian,EXTEND,343215,118825393,89952288,89239286,818048,280166,797657,0,0,0,1402,619,2796849,1837313,16624397,41153536,6483610,36270,78047399139,116795733,6778353,997463,0,0,0,0,1,7284,1372.872048325096,0,10000,697.9644,303,27471,1923,3599,10000
28,run,1000,true,zipfian,READ,344907,124052207,95475476,94761368,818048,280166,797657,0,0,0,1402,619,2796849,1839049,16624397,41155335,6483610,36270,78047417769,116796038,6778353,997463,1,0,0,0,0,18947,5277.880403230063,0,100000,184.60646,44,15591,880,1724,100000
28,reference,1000,true,zipfian,READ,5409,8469027,2904506,2834873,1119,1,0,0,0,0,1402,619,2796849,1839401,16624397,41155625,6483610,36270,78047417769,116796038,6778353,997463,1,0,0,0,0,2693,37133.30857779428,0,100000,23.50497,17,10127,47,94,100000
28,clean-run,1000,true,zipfian,READ,4001,4237012,5524445,5522487,20349,1,0,0,0,0,1402,620,2809689,1839977,16634342,41162881,6483676,36275,78083875031,116840277,6779289,1000624,1,0,0,0,0,16082,6218.132073125234,0,100000,157.32986,40,23487,821,1525,100000
28,avg-run,1000,true,zipfian,READ,7889,7880168,7628030,7624029,41349,5,0,0,0,0,1402,620,2809689,1839980,16650725,41166827,6483676,36275,78138432115,116933013,6796476,1000624,1,0,0,0,0,9087,11004.732034774954,0,100000,86.97278,59,12567,159,230,100000
29,extend,1000,true,zipfian,EXTEND,379884,125024420,96161413,95422774,874779,290177,853783,0,0,0,1402,620,2809689,1842709,16657290,41178256,6483676,36275,78266224594,117139291,6798078,1000624,0,0,0,0,1,6968,1435.1320321469575,0,10000,666.1678,312,39647,1960,3555,10000
29,run,1000,true,zipfian,READ,381635,130313639,101867192,101127439,874779,290177,853783,0,0,0,1402,620,2809689,1846182,16661281,41180248,6483676,36275,78266241252,117139563,6798078,1000624,1,0,0,0,0,16906,5915.059742103395,0,100000,165.1676,42,28415,825,1535,100000
29,reference,1000,true,zipfian,READ,5754,8771217,3008643,2936117,1119,1,0,0,0,0,1402,620,2809689,1846558,16661281,41180544,6483676,36275,78266241252,117139563,6798078,1000624,1,0,0,0,0,2761,36218.761318362915,0,100000,24.09766,17,10687,49,96,100000
29,clean-run,1000,true,zipfian,READ,4142,4290481,5685036,5683078,20952,1,0,0,0,0,1402,621,2820801,1847080,16661282,41187012,6483731,36281,78303774699,117185166,6799014,1004138,1,0,0,0,0,15650,6389.776357827476,0,100000,153.11272,41,14583,800,1498,100000
29,avg-run,1000,true,zipfian,READ,9279,7685788,7788581,7784580,41952,5,0,0,0,0,1402,621,2820801,1847119,16685328,41192250,6483731,36281,78359990842,117278943,6816565,1004138,1,0,0,0,0,8749,11429.877700308607,0,100000,84.09084,62,12327,135,224,100000
30,extend,1000,true,zipfian,EXTEND,416864,131297013,102570881,101806627,932979,300188,911394,0,0,0,1402,621,2820801,1850216,16698725,41205162,6483731,36281,78491281004,117489532,6818167,1004138,0,0,0,0,1,6877,1454.1224371092046,0,10000,658.9331,312,27135,1839,3671,10000
30,run,1000,true,zipfian,READ,418579,136623545,108435132,107669784,932979,300188,911394,0,0,0,1402,621,2820801,1853730,16698725,41206998,6483731,36281,78491297668,117489801,6818167,1004138,1,0,0,0,0,20370,4909.180166912126,0,100000,199.19077,43,23359,919,1940,100000
30,reference,1000,true,zipfian,READ,6100,9073406,3112780,3037361,1119,1,0,0,0,0,1402,621,2820801,1853776,16698725,41207266,6483731,36281,78491297668,117489801,6818167,1004138,1,0,0,0,0,3101,32247.662044501772,0,100000,27.21274,17,11191,55,116,100000
30,clean-run,1000,true,zipfian,READ,4324,4375893,5908679,5906721,21551,1,0,0,0,0,1402,622,2832110,1853858,16700340,41213826,6483785,36287,78529975915,117536779,6819111,1007624,1,0,0,0,0,16378,6105.751618024179,0,100000,160.15876,42,22863,797,1563,100000
30,avg-run,1000,true,zipfian,READ,9495,7771146,8012208,8008207,42551,5,0,0,0,0,1402,622,2832110,1854522,16724191,41219090,6483785,36287,78587703684,117631836,6837118,1007624,1,0,0,0,0,8906,11228.385358185493,0,100000,85.56961,63,12063,139,212,100000
31,extend,1000,true,zipfian,EXTEND,454263,137612008,109143847,108353998,991601,310199,969417,0,0,0,1402,622,2832110,1857723,16737979,41233750,6483785,36287,78720462866,117843729,6838771,1007624,0,0,0,0,1,6620,1510.5740181268882,0,10000,632.8659,310,26495,1715,3311,10000
31,run,1000,true,zipfian,READ,455960,143072743,115216021,114425074,991601,310199,969417,0,0,0,1402,622,2832110,1860444,16737979,41235548,6483785,36287,78720481040,117844030,6838771,1007624,1,0,0,0,0,17691,5652.591713300549,0,100000,173.25508,43,16863,831,1620,100000
31,reference,1000,true,zipfian,READ,6472,9375569,3216917,3138605,1119,1,0,0,0,0,1402,622,2832110,1860494,16737979,41235822,6483785,36287,78720481040,117844030,6838771,1007624,1,0,0,0,0,2771,36088.05485384338,0,100000,24.27772,16,10311,49,95,100000
31,clean-run,1000,true,zipfian,READ,4459,4419700,6028541,6026583,22153,1,0,0,0,0,1402,623,2844104,1860663,16741246,41242482,6483841,36311,78760176815,117892350,6839707,1011362,1,0,0,0,0,16109,6207.709975789931,0,100000,157.74283,42,21055,790,1560,100000
31,avg-run,1000,true,zipfian,READ,9630,7814919,8132050,8128049,43153,5,0,0,0,0,1402,623,2844104,1860668,16757469,41247703,6483841,36311,78795225495,117935438,6839709,1011362,1,0,0,0,0,8694,11502.185415228894,0,100000,83.53603,63,12511,112,208,100000
32,extend,1000,true,zipfian,EXTEND,498501,144053891,115950297,115134938,1052490,320210,1029711,0,0,0,1402,623,2844104,1863789,16787774,41265991,6483841,36311,78957193531,118202668,6859583,1011362,0,0,0,0,1,6634,1507.3861923424781,0,10000,631.9603,312,26799,1710,3241,10000
32,run,1000,true,zipfian,READ,500304,149669134,122203975,121387511,1052490,320210,1029711,0,0,0,1402,623,2844104,1865294,16787774,41268016,6483841,36311,78957214185,118203008,6859583,1011362,1,0,0,0,0,17965,5566.379070414695,0,100000,176.07131,43,31215,862,1658,100000
32,reference,1000,true,zipfian,READ,6820,9677756,3321054,3239849,1119,1,0,0,0,0,1402,623,2844104,1865483,16787774,41268288,6483841,36311,78957214185,118203008,6859583,1011362,1,0,0,0,0,2744,36443.14868804665,0,100000,23.978,17,10415,49,89,100000
32,clean-run,1000,true,zipfian,READ,4624,4473273,6247379,6245421,22749,1,0,0,0,0,1402,624,2856704,1865634,16791698,41276347,6483974,36317,78997995121,118252678,6860519,1015121,1,0,0,0,0,17888,5590.3398926654745,0,100000,175.30832,41,22687,901,1721,100000
32,avg-run,1000,true,zipfian,READ,9801,7868464,8350884,8346883,43749,5,0,0,0,0,1402,624,2856704,1865645,16799748,41281595,6483974,36317,79034043851,118295767,6860521,1015121,1,0,0,0,0,9296,10757.314974182444,0,100000,89.19902,61,18143,161,241,100000
33,extend,1000,true,zipfian,EXTEND,520287,150622993,122954241,122114242,1114853,330210,1091492,0,0,0,1402,624,2856704,1869145,16837399,41299716,6483974,36317,79185487060,118517930,6864848,1015121,0,0,0,0,1,7631,1310.4442405975626,0,10000,732.1674,309,629759,1857,3785,10000
33,run,1000,true,zipfian,READ,555194,156137904,129381557,128539590,1114865,330221,1091505,0,0,0,1402,624,2856704,1871323,16837399,41302157,6483974,36317,79201532328,118569584,6882973,1015121,1,0,0,0,0,20171,4957.612413861484,0,100000,197.56557,45,16799,976,1840,100000
33,reference,1000,true,zipfian,READ,7165,9979946,3425191,3341093,1119,1,0,0,0,0,1402,624,2856704,1871412,16837399,41302429,6483974,36317,79201532328,118569584,6882973,1015121,1,0,0,0,0,3003,33300.0333000333,0,100000,26.30111,17,13823,51,95,100000
33,clean-run,1000,true,zipfian,READ,4753,4535937,6468546,6466591,23303,1,0,0,0,0,1402,625,2868898,1871978,16842401,41310652,6497095,36473,79243104920,118616026,6883908,1017819,1,0,0,0,0,17997,5556.481635828193,0,100000,176.38312,42,22687,915,1751,100000
33,avg-run,1000,true,zipfian,READ,9937,7930903,8571908,8567910,44303,5,0,0,0,0,1402,625,2868898,1871989,16850101,41315884,6497095,36473,79281130116,118660322,6884402,1017819,1,0,0,0,0,9652,10360.547036883547,0,100000,92.63127,62,14735,166,244,100000
34,extend,1000,true,zipfian,EXTEND,581104,157115166,130165966,129299610,1180072,340232,1156208,0,0,0,1402,625,2868898,1875052,16864129,41338664,6497095,36473,79459114470,118891368,6892681,1017819,0,0,0,0,1,7432,1345.5328310010764,0,10000,711.6623,314,27631,2047,4191,10000
34,run,1000,true,zipfian,READ,584008,162615722,136717706,135850259,1180072,340232,1156208,0,0,0,1402,625,2868898,1876885,16871121,41341565,6497095,36473,79459132154,118891654,6892681,1017819,1,0,0,0,0,18173,5502.668794365267,0,100000,177.79976,45,26527,873,1686,100000
34,reference,1000,true,zipfian,READ,7507,10282139,3529328,3442337,1119,1,0,0,0,0,1402,625,2868898,1877048,16871121,41341828,6497095,36473,79459132154,118891654,6892681,1017819,1,0,0,0,0,2548,39246.46781789639,0,100000,22.13783,16,10647,48,89,100000
34,clean-run,1000,true,zipfian,READ,4928,4577259,6569535,6567577,23837,1,0,0,0,0,1402,626,2879119,1877229,16871383,41350240,6497174,36517,79502071315,118943834,6893617,1021949,1,0,0,0,0,17126,5839.075090505664,0,100000,167.93674,43,23055,881,1658,100000
34,avg-run,1000,true,zipfian,READ,10105,7972386,8673020,8669019,44837,5,0,0,0,0,1402,626,2879119,1877236,16904005,41355468,6497174,36517,79540120075,118986924,6893619,1021949,1,0,0,0,0,8753,11424.654404204273,0,100000,84.13974,64,12639,111,208,100000
35,extend,1000,true,zipfian,EXTEND,608450,163583350,137509339,136618422,1245965,350232,1221553,0,0,0,1402,626,2879119,1880636,16958091,41378219,6497174,36517,79694752973,119219028,6896551,1021949,0,0,0,0,1,7274,1374.759417102007,0,10000,698.273,309,32831,1897,4127,10000
35,run,1000,true,zipfian,READ,668180,169162814,144232543,143339670,1245972,350243,1221562,0,0,0,1402,626,2879119,1882581,16965591,41381546,6497174,36517,79719255792,119318276,6930222,1021949,1,0,0,0,0,20524,4872.344572208147,0,100000,200.57863,45,29055,919,2069,100000
35,reference,1000,true,zipfian,READ,7879,10584302,3633465,3543581,1119,1,0,0,0,0,1402,626,2879119,1882717,16965591,41381809,6497174,36517,79719255792,119318276,6930222,1021949,1,0,0,0,0,2802,35688.79371877231,0,100000,24.06523,16,11023,51,97,100000
35,clean-run,1000,true,zipfian,READ,5080,4643466,6777269,6775311,24387,1,0,0,0,0,1402,627,2890726,1882903,16966576,41390371,6497229,36523,79763275898,119371716,6931158,1025962,1,0,0,0,0,19324,5174.91202649555,0,100000,189.74551,43,17647,937,2023,100000
35,avg-run,1000,true,zipfian,READ,10257,8038571,8880750,8876749,45387,5,0,0,0,0,1402,627,2890726,1882905,16974600,41395594,6497229,36523,79803168848,119415968,6931637,1025962,1,0,0,0,0,9489,10538.518284329224,0,100000,91.14398,64,13367,170,248,100000
36,extend,1000,true,zipfian,EXTEND,696301,170154581,145048956,144131740,1314016,360254,1289150,0,0,0,1402,627,2890726,1886227,16988163,41420523,6497229,36523,79985742890,119655122,6940255,1025962,0,0,0,0,1,7811,1280.2458071949814,0,10000,748.9265,322,36287,2123,4475,10000
36,run,1000,true,zipfian,READ,699605,175932506,152019286,151100993,1314016,360254,1289150,0,0,0,1402,627,2890726,1888489,16993603,41424292,6497229,36523,79986067861,119660433,6940256,1025962,1,0,0,0,0,22706,4404.122258433894,0,100000,222.8443,43,27615,1039,2311,100000
36,reference,1000,true,zipfian,READ,8225,10886491,3737602,3644825,1119,1,0,0,0,0,1402,627,2890726,1888623,16993603,41424596,6497229,36523,79986067861,119660433,6940256,1025962,1,0,0,0,0,3008,33244.68085106383,0,100000,26.47336,16,10391,52,107,100000
36,clean-run,1000,true,zipfian,READ,5208,4690657,6978112,6976154,24845,1,0,0,0,0,1402,628,2900456,1888818,16996968,41433288,6497306,36526,80031157067,119714927,6941192,1029909,1,0,0,0,0,20015,4996.252810392206,0,100000,196.56657,43,22639,994,2085,100000
36,avg-run,1000,true,zipfian,READ,10385,8085746,9081589,9077588,45845,5,0,0,0,0,1402,628,2900456,1888818,17029572,41438514,6497306,36526,80071205797,119758016,6941194,1029909,1,0,0,0,0,9874,10127.6078590237,0,100000,95.01586,67,14135,167,249,100000
37,extend,1000,true,zipfian,EXTEND,727236,176920817,152845509,151903798,1383043,370254,1357685,0,0,0,1402,628,2900456,1892418,17075335,41464762,6497306,36526,80234455953,119999007,6944620,1029909,0,0,0,0,1,7463,1339.9437223636608,0,10000,716.2794,314,38527,2000,4231,10000
37,run,1000,true,zipfian,READ,800924,182780969,159992381,159048721,1383048,370265,1357691,0,0,0,1402,628,2900456,1894979,17090055,41468365,6497306,36526,80259647089,120104631,6980971,1029909,1,0,0,0,0,20972,4768.262445164982,0,100000,205.96948,45,30911,954,2113,100000
37,reference,1000,true,zipfian,READ,8597,11188654,3841739,3746069,1119,1,0,0,0,0,1402,628,2900456,1895183,17090055,41468670,6497306,36526,80259647089,120104631,6980971,1029909,1,0,0,0,0,2569,38925.65200467108,0,100000,22.26448,17,9791,48,79,100000
37,clean-run,1000,true,zipfian,READ,5417,4739983,7161665,7159710,25322,1,0,0,0,0,1402,629,2911191,1895414,17090362,41477572,6497359,36719,80305492923,120155116,6981906,1034008,1,0,0,0,0,19514,5124.5259813467255,0,100000,191.75673,44,17247,943,2061,100000
37,avg-run,1000,true,zipfian,READ,10602,8134884,9265027,9261029,46322,5,0,0,0,0,1402,629,2911191,1895414,17098350,41482806,6497359,36719,80347311212,120199317,6982382,1034008,1,0,0,0,0,10672,9370.314842578711,0,100000,103.00909,69,15647,185,281,100000
38,extend,1000,true,zipfian,EXTEND,835297,183807985,160863433,159895508,1456072,380276,1430201,0,0,0,1402,629,2911191,1898647,17112310,41513697,6497359,36719,80545709840,120453508,6991909,1034008,0,0,0,0,1,7693,1299.8830105290524,0,10000,739.405,320,31823,2065,4331,10000
38,run,1000,true,zipfian,READ,839529,189656010,168160784,167191794,1456072,380276,1430201,0,0,0,1402,629,2911191,1901543,17118836,41518312,6497359,36719,80546036572,120458834,6991910,1034008,1,0,0,0,0,21265,4702.562896778744,0,100000,208.99147,46,28655,926,2201,100000
38,reference,1000,true,zipfian,READ,8943,11490843,3945876,3847313,1119,1,0,0,0,0,1402,629,2911191,1901716,17118836,41518616,6497359,36719,80546036572,120458834,6991910,1034008,1,0,0,0,0,2624,38109.756097560974,0,100000,22.78197,16,9847,46,90,100000
38,clean-run,1000,true,zipfian,READ,5590,4794125,7311029,7309071,25855,1,0,0,0,0,1402,630,2919858,1901919,17123814,41527695,6497401,36778,80593278262,120515671,6992846,1038223,1,0,0,0,0,19956,5011.024253357386,0,100000,196.07845,44,24463,912,2163,100000
38,avg-run,1000,true,zipfian,READ,10767,8189180,9414498,9410497,46855,5,0,0,0,0,1402,630,2919858,1901919,17156412,41532937,6497401,36778,80635326992,120558760,6992848,1038223,1,0,0,0,0,9576,10442.773600668337,0,100000,92.27805,70,15167,134,227,100000
39,extend,1000,true,zipfian,EXTEND,871190,190652372,169005804,168013467,1526682,390276,1500340,0,0,0,1402,630,2919858,1905156,17202749,41563340,6497401,36778,80803662221,120804060,6996621,1038223,0,0,0,0,1,7176,1393.5340022296543,0,10000,688.0676,319,31727,1817,3757,10000
39,run,1000,true,zipfian,READ,948085,196565031,176474284,175480009,1526685,390287,1500343,0,0,0,1402,630,2919858,1907503,17225378,41567133,6497401,36778,80829838830,120915608,7034753,1038223,1,0,0,0,0,22358,4472.67197423741,0,100000,219.87076,49,39615,982,2289,100000
39,reference,1000,true,zipfian,READ,9315,11793006,4050013,3948557,1119,1,0,0,0,0,1402,630,2919858,1907714,17225378,41567551,6497401,36778,80829838880,120915609,7034753,1038223,1,0,0,0,0,2732,36603.22108345534,0,100000,23.86739,16,10183,48,94,100000
39,clean-run,1000,true,zipfian,READ,5737,4853631,7443856,7441818,26330,17,0,0,0,0,1402,631,2930687,1907935,17229566,41576787,6497465,36782,80878295529,120975695,7035690,1042549,1,0,0,0,0,22605,4423.800044238001,0,100000,222.32838,45,29775,1033,2461,100000
39,avg-run,1000,true,zipfian,READ,12605,8616121,10547320,10543239,57330,21,0,0,0,0,1402,631,2930687,1907937,17237591,41583722,6497465,36782,80923329464,121039874,7036164,1042549,1,0,0,0,0,10851,9215.74048474795,0,100000,104.69562,72,16735,180,271,100000
40,extend,1000,true,zipfian,EXTEND,987890,197595586,177359607,176341126,1600804,400298,1574033,0,0,0,1402,631,2930687,1911258,17259153,41620034,6497465,36782,81124747513,121297230,7045874,1042549,0,0,0,0,1,7471,1338.5089010841923,0,10000,716.2372,325,35743,1972,4183,10000
40,run,1000,true,zipfian,READ,992166,203598604,184947662,183928121,1600804,400298,1574033,0,0,0,1402,631,2930687,1913367,17259153,41624419,6497465,36782,81124764209,121297506,7045874,1042549,1,0,0,0,0,22055,4534.119247336205,0,100000,216.84888,48,32607,973,2283,100000
40,reference,1000,true,zipfian,READ,9687,12095169,4154150,4049801,1119,1,0,0,0,0,1402,631,2930687,1913520,17259153,41624690,6497465,36782,81124764209,121297506,7045874,1042549,1,0,0,0,0,2616,38226.299694189605,0,100000,22.71891,16,10135,47,86,100000
40,clean-run,1000,true,zipfian,READ,5866,4883655,7564799,7562841,26762,1,0,0,0,0,1402,632,2939638,1913708,17262937,41634066,6497510,36846,81174147432,121356450,7046810,1046863,1,0,0,0,0,21247,4706.546806607992,0,100000,208.90112,44,26287,964,2291,100000
40,avg-run,1000,true,zipfian,READ,12737,8646372,10668268,10664267,57762,5,0,0,0,0,1402,632,2939638,1913720,17287352,41641020,6497510,36846,81219526682,121419566,7046812,1046863,1,0,0,0,0,12182,8208.832703989492,0,100000,118.2271,87,13647,195,288,100000
41,extend,1000,true,zipfian,EXTEND,1029727,204622389,185848954,184806116,1676607,410298,1649349,0,0,0,1402,632,2939638,1917460,17341465,41677230,6497510,36846,81401515939,121680023,7050973,1046863,0,0,0,0,1,7996,1250.625312656328,0,10000,765.7225,312,27039,2099,4587,10000
41,run,1000,true,zipfian,READ,1116033,210592690,193705928,192661175,1676610,410309,1649352,0,0,0,1402,632,2939638,1919644,17371904,41681498,6497510,36846,81427141228,121794739,7090356,1046863,1,0,0,0,0,24689,4050.38681194054,0,100000,242.88856,46,30495,1092,2599,100000
41,reference,1000,true,zipfian,READ,10059,12397332,4258287,4151045,1119,1,0,0,0,0,1402,632,2939638,1919869,17371904,41681901,6497510,36846,81427547467,121801433,7090357,1046863,1,0,0,0,0,2687,37216.22627465575,0,100000,23.443,17,11351,49,90,100000
41,clean-run,1000,true,zipfian,READ,6000,4953041,7763469,7761511,27258,1,0,0,0,0,1402,633,2950451,1920051,17378589,41691405,6497563,36850,81478015229,121861527,7091294,1051463,1,0,0,0,0,21790,4589.261128958237,0,100000,214.34297,45,29119,1004,2369,100000
41,avg-run,1000,true,zipfian,READ,12871,8715429,10866942,10862941,58258,5,0,0,0,0,1402,633,2950451,1920052,17386629,41698341,6497563,36850,81524994024,121925683,7091767,1051463,1,0,0,0,0,11611,8612.522607871846,0,100000,112.49311,88,18815,156,261,100000
42,extend,1000,true,zipfian,EXTEND,1158437,211640425,194618005,193549111,1753256,420320,1725525,0,0,0,1402,633,2950451,1923502,17408257,41737086,6497563,36850,81735578052,122190743,7102087,1051463,0,0,0,0,1,7637,1309.4146916328402,0,10000,733.8784,330,32271,2027,4615,10000
42,run,1000,true,zipfian,READ,1162901,217790611,202570711,201500774,1753256,420320,1725525,0,0,0,1402,633,2950451,1925667,17408257,41741653,6497563,36850,81735598310,122191081,7102087,1051463,1,0,0,0,0,22816,4382.88920056101,0,100000,224.45733,49,28431,1002,2397,100000
42,reference,1000,true,zipfian,READ,10431,12699495,4362424,4252289,1119,1,0,0,0,0,1402,633,2950451,1925791,17413765,41742074,6497563,36850,81736004553,122197775,7102088,1051463,1,0,0,0,0,2653,37693.17753486619,0,100000,23.10022,16,10735,49,95,100000
42,clean-run,1000,true,zipfian,READ,6143,4982818,7906972,7905014,27729,1,0,0,0,0,1402,634,2959069,1925968,17420403,41751742,6497605,36855,81787528519,122258953,7103024,1055882,1,0,0,0,0,20924,4779.200917606576,0,100000,205.83448,47,23583,962,2317,100000
42,avg-run,1000,true,zipfian,READ,13015,8745544,11010445,11006444,58729,5,0,0,0,0,1402,634,2959069,1925996,17452992,41758685,6497605,36855,81834907799,122322070,7103026,1055882,1,0,0,0,0,11612,8611.78091629349,0,100000,112.61852,88,13047,145,265,100000
43,extend,1000,true,zipfian,EXTEND,1205379,218856274,203544466,202451258,1835441,430320,1807226,0,0,0,1402,634,2959069,1929839,17514927,41799661,6497605,36855,82031386351,122601871,7107219,1055882,0,0,0,0,1,8238,1213.8868657441126,0,10000,792.6166,327,38559,2499,4935,10000
43,run,1000,true,zipfian,READ,1296297,225056726,211762330,210667211,1835445,430331,1807230,0,0,0,1402,634,2959069,1932123,17537066,41804813,6497605,36855,82058624911,122722931,7148588,1055882,1,0,0,0,0,24700,4048.582995951417,0,100000,242.96048,50,34015,1143,2441,100000
43,reference,1000,true,zipfian,READ,10803,13001658,4466561,4353533,1119,1,0,0,0,0,1402,634,2959069,1932197,17537066,41805107,6497605,36855,82059031154,122729625,7148589,1055882,1,0,0,0,0,2887,34638.03255975061,0,100000,24.98249,17,10807,53,109,100000
43,clean-run,1000,true,zipfian,READ,6303,5037220,8145295,8143337,28216,1,0,0,0,0,1402,635,2969348,1932339,17543430,41814928,6497684,36859,82111632045,122791950,7149525,1060681,1,0,0,0,0,21454,4661.135452596252,0,100000,210.80494,44,27615,1037,2201,100000
43,avg-run,1000,true,zipfian,READ,13174,8799634,11248744,11244743,59216,5,0,0,0,0,1402,635,2969348,1932345,17551502,41821880,6497684,36859,82160532513,122856077,7149990,1060681,1,0,0,0,0,11906,8399.126490844952,0,100000,115.49586,89,13447,156,269,100000
44,extend,1000,true,zipfian,EXTEND,1342788,226138907,212739913,211620686,1917702,440342,1888979,0,0,0,1402,635,2969348,1935899,17573426,41864883,6497684,36859,82382921315,123137815,7160176,1060681,0,0,0,0,1,7777,1285.8428700012857,0,10000,747.7806,319,39967,2105,4515,10000
44,run,1000,true,zipfian,READ,1347688,232231134,221013318,219893052,1917702,440342,1888979,0,0,0,1402,635,2969348,1937992,17586820,41869913,6497684,36859,82383346892,123144824,7160177,1060681,1,0,0,0,0,23624,4232.983406705046,0,100000,232.40528,48,34367,1061,2441,100000
44,reference,1000,true,zipfian,READ,11175,13303821,4570698,4454777,1119,1,0,0,0,0,1402,635,2969348,1938050,17586820,41870213,6497684,36859,82383346892,123144824,7160177,1060681,1,0,0,0,0,2665,37523.4521575985,0,100000,23.17763,17,13503,48,91,100000
44,clean-run,1000,true,zipfian,READ,6467,5063329,8263862,8261904,28720,1,0,0,0,0,1402,636,2977661,1938190,17587469,41880189,6497725,36864,82437022011,123208307,7161113,1065191,1,0,0,0,0,22389,4466.479074545536,0,100000,220.43871,48,21343,1067,2423,100000
44,avg-run,1000,true,zipfian,READ,13338,8825859,11367311,11363310,59720,5,0,0,0,0,1402,636,2977661,1938862,17644074,41887537,6497725,36864,82486401261,123271423,7161115,1065191,1,0,0,0,0,11994,8337.502084375521,0,100000,116.43602,90,13543,161,274,100000
45,extend,1000,true,zipfian,EXTEND,1391530,233284530,221969596,220826133,1998253,450342,1969055,0,0,0,1402,636,2977661,1942597,17697983,41929676,6497725,36864,82678120927,123545913,7164951,1065191,0,0,0,0,1,7654,1306.5064018813691,0,10000,733.6659,326,27135,2007,4251,10000
45,run,1000,true,zipfian,READ,1487466,239433906,230502500,229357125,1998255,450353,1969057,0,0,0,1402,636,2977661,1944772,17711962,41934758,6497725,36864,82709192107,123684832,7210300,1065191,1,0,0,0,0,26661,3750.797044371929,0,100000,262.70973,50,43263,1247,2775,100000
45,reference,1000,true,zipfian,READ,11547,13605984,4674835,4556021,1119,1,0,0,0,0,1402,636,2977661,1944874,17711962,41935083,6497725,36864,82709192107,123684832,7210300,1065191,1,0,0,0,0,3064,32637.075718015665,0,100000,27.00702,17,11351,52,105,100000
45,clean-run,1000,true,zipfian,READ,6607,5157309,8531570,8529612,29194,1,0,0,0,0,1402,637,2986696,1945008,17718479,41945203,6497770,36867,82764412396,123750377,7211703,1070312,1,0,0,0,0,23689,4221.368567689645,0,100000,233.12945,47,29919,1151,2581,100000
45,avg-run,1000,true,zipfian,READ,13478,8919662,11635019,11631018,60194,5,0,0,0,0,1402,637,2986696,1945059,17726550,41952100,6497770,36867,82814791676,123813494,7211705,1070312,1,0,0,0,0,11753,8508.465923593976,0,100000,113.93257,90,13863,146,262,100000
46,extend,1000,true,zipfian,EXTEND,1536514,240534839,231515932,230346484,2083818,460364,2054122,0,0,0,1402,637,2986696,1948601,17748545,41997644,6497770,36867,83046742093,124105069,7222352,1070312,0,0,0,0,1,8074,1238.543472875898,0,10000,775.4397,333,40703,2295,4811,10000
46,run,1000,true,zipfian,READ,1542008,247000762,240303603,239133122,2083818,460364,2054122,0,0,0,1402,637,2986696,1950600,17761941,42003415,6497770,36867,83047169729,124112119,7222353,1070312,1,0,0,0,0,25242,3961.651216226923,0,100000,248.63905,52,36127,1232,2499,100000
46,reference,1000,true,zipfian,READ,11919,13908147,4778972,4657265,1119,1,0,0,0,0,1402,637,2986696,1950664,17761941,42003719,6497770,36867,83047169729,124112119,7222353,1070312,1,0,0,0,0,2621,38153.37657382678,0,100000,22.75796,16,10439,45,84,100000
46,clean-run,1000,true,zipfian,READ,6743,5153380,8578969,8577011,29693,1,0,0,0,0,1402,638,2995098,1950824,17796944,42013982,6497812,36870,83102992091,124177836,7223289,1075122,1,0,0,0,0,22415,4461.298237787196,0,100000,220.67589,49,22559,1118,2335,100000
46,avg-run,1000,true,zipfian,READ,13614,8916105,11682418,11678417,60693,5,0,0,0,0,1402,638,2995098,1953537,17851788,42021381,6497812,36870,83154371341,124240952,7223291,1075122,1,0,0,0,0,11941,8374.507997655137,0,100000,115.95334,92,12727,147,264,100000
47,extend,1000,true,zipfian,EXTEND,1683278,248184515,241300051,240105520,2167666,470375,2137480,0,0,0,1402,638,2995098,1957112,17881277,42063450,6497812,36870,83385669860,124665061,7272933,1075122,0,0,0,0,1,7424,1346.9827586206898,0,10000,713.0213,320,27471,1982,4215,10000
47,run,1000,true,zipfian,READ,1688454,254594465,250155902,248960337,2167666,470375,2137480,0,0,0,1402,638,2995098,1959132,17887143,42068845,6497812,36870,83386100500,124672157,7272934,1075122,1,0,0,0,0,24775,4036.326942482341,0,100000,244.12021,49,22479,1181,2505,100000
47,reference,1000,true,zipfian,READ,12291,14210310,4883109,4758509,1119,1,0,0,0,0,1402,638,2995098,1959214,17887143,42069140,6497812,36870,83386100500,124672157,7272934,1075122,1,0,0,0,0,3215,31104.19906687403,0,100000,28.44516,17,11463,56,120,100000
47,clean-run,1000,true,zipfian,READ,6865,5231439,8855570,8853612,30184,1,0,0,0,0,1402,639,3004312,1960611,17934458,42079744,6497858,36876,83470231904,124814990,7299521,1075122,1,0,0,0,0,25383,3939.6446440531063,0,100000,250.00731,50,30031,1273,2689,100000
47,avg-run,1000,true,zipfian,READ,13736,8994121,11959019,11955018,61184,5,0,0,0,0,1402,639,3004312,1962046,17942038,42086678,6497858,36876,83522611154,124878106,7299523,1075122,1,0,0,0,0,12346,8099.789405475458,0,100000,119.79871,93,19855,167,284,100000
48,extend,1000,true,zipfian,EXTEND,1786672,255794487,251205777,249986171,2256570,480386,2225870,0,0,0,1402,639,3004312,1965814,17970283,42129764,6497858,36876,83732938868,125180327,7303600,1075122,0,0,0,0,1,7694,1299.7140629061607,0,10000,738.6051,326,26463,2135,4479,10000
48,run,1000,true,zipfian,READ,1828775,262176675,260251204,259029701,2256572,480397,2225872,0,0,0,1402,639,3004312,1968954,18007634,42135513,6497858,36876,83738205625,125266406,7303684,1075122,1,0,0,0,0,24629,4060.254171911162,0,100000,242.66456,51,34655,1153,2527,100000
48,reference,1000,true,zipfian,READ,12663,14512473,4987246,4859753,1119,1,0,0,0,0,1402,639,3004312,1969968,18007634,42135822,6497858,36876,83738205625,125266406,7303684,1075122,1,0,0,0,0,2718,36791.75864606328,0,100000,23.71611,17,10359,49,86,100000
48,clean-run,1000,true,zipfian,READ,6969,5286431,9004070,9002112,30699,1,0,0,0,0,1402,640,3017908,1970106,18014040,42146369,6497949,36955,83796179313,125334432,7304620,1080358,1,0,0,0,0,22827,4380.777149866386,0,100000,224.80662,48,23151,1058,2453,100000
48,avg-run,1000,true,zipfian,READ,13840,9048883,12107519,12103518,61699,5,0,0,0,0,1402,640,3017908,1970106,18022121,42153252,6497949,36955,83849558592,125397549,7304622,1080358,1,0,0,0,0,12228,8177.952240758914,0,100000,118.8685,94,13951,153,260,100000
49,extend,1000,true,zipfian,EXTEND,1875379,263334459,261325682,260080145,2347584,490397,2316402,0,0,0,1402,640,3017908,1973706,18051415,42198172,6497949,36955,84087472318,125706502,7315126,1080358,0,0,0,0,1,8249,1212.2681537156018,0,10000,794.1356,333,38047,2281,5111,10000
49,run,1000,true,zipfian,READ,1915652,269785200,270529163,269281727,2347586,490408,2316404,0,0,0,1402,640,3017908,1976516,18089502,42204043,6497949,36955,84093120145,125794075,7316242,1080358,1,0,0,0,0,28471,3512.3458958238207,0,100000,280.36818,53,33631,1308,2987,100000
49,reference,1000,true,zipfian,READ,13042,14814702,5092267,4961011,1119,1,0,0,0,0,1402,640,3017908,1976787,18089502,42204332,6497949,36955,84093120145,125794075,7316242,1080358,1,0,0,0,0,3682,27159.152634437807,0,100000,32.57771,17,15623,65,128,100000
49,clean-run,1000,true,zipfian,READ,7112,5352410,9250415,9248457,31182,1,0,0,0,0,1402,641,3032383,1976960,18092477,42215016,6498018,36958,84152167591,125863202,7317178,1085977,1,0,0,0,0,25245,3961.180431768667,0,100000,248.57173,51,23679,1206,2711,100000
49,avg-run,1000,true,zipfian,READ,14459,9355282,12353864,12349863,62182,5,0,0,0,0,1402,641,3032383,1976960,18100556,42222383,6498018,36958,84206546841,125926318,7317180,1085977,1,0,0,0,0,12652,7903.888713246917,0,100000,122.95773,96,13351,161,276,100000
50,extend,1000,true,zipfian,EXTEND,1985250,270994171,271609184,270336712,2439243,500419,2407580,0,0,0,1402,641,3032383,1980490,18138591,42268201,6498018,36958,84447928403,126268531,7328454,1085977,0,0,0,0,1,7972,1254.3903662819869,0,10000,768.065,337,43519,2187,4615,10000
50,run,1000,true,zipfian,READ,1990460,277604161,280941393,279667894,2439243,500419,2407580,0,0,0,1402,641,3032383,1982814,18144764,42273641,6498018,36958,84448394351,126276239,7328455,1085977,1,0,0,0,0,26291,3803.5829751626034,0,100000,259.10424,51,26591,1214,2727,100000
50,reference,1000,true,zipfian,READ,13387,15116892,5196404,5062255,1119,1,0,0,0,0,1402,641,3032383,1982952,18144764,42273913,6498018,36958,84448394351,126276239,7328455,1085977,1,0,0,0,0,2746,36416.60597232338,0,100000,24.09935,16,10319,51,100,100000
50,clean-run,1000,true,zipfian,READ,7290,5381947,9371340,9369382,31663,1,0,0,0,0,1402,642,3041994,1983220,18159840,42284801,6502070,37025,84508513880,126346477,7329391,1091129,1,0,0,0,0,24766,4037.7937494952757,0,100000,244.09194,50,23727,1212,2655,100000
50,avg-run,1000,true,zipfian,READ,14637,9384945,12474789,12470788,62663,5,0,0,0,0,1402,642,3041994,1984245,18192202,42292312,6502070,37025,84588000074,126465958,7348901,1091129,1,0,0,0,0,12674,7890.168849613382,0,100000,123.20292,95,13679,160,261,100000
51,extend,1000,true,zipfian,EXTEND,2076349,278817000,282031755,280734229,2531525,510430,2499342,0,0,0,1402,642,3041994,1988108,18221014,42337651,6502070,37025,84811214709,126779013,7353656,1091129,0,0,0,0,1,8006,1249.0632025980515,0,10000,770.8855,335,52223,2225,5143,10000
51,run,1000,true,zipfian,READ,2082275,285266092,291498541,290199988,2531525,510430,2499342,0,0,0,1402,642,3041994,1990266,18227208,42344386,6502070,37025,84811669745,126786533,7353657,1091129,1,0,0,0,0,26095,3832.151753209427,0,100000,257.07936,54,23967,1218,2697,100000
51,reference,1000,true,zipfian,READ,13756,15419058,5300541,5163499,1119,1,0,0,0,0,1402,642,3041994,1990360,18227208,42344687,6502070,37025,84811669745,126786533,7353657,1091129,1,0,0,0,0,3070,32573.289902280132,0,100000,26.99296,17,9927,52,109,100000
51,clean-run,1000,true,zipfian,READ,7417,5416316,9554461,9552503,32183,1,0,0,0,0,1402,643,3050800,1991840,18273962,42355911,6502140,37032,84872860969,126857932,7354593,1096926,1,0,0,0,0,26167,3821.6073680590057,0,100000,258.02343,51,15655,1300,2811,100000
51,avg-run,1000,true,zipfian,READ,14764,9419501,12657910,12653909,63183,5,0,0,0,0,1402,643,3050800,1994704,18289768,42363298,6502140,37032,84960809588,127002555,7382647,1096926,1,0,0,0,0,14172,7056.167090036692,0,100000,137.68649,98,21263,239,343,100000
52,extend,1000,true,zipfian,EXTEND,2181672,286497625,292620881,291298307,2626790,520441,2594142,0,0,0,1402,643,3050800,1999085,18316673,42412906,6502140,37032,85185933180,127324489,7386064,1096926,0,0,0,0,1,9110,1097.694840834248,0,10000,876.8668,339,31471,2719,6199,10000
52,run,1000,true,zipfian,READ,2187966,292986574,302275060,300951461,2626790,520441,2594142,0,0,0,1402,643,3050800,2001203,18346463,42419582,6502140,37032,85186393765,127332098,7386065,1096926,1,0,0,0,0,27694,3610.890445583881,0,100000,273.01138,56,28575,1317,2861,100000
52,reference,1000,true,zipfian,READ,14128,15721221,5404678,5264743,1119,1,0,0,0,0,1402,643,3050800,2001992,18354003,42419984,6502140,37032,85186393815,127332099,7386065,1096926,1,0,0,0,0,2924,34199.72640218878,0,100000,25.70326,17,10535,51,99,100000
52,clean-run,1000,true,zipfian,READ,7517,5453061,9572252,9570294,32648,1,0,0,0,0,1402,644,3064373,2002550,18373887,42431086,6502210,37116,85270105075,127488558,7403385,1096926,1,0,0,0,0,25762,3881.686204487229,0,100000,253.99902,52,25727,1249,2795,100000
52,avg-run,1000,true,zipfian,READ,14864,9456204,12675701,12671700,63648,5,0,0,0,0,1402,644,3064373,2002620,18382001,42438465,6502210,37116,85327484325,127551674,7403387,1096926,1,0,0,0,0,12981,7703.5667514059005,0,100000,126.11704,97,20607,175,286,100000
53,extend,1000,true,zipfian,EXTEND,2282901,294228139,303398667,302050049,2722053,530452,2688900,0,0,0,1402,644,3064373,2006457,18411452,42488716,6502210,37116,85562649272,127873656,7410015,1096926,0,0,0,0,1,8215,1217.2854534388314,0,10000,791.4218,340,33247,2481,5227,10000
53,run,1000,true,zipfian,READ,2325404,300914989,313340122,311989608,2722055,530463,2688902,0,0,0,1402,644,3064373,2009698,18456910,42495652,6502210,37116,85568554968,127965353,7411211,1096926,1,0,0,0,0,29910,3343.3634236041457,0,100000,295.2106,56,24127,1702,3035,100000
53,reference,1000,true,zipfian,READ,14483,16023474,5509699,5366001,1119,1,0,0,0,0,1402,644,3064373,2010676,18456910,42495969,6502210,37116,85568554968,127965353,7411211,1096926,1,0,0,0,0,3278,30506.40634533252,0,100000,29.17539,17,11295,55,112,100000
53,clean-run,1000,true,zipfian,READ,7658,5517451,9915556,9913598,33153,1,0,0,0,0,1402,645,3078568,2010813,18466688,42507190,6502278,37146,85631891488,128038953,7412147,1103557,1,0,0,0,0,29906,3343.810606567244,0,100000,295.05376,50,32207,1724,3165,100000
53,avg-run,1000,true,zipfian,READ,15362,9447483,13019005,13015004,64153,5,0,0,0,0,1402,645,3078568,2010813,18466688,42514892,6502278,37146,85690270688,128102068,7412149,1103557,1,0,0,0,0,13449,7435.49706297866,0,100000,130.88532,98,13815,208,329,100000
54,extend,1000,true,zipfian,EXTEND,2380986,302124267,314505036,313129576,2820892,540463,2787217,0,0,0,1402,645,3078568,2014613,18496460,42568587,6502278,37146,85950082003,128435057,7423536,1103557,0,0,0,0,1,8482,1178.967224711153,0,10000,818.9511,340,30111,2707,5115,10000
54,run,1000,true,zipfian,READ,2387730,308705395,324446481,323069997,2820892,540463,2787217,0,0,0,1402,645,3078568,2016765,18509944,42575764,6502278,37146,85950568733,128443115,7423537,1103557,1,0,0,0,0,30346,3295.327225993541,0,100000,299.43758,54,42207,1670,3071,100000
54,reference,1000,true,zipfian,READ,14852,16325640,5613836,5467245,1119,1,0,0,0,0,1402,645,3078568,2017120,18509944,42576088,6502278,37146,85950568783,128443116,7423537,1103557,1,0,0,0,0,2976,33602.15053763441,0,100000,26.13671,17,11831,50,107,100000
54,clean-run,1000,true,zipfian,READ,7826,5580600,10023624,10021666,33675,1,0,0,0,0,1402,646,3086362,2018747,18552334,42587770,6502316,37149,86014984148,128517908,7424473,1109493,1,0,0,0,0,29465,3393.8571186153063,0,100000,290.81985,51,25711,1671,3123,100000
54,avg-run,1000,true,zipfian,READ,15530,9510630,13127073,13123072,64675,5,0,0,0,0,1402,646,3086362,2021307,18575662,42595496,6502316,37149,86107876256,128667725,7454388,1109493,1,0,0,0,0,12908,7747.133560582584,0,100000,125.46585,99,19487,166,279,100000
55,extend,1000,true,zipfian,EXTEND,2499007,309951459,325592958,324192463,2918150,550474,2883953,0,0,0,1402,646,3086362,2025377,18603386,42649647,6502316,37149,86338572219,128996053,7457931,1109493,0,0,0,0,1,8471,1180.4981702278362,0,10000,816.4787,338,30687,2609,5215,10000
55,run,1000,true,zipfian,READ,2505943,316754827,335790948,334389431,2918150,550474,2883953,0,0,0,1402,646,3086362,2027590,18625159,42656994,6502316,37149,86339060033,129004128,7457932,1109493,1,0,0,0,0,28144,3553.1552018192156,0,100000,277.56944,54,23455,1489,3045,100000
55,reference,1000,true,zipfian,READ,15224,16627803,5717973,5568489,1119,1,0,0,0,0,1402,646,3086362,2028299,18633222,42657412,6502316,37149,86339060083,129004129,7457932,1109493,1,0,0,0,0,2731,36616.62394727206,0,100000,23.69683,17,14255,47,86,100000
55,clean-run,1000,true,zipfian,READ,7973,5626045,10244870,10242912,34197,1,0,0,0,0,1402,647,3099306,2028886,18664248,42668954,6502379,37239,86433781029,129165938,7482546,1109493,1,0,0,0,0,26687,3747.1428036122456,0,100000,263.42989,53,27743,1490,2979,100000
55,avg-run,1000,true,zipfian,READ,15677,9556075,13348319,13344318,65197,5,0,0,0,0,1402,647,3099306,2029017,18672284,42676684,6502379,37239,86494160279,129229054,7482548,1109493,1,0,0,0,0,12721,7861.017215627702,0,100000,123.6293,100,14439,153,269,100000
56,extend,1000,true,zipfian,EXTEND,2612661,318033753,336980012,335553575,3019172,560485,2984458,0,0,0,1402,647,3099306,2032934,18701806,42732750,6502379,37239,86737411537,129568791,7487667,1109493,0,0,0,0,1,8352,1197.3180076628353,0,10000,803.1748,342,44575,2559,4987,10000
56,run,1000,true,zipfian,READ,2667146,324846614,347472643,346044312,3019174,560496,2984460,0,0,0,1402,647,3099306,2038459,18754354,42741074,6502379,37239,86743661134,129665825,7488932,1109493,1,0,0,0,0,29872,3347.6164970540976,0,100000,295.04486,56,22815,1578,3335,100000
56,reference,1000,true,zipfian,READ,15579,16930056,5822994,5669747,1119,1,0,0,0,0,1402,647,3099306,2038836,18754354,42741401,6502379,37239,86743661134,129665825,7488932,1109493,1,0,0,0,0,2609,38328.86163280951,0,100000,22.68879,16,9527,47,92,100000
56,clean-run,1000,true,zipfian,READ,8110,5638875,10323234,10321276,34721,1,0,0,0,0,1402,648,3112949,2038995,18763822,42753058,6502470,37242,86810233455,129742970,7489868,1116563,1,0,0,0,0,27678,3612.9778163162077,0,100000,273.31737,51,36031,1420,3255,100000
56,avg-run,1000,true,zipfian,READ,15813,9568904,13426683,13422682,65721,5,0,0,0,0,1402,648,3112949,2038995,18772015,42760797,6502470,37242,86871612705,129806086,7489870,1116563,1,0,0,0,0,12786,7821.0542781166905,0,100000,124.38476,99,14815,157,274,100000
57,extend,1000,true,zipfian,EXTEND,2729063,326090081,348700237,347247000,3123768,570496,3088551,0,0,0,1402,648,3112949,2042798,18801294,42821060,6502470,37242,87146915837,130156649,7501739,1116563,0,0,0,0,1,8397,1190.9015124449209,0,10000,810.8552,334,74239,2681,5187,10000
57,run,1000,true,zipfian,READ,2736309,332834914,359239508,357785249,3123768,570496,3088551,0,0,0,1402,648,3112949,2045083,18806936,42828491,6502470,37242,87147401706,130164683,7501740,1116563,1,0,0,0,0,30158,3315.8697526361166,0,100000,297.5615,56,47423,1558,3361,100000
57,reference,1000,true,zipfian,READ,15948,17232222,5927131,5770991,1119,1,0,0,0,0,1402,648,3112949,2045406,18806936,42828789,6502470,37242,87147401706,130164683,7501740,1116563,1,0,0,0,0,2763,36192.54433586681,0,100000,24.13234,17,10087,48,103,100000
57,clean-run,1000,true,zipfian,READ,8230,5738643,10684281,10682323,35217,1,0,0,0,0,1402,649,3120131,2045558,18837740,42840656,6502506,37245,87215045726,130242946,7502676,1123525,1,0,0,0,0,28937,3455.7832532743546,0,100000,285.87052,53,27007,1593,3329,100000
57,avg-run,1000,true,zipfian,READ,15934,9668671,13787730,13783729,66217,5,0,0,0,0,1402,649,3120131,2045853,18878390,42848656,6502506,37245,87311655026,130397629,7534125,1123525,1,0,0,0,0,12896,7754.342431761786,0,100000,125.39396,101,17071,157,287,100000
58,extend,1000,true,zipfian,EXTEND,2868582,334123043,360459599,358981331,3227509,580507,3191760,0,0,0,1402,649,3120131,2050053,18915575,42908378,6502506,37245,87558378415,130745451,7537937,1123525,0,0,0,0,1,8603,1162.3852144600721,0,10000,830.7659,342,29759,2699,6003,10000
58,run,1000,true,zipfian,READ,2875970,341061885,371232070,369752780,3227509,580507,3191760,0,0,0,1402,649,3120131,2052464,18929150,42916010,6502506,37245,87558867998,130753556,7537938,1123525,1,0,0,0,0,29607,3377.579626439693,0,100000,292.25022,58,38751,1533,3223,100000
58,reference,1000,true,zipfian,READ,16320,17534385,6031268,5872235,1119,1,0,0,0,0,1402,649,3120131,2052743,18937076,42916326,6502506,37245,87558867998,130753556,7537938,1123525,1,0,0,0,0,2672,37425.149700598806,0,100000,23.21865,17,10031,47,94,100000
58,clean-run,1000,true,zipfian,READ,8368,5745169,10647785,10645827,35749,1,0,0,0,0,1402,650,3130115,2054481,18987868,42928517,6502587,37301,87662090162,130924202,7569792,1123525,1,0,0,0,0,28387,3522.739282065734,0,100000,280.34322,51,29807,1500,3241,100000
58,avg-run,1000,true,zipfian,READ,16072,9675197,13751234,13747233,66749,5,0,0,0,0,1402,650,3130115,2055759,18995516,42936254,6502587,37301,87725469412,130987318,7569794,1123525,1,0,0,0,0,12831,7793.624814901411,0,100000,124.92832,102,13783,158,279,100000
59,extend,1000,true,zipfian,EXTEND,2993365,342372633,372487165,370982961,3334571,590518,3298266,0,0,0,1402,650,3130115,2059880,19023910,42998220,6502587,37301,87980456737,131345309,7574155,1123525,0,0,0,0,1,8673,1153.0035743110805,0,10000,838.2762,344,38783,2619,5659,10000
59,run,1000,true,zipfian,READ,3044979,349288166,383330857,381824760,3334573,590529,3298268,0,0,0,1402,650,3130115,2065304,19076526,43007048,6502587,37301,87986707275,131447350,7574250,1123525,1,0,0,0,0,30286,3301.8556428712936,0,100000,299.1527,55,25855,1512,3435,100000
59,reference,1000,true,zipfian,READ,16701,17836612,6136289,5973493,1119,1,0,0,0,0,1402,650,3130115,2065675,19076526,43007351,6502587,37301,87986707275,131447350,7574250,1123525,1,0,0,0,0,2589,38624.95171881035,0,100000,22.44511,16,9895,46,96,100000
59,clean-run,1000,true,zipfian,READ,8502,5832805,11001680,10999722,36305,1,0,0,0,0,1402,651,3143826,2065793,19090700,43019469,6502654,37418,88056512309,131528049,7575186,1130467,1,0,0,0,0,29026,3445.1870736580995,0,100000,286.84574,54,40479,1491,3363,100000
59,avg-run,1000,true,zipfian,READ,18735,9297894,15105129,15101128,77305,5,0,0,0,0,1402,651,3143826,2065793,19098888,43029725,6502654,37418,88122226277,131611192,7575188,1130467,1,0,0,0,0,12994,7695.859627520394,0,100000,126.56503,103,13647,154,282,100000
60,extend,1000,true,zipfian,EXTEND,3112752,350547978,384592746,383061760,3442063,600529,3405258,0,0,0,1402,651,3143826,2069798,19135979,43095426,6502654,37418,88406232070,131970569,7587413,1130467,0,0,0,0,1,8685,1151.4104778353483,0,10000,840.0276,341,28271,2643,5763,10000
60,run,1000,true,zipfian,READ,3121085,357507503,395577417,394045409,3442063,600529,3405258,0,0,0,1402,651,3143826,2072321,19149791,43104320,6502654,37418,88406870053,131981187,7587414,1130467,1,0,0,0,0,30431,3286.1227038217608,0,100000,300.56863,58,31215,1485,3449,100000
60,reference,1000,true,zipfian,READ,17070,18138778,6240426,6074737,1119,1,0,0,0,0,1402,651,3143826,2072633,19149791,43104632,6502654,37418,88406870053,131981187,7587414,1130467,1,0,0,0,0,2569,38925.65200467108,0,100000,22.29593,16,9983,43,79,100000
60,clean-run,1000,true,zipfian,READ,8619,5873217,11228570,11226612,36805,1,0,0,0,0,1402,652,3150318,2073107,19182815,43117256,6502686,37421,88477750649,132063026,7588350,1137963,1,0,0,0,0,29936,3340.4596472474614,0,100000,295.67226,56,35583,1547,3465,100000
60,avg-run,1000,true,zipfian,READ,18852,9338306,15332019,15328018,77805,5,0,0,0,0,1402,652,3150318,2076662,19220911,43127536,6502686,37421,88579974913,132240608,7620786,1137963,1,0,0,0,0,13203,7574.036203893054,0,100000,128.55266,104,13831,160,281,100000
61,extend,1000,true,zipfian,EXTEND,3250961,358827227,396861282,395305263,3551609,610540,3514287,0,0,0,1402,652,3150318,2080908,19257422,43194617,6502686,37421,88841133024,132606212,7624845,1137963,0,0,0,0,1,8829,1132.6311020500623,0,10000,854.3919,339,52927,2711,6135,10000
61,run,1000,true,zipfian,READ,3259608,365813766,408182403,406625362,3551609,610540,3514287,0,0,0,1402,652,3150318,2083401,19286920,43203625,6502686,37421,88841769721,132616813,7624846,1137963,1,0,0,0,0,30866,3239.810795049569,0,100000,304.99309,59,38207,1571,3401,100000
61,reference,1000,true,zipfian,READ,17442,18440941,6344563,6175981,1119,1,0,0,0,0,1402,652,3150318,2083874,19294951,43204020,6502686,37421,88841769771,132616814,7624846,1137963,1,0,0,0,0,2657,37636.43206624012,0,100000,23.17081,16,10055,46,91,100000
61,clean-run,1000,true,zipfian,READ,8747,5902342,11263184,11261226,37322,1,0,0,0,0,1402,653,3162591,2084431,19332627,43216757,6502749,37495,88948286959,132795829,7656616,1137963,1,0,0,0,0,29229,3421.2597078244207,0,100000,288.71822,56,38527,1515,3333,100000
61,avg-run,1000,true,zipfian,READ,18974,9367437,15366633,15362632,78322,5,0,0,0,0,1402,653,3162591,2085224,19348746,43227041,6502749,37495,89016000977,132878973,7656618,1137963,1,0,0,0,0,13601,7352.400558782442,0,100000,132.64456,102,17503,178,296,100000
62,extend,1000,true,zipfian,EXTEND,3386229,367176987,409528707,407946777,3666734,620551,3628885,0,0,0,1402,653,3162591,2089457,19393180,43297726,6502749,37495,89290433543,133261344,7661238,1137963,0,0,0,0,1,8923,1120.699316373417,0,10000,861.6885,340,38175,2567,5823,10000
62,run,1000,true,zipfian,READ,3442243,374217703,421128246,419544397,3666736,620562,3628887,0,0,0,1402,653,3162591,2093013,19438771,43307787,6502749,37495,89296181377,133349373,7662523,1137963,1,0,0,0,0,31361,3188.6738305538724,0,100000,309.68985,59,33887,1476,3449,100000
62,reference,1000,true,zipfian,READ,17797,18743194,6449584,6277239,1119,1,0,0,0,0,1402,653,3162591,2093061,19438771,43308090,6502749,37495,89296181377,133349373,7662523,1137963,1,0,0,0,0,2559,39077.76475185619,0,100000,22.2593,16,9823,45,73,100000
62,clean-run,1000,true,zipfian,READ,8891,5925712,11440113,11438155,37849,1,0,0,0,0,1402,654,3176194,2093171,19453962,43320858,6502812,37564,89369217464,133433577,7663459,1145797,1,0,0,0,0,29218,3422.5477445410365,0,100000,288.74537,56,20895,1404,3357,100000
62,avg-run,1000,true,zipfian,READ,19118,9390807,15543562,15539561,78849,5,0,0,0,0,1402,654,3176194,2093493,19478504,43331273,6502812,37564,89445514582,133544746,7672681,1145797,1,0,0,0,0,13438,7441.583568983479,0,100000,130.89568,105,14487,160,271,100000
63,extend,1000,true,zipfian,EXTEND,3545671,375538779,422449346,420841462,3779503,630573,3741149,0,0,0,1402,654,3176194,2097693,19515583,43401689,6502812,37564,89738383324,133920088,7683467,1145797,0,0,0,0,1,8631,1158.6142973004287,0,10000,834.4913,346,24943,2589,5567,10000
63,run,1000,true,zipfian,READ,3554581,382738458,434111384,432502478,3779503,630573,3741149,0,0,0,1402,654,3176194,2100207,19528860,43410833,6502812,37564,89739021248,133930711,7683468,1145797,1,0,0,0,0,31472,3177.427554651754,0,100000,311.21169,58,20031,1463,3489,100000
63,reference,1000,true,zipfian,READ,18166,19045360,6553721,6378483,1119,1,0,0,0,0,1402,654,3176194,2100403,19528860,43411159,6502812,37564,89739021248,133930711,7683468,1145797,1,0,0,0,0,2630,38022.813688212926,0,100000,22.86884,16,12119,44,80,100000
63,clean-run,1000,true,zipfian,READ,9020,5963237,11568920,11566962,38354,1,0,0,0,0,1402,655,3182637,2102265,19598590,43424455,6502845,37567,89813132580,134016057,7684404,1153363,1,0,0,0,0,29619,3376.2112157736588,0,100000,292.74693,58,44127,1404,3429,100000
63,avg-run,1000,true,zipfian,READ,19247,9428332,15672369,15668368,79354,5,0,0,0,0,1402,655,3182637,2104950,19614349,43434750,6502845,37567,89919311876,134198026,7718302,1153363,1,0,0,0,0,13824,7233.7962962962965,0,100000,134.79327,107,15159,172,298,100000
64,extend,1000,true,zipfian,EXTEND,3694069,384076656,435433194,433800278,3892231,640584,3853360,0,0,0,1402,655,3182637,2109177,19649400,43507157,6502845,37567,90189404308,134573219,7722612,1153363,0,0,0,0,1,8812,1134.8161597821154,0,10000,852.262,346,26831,2583,5783,10000
64,run,1000,true,zipfian,READ,3703406,391276183,447180974,445547036,3892231,640584,3853360,0,0,0,1402,655,3182637,2112475,19703069,43516854,6502845,37567,90190042224,134583844,7722613,1153363,1,0,0,0,0,31498,3174.8047495079054,0,100000,311.46555,61,37951,1477,3547,100000
64,reference,1000,true,zipfian,READ,18547,19347587,6658742,6479741,1119,1,0,0,0,0,1402,655,3182637,2112599,19711237,43517155,6502845,37567,90196069680,134682937,7722717,1153363,1,0,0,0,0,2600,38461.53846153846,0,100000,22.60486,16,10367,47,86,100000
64,clean-run,1000,true,zipfian,READ,9142,6004995,11748609,11746651,38871,1,0,0,0,0,1402,656,3197293,2112902,19721027,43532165,6502915,37687,90271257088,134769445,7723653,1161020,1,0,0,0,0,30047,3328.119279794988,0,100000,296.98991,56,29055,1453,3457,100000
64,avg-run,1000,true,zipfian,READ,19369,9470090,15852058,15848057,79871,5,0,0,0,0,1402,656,3197293,2112908,19729216,43542421,6502915,37687,90341971106,134852589,7723655,1161020,1,0,0,0,0,13685,7307.270734380709,0,100000,133.50785,108,14183,165,280,100000
65,extend,1000,true,zipfian,EXTEND,3833293,392684957,448603519,446943819,4014020,650595,3974630,0,0,0,1402,656,3197293,2117111,19774283,43619686,6502915,37687,90660971777,135255227,7736438,1161020,0,0,0,0,1,9073,1102.1712774165105,0,10000,878.5475,350,52127,2775,5723,10000
65,run,1000,true,zipfian,READ,3843726,399775714,460595057,458934335,4014020,650595,3974630,0,0,0,1402,656,3197293,2119592,19788189,43630508,6502915,37687,90661610229,135265852,7736439,1161020,1,0,0,0,0,32239,3101.833183411396,0,100000,318.83937,60,31791,1570,3607,100000
65,reference,1000,true,zipfian,READ,18916,19649753,6762879,6580985,1119,1,0,0,0,0,1402,656,3197293,2119593,19788189,43630838,6502915,37687,90661610229,135265852,7736439,1161020,1,0,0,0,0,2625,38095.23809523809,0,100000,22.69744,17,10423,48,84,100000
65,clean-run,1000,true,zipfian,READ,9271,6088346,11996013,11993975,39390,17,0,0,0,0,1402,657,3202761,2120114,19830063,43646360,6502943,37690,90737880157,135353558,7737375,1168742,1,0,0,0,0,30821,3244.54105966711,0,100000,304.73737,57,31167,1534,3555,100000
65,avg-run,1000,true,zipfian,READ,19495,9553439,16099457,16095376,80390,21,0,0,0,0,1402,657,3202761,2123119,19868211,43656652,6502943,37690,90847145461,135542651,7773687,1168742,1,0,0,0,0,14169,7057.661091114404,0,100000,138.34122,109,14959,174,314,100000
66,extend,1000,true,zipfian,EXTEND,3995001,401149092,461984587,460299856,4132879,660606,4092986,0,0,0,1402,657,3202761,2128239,19912158,43733452,6502943,37690,91131615360,135936256,7778126,1168742,0,0,0,0,1,10586,944.6438692612885,0,10000,1026.7341,353,35263,3377,7827,10000
66,run,1000,true,zipfian,READ,4005732,408411327,474074947,472389194,4132879,660606,4092986,0,0,0,1402,657,3202761,2131050,19958206,43744536,6502943,37690,91132257878,135946956,7778127,1168742,1,0,0,0,0,32810,3047.851264858275,0,100000,324.19525,62,40127,1594,3679,100000
66,reference,1000,true,zipfian,READ,19297,19951980,6867900,6682243,1119,1,0,0,0,0,1402,657,3202761,2131199,19966156,43744845,6502943,37690,91132257878,135946956,7778127,1168742,1,0,0,0,0,2565,38986.35477582846,0,100000,21.88552,16,10199,43,73,100000
66,clean-run,1000,true,zipfian,READ,9347,6133018,12224114,12222156,39893,1,0,0,0,0,1402,658,3216722,2131620,19987248,43761506,6503012,37814,91227098192,136139700,7790603,1168742,1,0,0,0,0,31473,3177.326597400947,0,100000,311.14054,57,38655,1601,3627,100000
66,avg-run,1000,true,zipfian,READ,19574,9598113,16327563,16323562,80893,5,0,0,0,0,1402,658,3216722,2131718,19995419,43771769,6503012,37814,91299812210,136222844,7790605,1168742,1,0,0,0,0,14169,7057.661091114404,0,100000,138.21485,111,14655,172,303,100000
67,extend,1000,true,zipfian,EXTEND,4145678,409812057,475491971,473780468,4254034,670617,4213584,0,0,0,1402,658,3216722,2136118,20040294,43851000,6503012,37814,91607961923,136623582,7800579,1168742,0,0,0,0,1,9101,1098.780353807274,0,10000,880.9471,347,41439,2949,5659,10000
67,run,1000,true,zipfian,READ,4156001,417121656,487857038,486144513,4254034,670617,4213584,0,0,0,1402,658,3216722,2138518,20054126,43861959,6503012,37814,91608598685,136634176,7800580,1168742,1,0,0,0,0,33753,2962.699611886351,0,100000,333.48354,60,26927,1816,3741,100000
67,reference,1000,true,zipfian,READ,19666,20254146,6972037,6783487,1119,1,0,0,0,0,1402,658,3216722,2138518,20054126,43862286,6503012,37814,91608598685,136634176,7800580,1168742,1,0,0,0,0,2631,38008.36183960471,0,100000,22.83981,16,9519,44,87,100000
67,clean-run,1000,true,zipfian,READ,9466,6128970,12259894,12257936,40450,1,0,0,0,0,1402,659,3222445,2139583,20097181,43880950,6503043,37816,91687031968,136724266,7801517,1176478,1,0,0,0,0,31483,3176.317377632373,0,100000,311.30529,59,32399,1746,3639,100000
67,avg-run,1000,true,zipfian,READ,19699,9594059,16363343,16359342,81450,5,0,0,0,0,1402,659,3222445,2142025,20135448,43891197,6503043,37816,91798316914,136913094,7837677,1176478,1,0,0,0,0,14356,6965.728615213151,0,100000,140.12176,112,14287,175,312,100000
68,extend,1000,true,zipfian,EXTEND,4313415,418505268,489271726,487535191,4375019,680628,4334039,0,0,0,1402,659,3222445,2146527,20180053,43971123,6503043,37816,92088365381,137313160,7842263,1176478,0,0,0,0,1,9213,1085.42277216976,0,10000,889.5652,347,46463,2931,5907,10000
68,run,1000,true,zipfian,READ,4324293,426006054,501949711,500212153,4375019,680628,4334039,0,0,0,1402,659,3222445,2149060,20234393,43982328,6503043,37816,92089007867,137323859,7842264,1176478,1,0,0,0,0,34373,2909.2601751374627,0,100000,339.95249,64,45951,1874,3759,100000
68,reference,1000,true,zipfian,READ,20049,20556371,7077058,6884745,1119,1,0,0,0,0,1402,659,3222445,2149206,20242439,43982672,6503043,37816,92089007867,137323859,7842264,1176478,1,0,0,0,0,2649,37750.09437523594,0,100000,22.98633,16,10527,48,87,100000
68,clean-run,1000,true,zipfian,READ,9561,6221644,12560012,12558054,40980,1,0,0,0,0,1402,660,3236886,2149599,20254233,44001775,6503143,37956,92180648979,137520960,7848709,1176478,1,0,0,0,0,32380,3088.3261272390364,0,100000,320.31264,58,41983,1818,3683,100000
68,avg-run,1000,true,zipfian,READ,19788,9686739,16663461,16659460,81980,5,0,0,0,0,1402,660,3236886,2149643,20270423,44012024,6503143,37956,92255362997,137604104,7848711,1176478,1,0,0,0,0,14406,6941.552131056505,0,100000,140.59884,113,19135,174,304,100000
69,extend,1000,true,zipfian,EXTEND,4469868,427433488,503415787,501652486,4500558,690639,4459131,0,0,0,1402,660,3236886,2154003,20307586,44095557,6503143,37956,92580139655,138018029,7860475,1176478,0,0,0,0,1,9248,1081.3148788927335,0,10000,894.3103,351,38559,2855,5935,10000
69,run,1000,true,zipfian,READ,4481537,434779135,515984101,514219778,4500558,690639,4459131,0,0,0,1402,660,3236886,2156011,20321367,44107462,6503143,37956,92580778918,138028674,7860476,1176478,1,0,0,0,0,33718,2965.774956996263,0,100000,333.17972,63,33919,1750,3777,100000
69,reference,1000,true,zipfian,READ,20497,20858458,7181195,6985989,1119,1,0,0,0,0,1402,660,3236886,2156394,20329427,44107906,6503143,37956,92580778918,138028674,7860476,1176478,1,0,0,0,0,2661,37579.85719654265,0,100000,23.15797,16,10623,46,91,100000
69,clean-run,1000,true,zipfian,READ,9682,6263306,12675102,12673144,41434,1,0,0,0,0,1402,661,3241807,2158148,20385229,44128609,6503169,37959,92661347107,138121009,7861412,1184530,1,0,0,0,0,32505,3076.4497769573914,0,100000,321.35807,59,41567,1749,3761,100000
69,avg-run,1000,true,zipfian,READ,19918,9728392,16778551,16774550,82434,5,0,0,0,0,1402,661,3241807,2159695,20416479,44138889,6503169,37959,92775124543,138313409,7898771,1184530,1,0,0,0,0,14608,6845.564074479737,0,100000,142.44308,115,16799,182,317,100000
70,extend,1000,true,zipfian,EXTEND,4648031,436178953,517430240,515641909,4624359,700650,4582422,0,0,0,1402,661,3241807,2164021,20461198,44222092,6503169,37959,93072678726,138722034,7903520,1184530,0,0,0,0,1,9128,1095.530236634531,0,10000,883.1182,349,33599,2761,6051,10000
70,run,1000,true,zipfian,READ,4660243,443806847,530390579,528601226,4624359,700650,4582422,0,0,0,1402,661,3241807,2166199,20524588,44235560,6503169,37959,93073319829,138732704,7903521,1184530,1,0,0,0,0,34747,2877.946297522088,0,100000,343.69109,62,26271,1890,3825,100000
70,reference,1000,true,zipfian,READ,20906,21160657,7286216,7087247,1119,1,0,0,0,0,1402,661,3241807,2167640,20524588,44236034,6503169,37959,93079908903,138840874,7903628,1184530,1,0,0,0,0,2571,38895.37145079736,0,100000,22.31759,17,10015,48,89,100000
70,clean-run,1000,true,zipfian,READ,9827,6268693,12769911,12767953,41937,1,0,0,0,0,1402,662,3255284,2167992,20537204,44256394,6503234,37977,93161549968,138934349,7904564,1193389,1,0,0,0,0,32454,3081.284279287607,0,100000,320.96729,58,52767,1819,3721,100000
70,avg-run,1000,true,zipfian,READ,20060,9733782,16873360,16869359,82937,5,0,0,0,0,1402,662,3255284,2167992,20545347,44266625,6503234,37977,93238263986,139017493,7904566,1193389,1,0,0,0,0,14585,6856.359273225917,0,100000,142.36998,114,14983,180,302,100000
71,extend,1000,true,zipfian,EXTEND,4811157,445245726,531879136,530064041,4751804,710661,4709361,0,0,0,1402,662,3255284,2172492,20590319,44353461,6503234,37977,93574242514,139437214,7918089,1193389,0,0,0,0,1,9615,1040.0416016640665,0,10000,931.7345,354,38911,3099,6695,10000
71,run,1000,true,zipfian,READ,4824172,452722322,545055290,543239173,4751804,710661,4709361,0,0,0,1402,662,3255284,2174872,20612222,44366880,6503234,37977,93574885009,139447913,7918090,1193389,1,0,0,0,0,43362,2306.1666897283335,0,100000,428.23628,63,28479,2303,4859,100000
71,reference,1000,true,zipfian,READ,21278,21462820,7390353,7188491,1119,1,0,0,0,0,1402,662,3255284,2175149,20620141,44367310,6503234,37977,93574885009,139447913,7918090,1193389,1,0,0,0,0,2724,36710.71953010279,0,100000,23.76837,15,9831,49,101,100000
71,clean-run,1000,true,zipfian,READ,10073,6343390,13066400,13064362,42443,1,0,0,0,0,1402,663,3264298,2176051,20684018,44389125,6503279,38072,93695400357,139653472,7956454,1193389,1,0,0,0,0,34461,2901.831055395955,0,100000,341.06919,59,41759,1891,4037,100000
71,avg-run,1000,true,zipfian,READ,20300,9808480,17169844,17165763,83443,5,0,0,0,0,1402,663,3264298,2176996,20691974,44399369,6503279,38072,93773114325,139736615,7956456,1193389,1,0,0,0,0,14833,6741.724533135576,0,100000,144.88289,116,14943,182,320,100000
72,extend,1000,true,zipfian,EXTEND,4999452,454174291,546528976,544687114,4877913,720683,4835008,0,0,0,1402,663,3264298,2181420,20736372,44484951,6503279,38072,94079211464,140170192,7961960,1193389,0,0,0,0,1,9344,1070.2054794520548,0,10000,902.9613,349,31999,3075,6135,10000
72,run,1000,true,zipfian,READ,5012290,461826123,559656730,557813846,4877913,720683,4835008,0,0,0,1402,663,3264298,2183288,20750562,44498599,6503279,38072,94079854745,140180908,7961961,1193389,1,0,0,0,0,35398,2825.018362619357,0,100000,350.00173,64,33855,1935,3973,100000
72,reference,1000,true,zipfian,READ,21664,21765255,7495466,7289841,1119,1,0,0,0,0,1402,663,3264298,2184671,20750562,44499121,6503279,38072,94079854745,140180908,7961961,1193389,1,0,0,0,0,2651,37721.61448509996,0,100000,23.13544,16,10159,49,94,100000
72,clean-run,1000,true,zipfian,READ,10069,6377788,13184866,13182908,42905,1,0,0,0,0,1402,664,3268702,2186053,20804038,44520572,6503302,38076,94163633803,140276570,7962897,1202252,1,0,0,0,0,34000,2941.176470588235,0,100000,336.36579,61,52511,1901,3937,100000
72,avg-run,1000,true,zipfian,READ,20302,9842877,17288315,17284314,83905,5,0,0,0,0,1402,664,3268702,2187570,20835222,44530840,6503302,38076,94278404303,140457283,7996252,1202252,1,0,0,0,0,16124,6201.935003721161,0,100000,157.66196,118,15039,242,368,100000
73,extend,1000,true,zipfian,EXTEND,5182358,463294267,561230165,559363273,5013227,730694,4969806,0,0,0,1402,664,3268702,2193200,20887250,44622589,6503302,38076,94604799221,140900914,8001684,1202252,0,0,0,0,1,11516,868.357068426537,0,10000,1116.1073,356,60959,4207,8463,10000
73,run,1000,true,zipfian,READ,5202340,470716370,574575372,572707458,5013227,730694,4969806,0,0,0,1402,664,3268702,2197676,20933089,44642987,6503302,38076,94605436708,140911534,8001685,1202252,1,0,0,0,0,41848,2389.600458803288,0,100000,414.47036,65,785407,2139,4495,100000
73,reference,1000,true,zipfian,READ,22043,22067484,7600487,7391099,1119,1,0,0,0,0,1402,664,3268702,2198004,20939526,44643460,6503302,38076,94605436708,140911534,8001685,1202252,1,0,0,0,0,2749,36376.86431429611,0,100000,23.90082,16,10887,48,97,100000
73,clean-run,1000,true,zipfian,READ,10343,6434004,13317438,13315480,43421,1,0,0,0,0,1402,665,3279240,2198490,20972765,44663643,6504677,38082,94719259885,141125514,8029550,1202252,1,0,0,0,0,37343,2677.878049433629,0,100000,369.56108,61,17487,1992,4311,100000
73,avg-run,1000,true,zipfian,READ,20570,9899099,17420887,17416886,84421,5,0,0,0,0,1402,665,3279240,2198532,20980918,44673924,6504677,38082,94798973903,141208658,8029552,1202252,1,0,0,0,0,14698,6803.646754660498,0,100000,143.21601,118,15695,175,300,100000
74,extend,1000,true,zipfian,EXTEND,5371954,472214193,576181219,574287564,5151211,740705,5107315,0,0,0,1402,665,3279240,2203333,21033691,44769204,6504677,38082,95139133713,141660241,8037406,1202252,0,0,0,0,1,9820,1018.3299389002036,0,10000,948.2916,352,54911,3253,6335,10000
74,run,1000,true,zipfian,READ,5404687,479685929,589649204,587754527,5151211,740705,5107315,0,0,0,1402,665,3279240,2208850,21093812,44802352,6504677,38082,95139770572,141670842,8037407,1202252,1,0,0,0,0,39678,2520.2883209839206,0,100000,392.63255,64,36671,1974,4599,100000
74,reference,1000,true,zipfian,READ,22446,22369689,7705508,7492357,1119,1,0,0,0,0,1402,665,3279240,2209307,21101290,44802843,6504677,38082,95139770572,141670842,8037407,1202252,1,0,0,0,0,2635,37950.66413662239,0,100000,22.82373,17,9975,48,90,100000
74,clean-run,1000,true,zipfian,READ,10467,6458567,13440854,13438896,43896,1,0,0,0,0,1402,666,3292390,2209645,21116385,44822626,6504741,38231,95235618154,141888002,8043057,1202252,1,0,0,0,0,36045,2774.309890414759,0,100000,356.66645,61,51455,1882,4455,100000
74,avg-run,1000,true,zipfian,READ,20694,9923662,17544303,17540302,84896,5,0,0,0,0,1402,666,3292390,2209645,21124462,44832883,6504741,38231,95316332172,141971146,8043059,1202252,1,0,0,0,0,14761,6774.608766343744,0,100000,144.10207,117,15447,180,313,100000
75,extend,1000,true,zipfian,EXTEND,5571508,481195313,591265803,589345382,5290047,750716,5245678,0,0,0,1402,666,3292390,2214386,21185486,44928927,6504741,38231,95678191023,142425190,8056310,1202252,0,0,0,0,1,9989,1001.1012113324657,0,10000,968.8748,357,45119,3169,6835,10000
75,run,1000,true,zipfian,READ,5617801,488784394,604888939,602967496,5290047,750716,5245678,0,0,0,1402,666,3292390,2217098,21192682,44975368,6504741,38231,95678838354,142435974,8056311,1202252,1,0,0,0,0,37904,2638.2439848037147,0,100000,374.98577,65,43327,1874,4531,100000
75,reference,1000,true,zipfian,READ,22818,22671852,7809645,7593601,1119,1,0,0,0,0,1402,666,3292390,2217151,21207106,44975786,6504741,38231,95678838354,142435974,8056311,1202252,1,0,0,0,0,2696,37091.9881305638,0,100000,23.49258,16,10407,47,88,100000
75,clean-run,1000,true,zipfian,READ,10597,6490321,13632531,13630573,44369,1,0,0,0,0,1402,667,3298812,2218117,21273223,44996018,6504773,38298,95805080754,142654996,8097726,1202252,1,0,0,0,0,38710,2583.311805734952,0,100000,383.37596,62,29551,1933,4639,100000
75,avg-run,1000,true,zipfian,READ,20824,9955416,17735980,17731979,85369,5,0,0,0,0,1402,667,3298812,2218197,21289321,45006280,6504773,38298,95886794772,142738140,8097728,1202252,1,0,0,0,0,17412,5743.165632896853,0,100000,169.62004,129,17023,281,392,100000
76,extend,1000,true,zipfian,EXTEND,5800974,490286701,606517754,604570569,5430046,760727,5385195,0,0,0,1402,668,3299142,2223697,21348789,45103477,6504773,38298,96231890063,143205775,8104578,1202252,0,0,0,0,1,11331,882.5346394845998,0,10000,1097.7965,351,46591,3775,8663,10000
76,run,1000,true,zipfian,READ,5856440,497979877,620418642,618470435,5430046,760727,5385195,0,0,0,1402,668,3299553,2226999,21364782,45159554,6504773,38298,96234162826,143206488,8105185,1202252,1,0,0,0,0,47810,2091.6126333403054,0,100000,473.02623,69,55711,2253,5671,100000
76,reference,1000,true,zipfian,READ,23223,22974055,7914666,7694859,1119,1,0,0,0,0,1402,668,3299591,2227139,21379052,45159989,6504773,38298,96234162826,143206488,8105185,1202252,1,0,0,0,0,4037,24770.869457517958,0,100000,36.10066,17,17199,72,144,100000
76,clean-run,1000,true,zipfian,READ,10727,6573201,13902071,13900113,44851,1,0,0,0,0,1402,669,3308802,2227772,21437077,45180743,6558066,38394,96374752804,143427806,8176069,1202252,1,0,0,0,0,37792,2646.0626587637594,0,100000,373.87713,62,56127,1795,4567,100000
76,avg-run,1000,true,zipfian,READ,20954,10038296,18005520,18001519,85851,5,0,0,0,0,1402,669,3308802,2227855,21445150,45191002,6558066,38394,96457466822,143510950,8176071,1202252,1,0,0,0,0,15053,6643.1940476981335,0,100000,147.07738,120,15263,184,305,100000
77,extend,1000,true,zipfian,EXTEND,6038713,499494263,622062391,620088441,5571331,770738,5526044,0,0,0,1402,670,3309310,2232774,21507241,45290597,6558066,38394,96811202213,143982585,8183864,1202252,0,0,0,0,1,10285,972.2897423432182,0,10000,997.8513,362,26799,3179,7131,10000
77,run,1000,true,zipfian,READ,6105190,507174675,636158905,634183933,5571331,770738,5526044,0,0,0,1402,670,3309466,2235304,21513107,45357409,6558066,38394,96813129205,143983313,8184376,1202252,1,0,0,0,0,39527,2529.9162597718014,0,100000,391.23843,70,47583,2010,4387,100000
77,reference,1000,true,zipfian,READ,23628,23276258,8019687,7796117,1119,1,0,0,0,0,1402,670,3309472,2235304,21513107,45357960,6558066,38394,96813129205,143983313,8184376,1202252,1,0,0,0,0,2823,35423.30853701736,0,100000,24.6388,17,11639,49,92,100000
77,clean-run,1000,true,zipfian,READ,10843,6582668,14043611,14041653,45287,1,0,0,0,0,1402,671,3313407,2237776,21601455,45378799,6601827,38400,96942369362,144206522,8226931,1211953,1,0,0,0,0,38331,2608.8544520101223,0,100000,379.59231,61,32991,2014,4455,100000
77,avg-run,1000,true,zipfian,READ,21076,10047757,18147060,18143059,86287,5,0,0,0,0,1402,671,3313407,2238218,21608699,45389098,6601827,38400,97026083380,144289666,8226933,1211953,1,0,0,0,0,15666,6383.250351078769,0,100000,153.11505,121,15335,197,331,100000
78,extend,1000,true,zipfian,EXTEND,6299149,508686804,637812254,635813274,5713545,780749,5667770,0,0,0,1402,672,3313977,2243135,21672053,45490742,6601827,38400,97385315436,144764134,8234940,1211953,0,0,0,0,1,10313,969.649956365752,0,10000,1001.0816,355,53407,3229,7119,10000
78,run,1000,true,zipfian,READ,6443466,516511250,652072937,650072064,5713547,780760,5667772,0,0,0,1402,672,3314179,2255649,21741205,45569361,6601827,38400,97421552015,144887873,8273567,1211953,1,0,0,0,0,40756,2453.6264599077435,0,100000,403.42624,66,29807,2011,4827,100000
78,reference,1000,true,zipfian,READ,24033,23578461,8124708,7897375,1119,1,0,0,0,0,1402,672,3314191,2255716,21741205,45569926,6601827,38400,97421552015,144887873,8273567,1211953,1,0,0,0,0,2823,35423.30853701736,0,100000,24.77574,17,9735,48,102,100000
78,clean-run,1000,true,zipfian,READ,10969,6661406,14354028,14352070,45775,1,0,0,0,0,1402,673,3321537,2255731,21749399,45590435,6646998,38423,97511770166,144990097,8274505,1221179,1,0,0,0,0,39083,2558.65721669268,0,100000,387.1391,62,44703,1997,4731,100000
78,avg-run,1000,true,zipfian,READ,21196,10126501,18457477,18453476,86775,5,0,0,0,0,1402,673,3321537,2255731,21757578,45600720,6646998,38423,97596484184,145073241,8274507,1221179,1,0,0,0,0,15545,6432.9366355741395,0,100000,151.93079,121,15975,196,329,100000
79,extend,1000,true,zipfian,EXTEND,6553817,517965313,653726415,651700670,5855949,790760,5809693,0,0,0,1402,674,3321603,2260546,21811812,45703312,6646998,38423,97972992423,145538264,8288940,1221179,0,0,0,0,1,10231,977.4215619196559,0,10000,992.3292,363,44479,3173,6979,10000
79,run,1000,true,zipfian,READ,6713635,525804091,668013583,665985945,5855951,790771,5809695,0,0,0,1402,674,3321990,2272607,21892380,45796585,6646998,38423,98013897616,145672280,8330718,1221179,1,0,0,0,0,39063,2559.967232419425,0,100000,386.6456,66,48575,2011,4431,100000
79,reference,1000,true,zipfian,READ,24438,23880664,8229729,7998633,1119,1,0,0,0,0,1402,674,3322016,2272695,21892380,45797235,6646998,38423,98013897616,145672280,8330718,1221179,1,0,0,0,0,2750,36363.63636363636,0,100000,24.07927,17,12287,49,95,100000
79,clean-run,1000,true,zipfian,READ,11092,6707302,14460941,14458983,46256,1,0,0,0,0,1402,675,3329679,2272711,21900573,45818455,6689894,38558,98105188875,145775610,8331656,1230452,1,0,0,0,0,37225,2686.366689053056,0,100000,368.62715,60,39007,2004,4319,100000
79,avg-run,1000,true,zipfian,READ,21421,11221994,19564390,19560389,97256,5,0,0,0,0,1402,675,3329679,2272711,21908752,45828845,6689894,38558,98192232101,145878781,8331658,1230452,1,0,0,0,0,16179,6180.851721367205,0,100000,158.08716,124,19823,207,346,100000
80,extend,1000,true,zipfian,EXTEND,6828373,527290871,669730267,667677756,6003894,800771,5957154,0,0,0,1402,676,3330342,2277569,21966196,45934280,6689894,38558,98597477449,146360775,8348905,1230452,0,0,0,0,1,10348,966.3703131039814,0,10000,1004.4431,361,31647,3329,6775,10000
80,run,1000,true,zipfian,READ,6934441,535008019,684220671,682167138,6003894,800771,5957154,0,0,0,1402,676,3330460,2286421,22036994,46041535,6689894,38558,98599660974,146371518,8349306,1230452,1,0,0,0,0,38954,2567.130461570057,0,100000,385.49393,68,26511,1926,4167,100000
80,reference,1000,true,zipfian,READ,24841,24182869,8334750,8099891,1119,1,0,0,0,0,1402,676,3330469,2286950,22047198,46042329,6689894,38558,98599660974,146371518,8349306,1230452,1,0,0,0,0,2760,36231.884057971016,0,100000,24.10375,17,9695,49,100,100000
80,clean-run,1000,true,zipfian,READ,11216,6711813,14517660,14515702,46740,1,0,0,0,0,1402,677,3340881,2287101,22056918,46064075,6733516,38733,98726626971,146603140,8389660,1239746,1,0,0,0,0,40321,2480.0972198110167,0,100000,399.23005,64,55551,2016,4655,100000
80,avg-run,1000,true,zipfian,READ,21663,11225797,19621109,19617108,97740,5,0,0,0,0,1402,677,3340881,2287101,22065096,46074585,6733516,38733,98814670247,146706312,8389662,1239746,1,0,0,0,0,19374,5161.556725508413,0,100000,189.37738,126,16607,333,440,100000
81,extend,1000,true,zipfian,EXTEND,7119388,536534408,685883104,683803828,6146822,810782,6099592,0,0,0,1402,678,3341513,2292215,22130917,46180706,6733516,38733,99208837702,147183118,8406710,1239746,0,0,0,0,1,10921,915.6670634557275,0,10000,1057.0275,361,62239,3413,8067,10000
81,run,1000,true,zipfian,READ,7222197,544457308,700625939,698545641,6146822,810782,6099592,0,0,0,1402,678,3341659,2300593,22186256,46284063,6733516,38733,99210679321,147183900,8407177,1239746,1,0,0,0,0,40390,2475.860361475613,0,100000,399.76713,68,38399,1988,4295,100000
81,reference,1000,true,zipfian,READ,25244,24485074,8439771,8201149,1119,1,0,0,0,0,1402,678,3341675,2301001,22196027,46284714,6733516,38733,99210679321,147183900,8407177,1239746,1,0,0,0,0,2658,37622.27238525207,0,100000,23.24929,17,10303,47,93,100000
81,clean-run,1000,true,zipfian,READ,11343,6733067,14679931,14677973,47230,1,0,0,0,0,1402,679,3352397,2301309,22213617,46306395,6778209,38928,99341190766,147413282,8450830,1239746,1,0,0,0,0,36530,2737.476047084588,0,100000,361.56278,64,61119,1868,4065,100000
81,avg-run,1000,true,zipfian,READ,21956,11246055,19783380,19779379,98230,5,0,0,0,0,1402,679,3352397,2301317,22221799,46317034,6778209,38928,99430233992,147516453,8450832,1239746,1,0,0,0,0,14395,6946.856547412296,0,100000,140.41519,114,15983,182,307,100000
82,extend,1000,true,zipfian,EXTEND,7407240,546006387,702327984,700221944,6293222,820793,6245476,0,0,0,1402,680,3353051,2306010,22285962,46423519,6778209,38928,99832729305,148004081,8467555,1239746,0,0,0,0,1,9974,1002.6067776218167,0,10000,967.5793,359,35679,3123,6783,10000
82,run,1000,true,zipfian,READ,7527927,553901074,717212295,715105233,6293222,820793,6245476,0,0,0,1402,680,3353143,2309162,22299127,46545736,6778209,38928,99834208170,148004782,8467942,1239746,1,0,0,0,0,38808,2576.7882910740054,0,100000,384.23718,68,50495,2093,4107,100000
82,reference,1000,true,zipfian,READ,25616,24787237,8543908,8302393,1119,1,0,0,0,0,1402,680,3353176,2309240,22309446,46546250,6778209,38928,99834208170,148004782,8467942,1239746,1,0,0,0,0,2720,36764.705882352944,0,100000,23.75022,17,10287,48,93,100000
82,clean-run,1000,true,zipfian,READ,11470,6816002,14904221,14902263,47753,1,0,0,0,0,1402,681,3359487,2310176,22375449,46569263,6821472,39026,99975903150,148237896,8531553,1239777,1,0,0,0,0,36982,2704.0181710021093,0,100000,366.23563,67,26191,2065,4069,100000
82,avg-run,1000,true,zipfian,READ,22235,11349638,20008743,20003865,98755,16,2,0,0,0,1402,681,3359487,2310465,22391392,46580059,6821472,39026,100066579750,148351605,8531556,1239777,1,0,0,0,0,14340,6973.5006973500695,0,100000,139.95552,113,16063,172,309,100000
83,extend,1000,true,zipfian,EXTEND,7730273,555462700,718956835,716824029,6443563,830804,6395306,0,0,0,1402,682,3360316,2315565,22446965,46690304,6821472,39026,100458248160,148840757,8542529,1239777,0,0,0,0,1,10445,957.3958831977022,0,10000,1014.5301,349,26927,3281,7295,10000
83,run,1000,true,zipfian,READ,7861200,563318106,733906991,731773163,6443563,830804,6395306,0,0,0,1402,682,3360356,2319733,22473157,46821284,6821472,39026,100459365779,148841460,8542820,1239777,1,0,0,0,0,39020,2562.7883136852897,0,100000,386.17717,72,40447,1981,4167,100000
83,reference,1000,true,zipfian,READ,26021,25089440,8648929,8403651,1119,1,0,0,0,0,1402,682,3360357,2319842,22482901,46821991,6821472,39026,100459365779,148841460,8542820,1239777,1,0,0,0,0,2682,37285.60775540641,0,100000,23.34003,16,10263,48,93,100000
83,clean-run,1000,true,zipfian,READ,11611,6818074,14950873,14948915,48257,1,0,0,0,0,1402,683,3368570,2320682,22540895,46844990,6865452,39189,100606152634,149078724,8617657,1239879,1,0,0,0,0,37190,2688.8948642108094,0,100000,368.19032,60,31327,1907,4367,100000
83,avg-run,1000,true,zipfian,READ,22498,11329448,20054322,20050321,99257,5,0,0,0,0,1402,683,3368570,2320771,22548943,46855936,6865452,39189,100697195860,149181895,8617659,1239879,1,0,0,0,0,14532,6881.365262868153,0,100000,141.97613,116,15983,179,311,100000
84,extend,1000,true,zipfian,EXTEND,8063274,564900479,735680933,733522232,6596494,840815,6547756,0,0,0,1402,684,3369609,2325780,22619955,46968146,6865452,39189,101100161240,149678740,8629870,1239879,0,0,0,0,1,10531,949.5774380400721,0,10000,1022.2465,368,47103,3429,7103,10000
84,run,1000,true,zipfian,READ,8269992,572784330,750839364,748678756,6596496,840826,6547758,0,0,0,1402,684,3369680,2336689,22686603,47109843,6865452,39189,101132625972,149781947,8660629,1239879,1,0,0,0,0,39663,2521.2414592945565,0,100000,392.69898,67,47135,2123,4195,100000
84,reference,1000,true,zipfian,READ,26426,25391643,8753950,8504909,1119,1,0,0,0,0,1402,684,3369680,2336692,22686603,47110326,6865452,39189,101132625972,149781947,8660629,1239879,1,0,0,0,0,2563,39016.777214202106,0,100000,22.25507,16,9959,44,78,100000
84,clean-run,1000,true,zipfian,READ,11733,6884830,15215186,15213228,48738,1,0,0,0,0,1402,685,3374797,2337966,22726924,47133251,6910587,39196,101239172010,149936665,8676404,1249681,1,0,0,0,0,37714,2651.535238903325,0,100000,373.62977,65,20991,2089,4131,100000
84,avg-run,1000,true,zipfian,READ,22827,11394962,20318635,20314634,99738,5,0,0,0,0,1402,685,3374797,2338319,22734254,47144411,6910587,39196,101331215286,150039837,8676406,1249681,1,0,0,0,0,14458,6916.5859731636465,0,100000,141.13011,115,17327,172,291,100000
85,extend,1000,true,zipfian,EXTEND,8441493,574346114,752628995,750444365,6750845,850837,6701610,0,0,0,1402,686,3375820,2343419,22803545,47258662,6910587,39196,101761809368,150540939,8694370,1249681,0,0,0,0,1,10382,963.2055480639568,0,10000,1008.8511,365,57823,3267,7071,10000
85,run,1000,true,zipfian,READ,8674464,582380140,768043132,765856609,6750847,850848,6701612,0,0,0,1402,686,3375872,2355358,22882947,47417761,6910587,39196,101793964632,150685281,8730494,1249681,1,0,0,0,0,39800,2512.5628140703516,0,100000,394.23891,71,16655,2127,4223,100000
85,reference,1000,true,zipfian,READ,26831,25693846,8858971,8606167,1119,1,0,0,0,0,1402,686,3375875,2355574,22882947,47418199,6910587,39196,101793964632,150685281,8730494,1249681,1,0,0,0,0,2600,38461.53846153846,0,100000,22.5983,16,10079,45,89,100000
85,clean-run,1000,true,zipfian,READ,11862,6905231,15350065,15348107,49235,1,0,0,0,0,1402,687,3383207,2355604,22891143,47441715,6955565,39403,101891703241,150795372,8731432,1259961,1,0,0,0,0,37380,2675.227394328518,0,100000,370.12037,65,33119,2077,4127,100000
85,avg-run,1000,true,zipfian,READ,22956,11415363,20453514,20449513,100235,5,0,0,0,0,1402,687,3383207,2355604,22899316,47452868,6955565,39403,101984746517,150898544,8731434,1259961,1,0,0,0,0,14580,6858.710562414266,0,100000,142.41858,116,15039,165,299,100000
86,extend,1000,true,zipfian,EXTEND,8796896,583868829,769779698,767568302,6900376,860848,6850631,0,0,0,1402,688,3384018,2360394,22963870,47565338,6955565,39403,102403825134,151385037,8750300,1259961,0,0,0,0,1,10085,991.571641051066,0,10000,978.3138,368,68287,3119,6823,10000
86,run,1000,true,zipfian,READ,8967923,591985066,785441105,783228687,6900376,860848,6850631,0,0,0,1402,688,3384077,2367990,23015653,47736626,6955565,39403,102405859864,151396697,8750640,1259961,1,0,0,0,0,41172,2428.83513067133,0,100000,408.08241,70,54143,2125,4695,100000
86,reference,1000,true,zipfian,READ,27236,25996049,8963992,8707425,1119,1,0,0,0,0,1402,688,3384083,2368344,23025718,47737610,6955565,39403,102405859864,151396697,8750640,1259961,1,0,0,0,0,2671,37439.161362785475,0,100000,23.23225,17,10719,48,86,100000
86,clean-run,1000,true,zipfian,READ,11983,6952690,15551075,15549117,49745,1,0,0,0,0,1402,689,3393074,2368604,23059592,47761479,7001512,39578,102549813198,151637273,8809339,1259984,1,0,0,0,0,38600,2590.6735751295337,0,100000,382.48249,67,53215,2067,4591,100000
86,avg-run,1000,true,zipfian,READ,23493,11460327,20654524,20650523,100745,5,0,0,0,0,1402,689,3393074,2368620,23067739,47773037,7001512,39578,102643880416,151740453,8809346,1259984,1,0,0,0,0,14754,6777.8229632642,0,100000,144.21121,117,19055,176,305,100000
87,extend,1000,true,zipfian,EXTEND,9171632,593591029,787250213,785012051,7056346,870859,7006111,0,0,0,1402,690,3394034,2373720,23139296,47890231,7001512,39578,103071513612,152257986,8825592,1259984,0,0,0,0,1,10470,955.1098376313277,0,10000,1017.409,366,34015,3525,6983,10000
87,run,1000,true,zipfian,READ,9350440,601705650,803318724,801079540,7056346,870859,7006111,0,0,0,1402,690,3394076,2378120,23163484,48069558,7001512,39578,103072201258,152258691,8825760,1259984,1,0,0,0,0,42080,2376.425855513308,0,100000,417.15681,74,50111,2321,4667,100000
87,reference,1000,true,zipfian,READ,27608,26298212,9068129,8808669,1119,1,0,0,0,0,1402,690,3394076,2378189,23173398,48070021,7001512,39578,103072201258,152258691,8825760,1259984,1,0,0,0,0,2668,37481.259370314845,0,100000,23.11752,17,10247,49,78,100000
87,clean-run,1000,true,zipfian,READ,12099,7012614,15771473,15769515,50235,1,0,0,0,0,1402,691,3401148,2379352,23231015,48094856,7049006,39724,103222418076,152505042,8900600,1259984,1,0,0,0,0,39376,2539.6180414465666,0,100000,390.20803,67,35967,2197,4607,100000
87,avg-run,1000,true,zipfian,READ,23609,11520251,20874922,20870921,101235,5,0,0,0,0,1402,691,3401148,2379462,23247199,48106393,7049006,39724,103317461302,152608213,8900602,1259984,1,0,0,0,0,14812,6751.282743721307,0,100000,144.82541,118,16031,171,301,100000
88,extend,1000,true,zipfian,EXTEND,9565017,603304540,805134329,802869402,7212894,880870,7162174,0,0,0,1402,692,3402232,2384562,23318192,48224362,7049006,39724,103737404985,153127455,8914003,1259984,0,0,0,0,1,10565,946.521533364884,0,10000,1026.8647,360,35935,3391,7243,10000
88,run,1000,true,zipfian,READ,9758841,611359249,820969336,818703387,7212894,880870,7162174,0,0,0,1402,692,3402245,2387376,23324122,48419507,7049006,39724,103737973469,153128183,8914137,1259984,1,0,0,0,0,42588,2348.0792711561944,0,100000,422.14582,72,31039,2205,5007,100000
88,reference,1000,true,zipfian,READ,28013,26600415,9173150,8909927,1119,1,0,0,0,0,1402,692,3402246,2387377,23333348,48420073,7049006,39724,103737973519,153128184,8914137,1259984,1,0,0,0,0,2632,37993.92097264438,0,100000,22.93702,17,10607,46,87,100000
88,clean-run,1000,true,zipfian,READ,12224,7036107,15945598,15943640,50720,1,0,0,0,0,1402,693,3407116,2389540,23414668,48445397,7097187,39780,103883202240,153376197,8970563,1259984,1,0,0,0,0,40443,2472.6157802339094,0,100000,400.84291,68,33663,2171,4871,100000
88,avg-run,1000,true,zipfian,READ,23734,11543744,21049047,21045046,101720,5,0,0,0,0,1402,693,3407116,2389843,23430417,48456952,7097187,39780,103979245470,153479368,8970565,1259984,1,0,0,0,0,14884,6718.624025799516,0,100000,145.47914,119,14935,182,302,100000
89,extend,1000,true,zipfian,EXTEND,9984965,612986825,822846868,820556041,7375014,890881,7323782,0,0,0,1402,694,3408240,2395143,23502317,48580414,7097187,39780,104416812515,154004017,8985132,1259984,0,0,0,0,1,10845,922.0839096357769,0,10000,1054.2846,364,35903,3611,7471,10000
89,run,1000,true,zipfian,READ,10185426,620997971,838957907,836666058,7375014,890881,7323782,0,0,0,1402,694,3408254,2397790,23509912,48781057,7097187,39780,104417956514,154016055,8985245,1259984,1,0,0,0,0,43097,2320.34712392974,0,100000,427.26786,73,34143,2253,5015,100000
89,reference,1000,true,zipfian,READ,28418,26902618,9278171,9011185,1119,1,0,0,0,0,1402,694,3408254,2397790,23509912,48781561,7097187,39780,104417956514,154016055,8985245,1259984,1,0,0,0,0,2596,38520.80123266564,0,100000,22.62656,16,10079,44,84,100000
89,clean-run,1000,true,zipfian,READ,12345,7098965,16126408,16124450,51232,1,0,0,0,0,1402,695,3411405,2400087,23606258,48807026,7146636,39786,104561137907,154269424,9033173,1270640,1,0,0,0,0,41110,2432.4981756263683,0,100000,407.52329,70,52575,2227,4939,100000
89,avg-run,1000,true,zipfian,READ,25105,11599101,21229857,21225856,102232,5,0,0,0,0,1402,695,3411405,2400344,23622317,48819812,7146636,39786,104658181163,154372596,9033175,1270640,1,0,0,0,0,15198,6579.813133307014,0,100000,148.62956,122,15927,171,315,100000
90,extend,1000,true,zipfian,EXTEND,10418044,622624128,840839939,838524082,7537622,900892,7485890,0,0,0,1402,696,3412464,2405644,23696813,48943678,7146636,39786,105097438767,154911206,9047309,1270640,0,0,0,0,1,10852,921.4891264283082,0,10000,1055.7139,367,61727,3623,7499,10000
90,run,1000,true,zipfian,READ,10710263,630843640,857181911,854864161,7537624,900903,7485892,0,0,0,1402,696,3412495,2419128,23780258,49157771,7146636,39786,105126004214,155051310,9080443,1270640,1,0,0,0,0,43634,2291.790805335289,0,100000,432.61635,74,44703,2329,5075,100000
90,reference,1000,true,zipfian,READ,28823,27204821,9383192,9112443,1119,1,0,0,0,0,1402,696,3412495,2419135,23780258,49158615,7146636,39786,105126004214,155051310,9080443,1270640,1,0,0,0,0,2636,37936.26707132018,0,100000,22.96385,16,10007,46,90,100000
90,clean-run,1000,true,zipfian,READ,12458,7151343,16256170,16254212,51732,1,0,0,0,0,1402,697,3417336,2419169,23788450,49183797,7196505,39791,105229115009,155167027,9081381,1281509,1,0,0,0,0,41250,2424.242424242424,0,100000,408.92472,69,62431,2237,5007,100000
90,avg-run,1000,true,zipfian,READ,25218,11651479,21359619,21355618,102732,5,0,0,0,0,1402,697,3417336,2419169,23804802,49196617,7196505,39791,105327158235,155270198,9081383,1281509,1,0,0,0,0,15050,6644.518272425249,0,100000,147.20975,122,15831,167,307,100000
91,extend,1000,true,zipfian,EXTEND,10847195,632419182,859087198,856744575,7702213,910903,7649949,0,0,0,1402,698,3418302,2424469,23878174,49322730,7196505,39791,105798314343,155814893,9103242,1281509,0,0,0,0,1,11056,904.4862518089725,0,10000,1076.0998,368,40255,3653,7691,10000
91,run,1000,true,zipfian,READ,11155225,640598924,875561319,873216803,7702215,910914,7649951,0,0,0,1402,698,3418310,2438513,23962269,49550085,7196505,39791,105826568903,155956480,9137074,1281509,1,0,0,0,0,44073,2268.9628570780296,0,100000,436.78028,75,53215,2301,5155,100000
91,reference,1000,true,zipfian,READ,29228,27507024,9488213,9213701,1119,1,0,0,0,0,1402,698,3418310,2438521,23962269,49551012,7196505,39791,105826568903,155956480,9137074,1281509,1,0,0,0,0,2675,37383.17757009346,0,100000,23.26697,16,9951,46,86,100000
91,clean-run,1000,true,zipfian,READ,12583,7199295,16555275,16553237,52264,17,0,0,0,0,1402,699,3422956,2438552,23970454,49576789,7246849,39862,105930763637,156073413,9138012,1290603,1,0,0,0,0,42458,2355.2687361627964,0,100000,420.9297,69,77375,2291,5055,100000
91,avg-run,1000,true,zipfian,READ,25340,11699429,21658719,21654638,103264,21,0,0,0,0,1402,699,3422956,2438552,23986824,49589570,7246849,39862,106029806863,156176584,9138014,1290603,1,0,0,0,0,15153,6599.353263380189,0,100000,148.21231,122,16063,170,308,100000
92,extend,1000,true,zipfian,EXTEND,11295013,642180852,877480862,875111474,7868311,920914,7815509,0,0,0,1402,700,3424089,2443757,24057561,49716892,7246849,39862,106506405660,156725597,9160204,1290603,0,0,0,0,1,10970,911.5770282588878,0,10000,1066.5806,364,65663,3601,7395,10000
92,run,1000,true,zipfian,READ,11624477,650423634,894158661,891786660,7868313,920925,7815511,0,0,0,1402,700,3424102,2456909,24143657,49965108,7246849,39862,106534382625,156868506,9193704,1290603,1,0,0,0,0,43156,2317.174900361479,0,100000,427.74637,72,50527,2295,4923,100000
92,reference,1000,true,zipfian,READ,29633,27809227,9593234,9314959,1119,1,0,0,0,0,1402,700,3424102,2456931,24143657,49966022,7246849,39862,106534382625,156868506,9193704,1290603,1,0,0,0,0,2544,39308.17610062893,0,100000,22.07178,16,9807,45,74,100000
92,clean-run,1000,true,zipfian,READ,12702,7231153,16684225,16682267,52802,1,0,0,0,0,1402,701,3428676,2456956,24151851,49992159,7296208,39877,106639752475,156986776,9194720,1301491,1,0,0,0,0,40857,2447.561005458061,0,100000,404.99109,70,55039,2227,4787,100000
92,avg-run,1000,true,zipfian,READ,25462,11731289,21787674,21783673,103802,5,0,0,0,0,1402,701,3428676,2456963,24168223,50004976,7296208,39877,106739795731,157089948,9194722,1301491,1,0,0,0,0,15185,6585.446163977609,0,100000,148.53087,123,16007,170,326,100000
93,extend,1000,true,zipfian,EXTEND,11768660,651999371,896070940,893674211,8033531,930936,7980203,0,0,0,1402,702,3429598,2462068,24242264,50135509,7296208,39877,107212451484,157636321,9216566,1301491,0,0,0,0,1,10658,938.2623381497467,0,10000,1035.6653,374,56319,3461,7239,10000
93,run,1000,true,zipfian,READ,12111862,660374383,912930579,910531957,8033533,930947,7980205,0,0,0,1402,702,3429635,2476297,24327086,50397706,7296208,39877,107241430696,157778841,9251165,1301491,1,0,0,0,0,43797,2283.2614105988996,0,100000,434.353,77,40799,2315,5031,100000
93,reference,1000,true,zipfian,READ,30038,28111430,9698255,9416217,1119,1,0,0,0,0,1402,702,3429635,2476301,24327086,50398166,7296208,39877,107241430696,157778841,9251165,1301491,1,0,0,0,0,2647,37778.617302606726,0,100000,23.07073,17,10807,45,81,100000
93,clean-run,1000,true,zipfian,READ,12818,7267071,16779350,16777392,53328,1,0,0,0,0,1402,703,3434128,2476328,24335279,50424595,7345975,39919,107347787326,157898147,9252104,1312431,1,0,0,0,0,41099,2433.149225041972,0,100000,407.47145,70,53919,2263,4851,100000
93,avg-run,1000,true,zipfian,READ,25578,11767207,21882799,21878798,104328,5,0,0,0,0,1402,703,3434128,2476328,24351649,50437413,7345975,39919,107448830552,158001318,9252106,1312431,1,0,0,0,0,14404,6942.515967786726,0,100000,140.56263,114,20751,171,294,100000
94,extend,1000,true,zipfian,EXTEND,12257569,662011884,914949340,912525847,8208393,940947,8154575,0,0,0,1402,704,3435202,2481628,24430581,50570553,7345975,39919,107948744197,158576969,9275004,1312431,0,0,0,0,1,11127,898.7148377819718,0,10000,1082.5614,372,66303,3749,7539,10000
94,run,1000,true,zipfian,READ,12609838,670203809,931853021,929427635,8208395,940958,8154577,0,0,0,1402,704,3435215,2496083,24520368,50836989,7345975,39919,107975814612,158726721,9308298,1312431,1,0,0,0,0,44456,2249.415152060464,0,100000,440.83019,77,36831,2315,5115,100000
94,reference,1000,true,zipfian,READ,30443,28413633,9803276,9517475,1119,1,0,0,0,0,1402,704,3435215,2496088,24520368,50838138,7345975,39919,107975814612,158726721,9308298,1312431,1,0,0,0,0,2597,38505.96842510589,0,100000,22.53285,17,10319,45,74,100000
94,clean-run,1000,true,zipfian,READ,12936,7286997,16866773,16864815,53818,1,0,0,0,0,1402,705,3439806,2496119,24528553,50864639,7397135,40098,108083226083,158847113,9309236,1323584,1,0,0,0,0,41879,2387.831610114855,0,100000,415.20237,72,55167,2277,4975,100000
94,avg-run,1000,true,zipfian,READ,25696,11787133,21970222,21966221,104818,5,0,0,0,0,1402,705,3439806,2496119,24544924,50877456,7397135,40098,108185269309,158950284,9309238,1323584,1,0,0,0,0,14500,6896.551724137931,0,100000,141.64988,116,15735,155,301,100000
95,extend,1000,true,zipfian,EXTEND,12752020,671781477,933776199,931325942,8374582,950958,8320246,0,0,0,1402,706,3440794,2501224,24618351,51007645,7397135,40098,108662947588,159486760,9331600,1323584,0,0,0,0,1,10700,934.5794392523364,0,10000,1039.1726,373,31807,3397,7487,10000
95,run,1000,true,zipfian,READ,13110805,680305871,951112228,948660078,8374584,950969,8320248,0,0,0,1402,706,3440826,2515921,24704429,51283867,7397135,40098,108690534218,159642758,9364903,1323584,1,0,0,0,0,45460,2199.7360316761988,0,100000,450.82588,74,54719,2327,5167,100000
95,reference,1000,true,zipfian,READ,30848,28715836,9908297,9618733,1119,1,0,0,0,0,1402,706,3440826,2515922,24704429,51284355,7397135,40098,108690534218,159642758,9364903,1323584,1,0,0,0,0,2588,38639.87635239567,0,100000,22.3744,16,10487,48,84,100000
95,clean-run,1000,true,zipfian,READ,13055,7330318,17082706,17080748,54343,1,0,0,0,0,1402,707,3445178,2515953,24712627,51311443,7448849,40243,108799025844,159764328,9365841,1334946,1,0,0,0,0,892832,112.00315400881689,0,100000,495.42962,72,2701311,2409,5491,100000
95,avg-run,1000,true,zipfian,READ,25819,11855959,22187228,22182350,105345,16,2,0,0,0,1403,707,3445764,2515953,24731183,51324239,7448849,40243,108902865482,159880037,9365856,1334946,1,0,0,0,0,18378,5441.2884971161175,0,100000,179.49247,120,17487,323,443,100000
96,extend,1000,true,zipfian,EXTEND,13258767,681923322,953105048,950628025,8546978,960969,8492100,0,0,0,1403,708,3445869,2521955,24819248,51459114,7479898,40439,109356422347,160435251,9381833,1334946,0,0,0,0,1,12642,791.0140800506249,0,10000,1223.7111,385,55199,4391,9839,10000
96,run,1000,true,zipfian,READ,13619556,690282403,970463754,967984837,8546980,960980,8492102,0,0,0,1403,708,3446225,2529481,24863585,51753617,7479898,40439,109400821908,160504107,9408915,1334946,1,0,0,0,0,52408,1908.105632727828,0,100000,518.93109,83,51423,2597,5839,100000
96,reference,1000,true,zipfian,READ,31264,29018236,10013406,9720079,1119,1,0,0,0,0,1403,708,3446276,2529487,24875145,51754097,7479898,40439,109400821958,160504108,9408915,1334946,1,0,0,0,0,3868,25853.154084798345,0,100000,34.40225,17,18591,66,123,100000
96,clean-run,1000,true,zipfian,READ,13177,7369877,17268163,17266205,54878,1,0,0,0,0,1403,709,3452207,2530725,24932486,51782305,7537359,40503,109533471771,160715006,9449107,1334946,1,0,0,0,0,50193,1992.309684617377,0,100000,497.46222,76,41535,2547,5819,100000
96,avg-run,1000,true,zipfian,READ,25942,11895490,22372681,22367808,105880,16,2,0,0,0,1403,709,3452207,2530790,24940541,51795086,7537359,40503,109638265194,160830702,9449110,1334946,1,0,0,0,0,19797,5051.270394504218,0,100000,193.4353,125,20735,334,454,100000
97,extend,1000,true,zipfian,EXTEND,13842647,691987601,972499855,969995979,8723078,970991,8667704,0,0,0,1403,710,3453318,2537590,25008794,51932373,7537359,40503,110134447453,161397233,9469829,1334946,0,0,0,0,1,13933,717.7205196296562,0,10000,1356.5734,387,57343,5131,11103,10000
97,run,1000,true,zipfian,READ,14150333,700358870,990178460,987673562,8723078,970991,8667704,0,0,0,1403,710,3453331,2551357,25098137,52240512,7537359,40503,110134753448,161398047,9469892,1334946,1,0,0,0,0,52065,1920.6760779794488,0,100000,515.96701,82,96383,2679,5539,100000
97,reference,1000,true,zipfian,READ,31699,29320482,10119311,9821351,1119,1,0,0,0,0,1403,710,3453331,2551553,25099814,52241540,7537359,40503,110160843247,161548466,9501768,1334946,1,0,0,0,0,3251,30759.766225776682,0,100000,28.79124,17,10407,58,109,100000
97,clean-run,1000,true,zipfian,READ,13300,7492649,17686490,17684532,55374,1,0,0,0,0,1403,711,3458999,2551684,25107897,52269696,7598216,40586,110271487013,161672353,9502706,1346194,1,0,0,0,0,49055,2038.5281826521252,0,100000,486.12241,70,29935,2645,5487,100000
97,avg-run,1000,true,zipfian,READ,26065,12018262,22791008,22786135,106376,16,2,0,0,0,1403,711,3458999,2551684,25124264,52282492,7598216,40586,110377280436,161788049,9502709,1346194,1,0,0,0,0,19151,5221.659443371103,0,100000,187.30745,128,19871,322,434,100000
98,extend,1000,true,zipfian,EXTEND,14391030,702086196,992223311,989692669,8899949,981002,8844073,0,0,0,1403,712,3460066,2557786,25189653,52422039,7598216,40586,110885809957,162356945,9526422,1346194,0,0,0,0,1,12639,791.2018355882585,0,10000,1228.0706,386,73215,4275,9271,10000
98,run,1000,true,zipfian,READ,14804733,710524783,1010006094,1007473559,8899951,981013,8844075,0,0,0,1403,712,3460087,2572534,25280749,52747818,7598216,40586,110911595840,162508815,9558580,1346194,1,0,0,0,0,50650,1974.3336623889438,0,100000,502.06107,83,52639,2573,5455,100000
98,reference,1000,true,zipfian,READ,32104,29622685,10224332,9922609,1119,1,0,0,0,0,1403,712,3460087,2572534,25280749,52748335,7598216,40586,110911595840,162508815,9558580,1346194,1,0,0,0,0,3706,26983.27037236913,0,100000,32.70168,17,10927,69,131,100000
98,clean-run,1000,true,zipfian,READ,13424,7566951,17891429,17889471,55876,1,0,0,0,0,1403,713,3464543,2572648,25288859,52776812,7657507,40593,111023314177,162633840,9559518,1357991,1,0,0,0,0,48000,2083.3333333333335,0,100000,475.70993,77,70463,2569,5383,100000
98,avg-run,1000,true,zipfian,READ,26189,12092561,22995946,22991073,106878,16,2,0,0,0,1403,713,3464543,2572648,25305214,52789609,7657507,40593,111130107571,162749536,9559521,1357991,1,0,0,0,0,18348,5450.185306300415,0,100000,179.46531,124,17423,310,433,100000
99,extend,1000,true,zipfian,EXTEND,14961187,712165354,1012051576,1009494168,9077143,991013,9020773,0,0,0,1403,714,3465604,2578750,25370743,52932869,7657507,40593,111638490544,163319300,9583069,1357991,0,0,0,0,1,12669,789.3282816323309,0,10000,1228.1227,391,34591,4491,9103,10000
99,run,1000,true,zipfian,READ,15388869,720819272,1030165929,1027606628,9077145,991024,9020775,0,0,0,1403,714,3465623,2593788,25462038,53271625,7657507,40593,111664878662,163471486,9615120,1357991,1,0,0,0,0,53568,1866.7861409796894,0,100000,531.21142,84,39359,2695,5931,100000
99,reference,1000,true,zipfian,READ,32509,29924888,10329353,10023867,1119,1,0,0,0,0,1403,714,3465623,2593790,25462038,53272687,7657507,40593,111664878662,163471486,9615120,1357991,1,0,0,0,0,3432,29137.529137529138,0,100000,30.6146,17,9967,60,109,100000
99,clean-run,1000,true,zipfian,READ,13537,7572071,18003405,18001447,56370,1,0,0,0,0,1403,715,3469718,2593918,25470125,53301341,7719424,40597,111777671478,163597622,9616058,1369768,1,0,0,0,0,52445,1906.7594622938316,0,100000,520.12874,72,15167,2733,5951,100000
99,avg-run,1000,true,zipfian,READ,28829,12137722,24107922,24103049,117372,16,2,0,0,0,1403,715,3469718,2593927,25486489,53316629,7719424,40597,111886940747,163735845,9616061,1369768,1,0,0,0,0,18282,5469.861065528936,0,100000,178.5182,125,17455,307,441,100000
100,extend,1000,true,zipfian,EXTEND,15545356,722488890,1032257587,1029673413,9258355,1001024,9201481,0,0,0,1403,716,3470750,2600027,25582568,53460093,7719424,40597,112404138756,164317641,9639717,1369768,0,0,0,0,1,12417,805.3475074494644,0,10000,1208.2911,395,42111,4355,9047,10000
100,run,1000,true,zipfian,READ,15968896,731001190,1050630623,1048044552,9258357,1001035,9201483,0,0,0,1403,716,3470752,2608708,25637709,53809198,7719424,40597,112429166122,164400560,9666045,1369768,1,0,0,0,0,52548,1903.0219989343077,0,100000,521.06609,84,38239,2671,5871,100000
100,reference,1000,true,zipfian,READ,32914,30227091,10434374,10125125,1119,1,0,0,0,0,1403,716,3470752,2608709,25641597,53809768,7719424,40597,112429166172,164400561,9666045,1369768,1,0,0,0,0,3251,30759.766225776682,0,100000,28.67692,17,10655,56,112,100000
100,clean-run,1000,true,zipfian,READ,13656,7548128,17856445,17854487,56874,1,0,0,0,0,1403,717,3475266,2609923,25698848,53839614,7780633,40803,112560051808,164608586,9694442,1369768,1,0,0,0,0,49254,2030.2919559832703,0,100000,488.10955,77,30175,2499,5823,100000
100,avg-run,1000,true,zipfian,READ,28951,12113776,23960962,23956089,117876,16,2,0,0,0,1403,717,3475266,2610706,25714698,53854934,7780633,40803,112670321130,164746810,9694445,1369768,1,0,0,0,0,20076,4981.071926678621,0,100000,196.55428,130,20127,347,486,100000
