Epoch,Phase,Recordcount,Readallfields,Requestdist,Operation,blks_read,blks_hit,tup_returned,tup_fetched,tup_inserted,tup_updated,tup_deleted,deadlocks,temp_files,temp_bytes,checkpoints_timed,checkpoints_req,buffers_checkpoint,buffers_clean,buffers_backend,buffers_alloc,checkpoint_write_time,checkpoint_sync_time,wal_bytes,wal_records,wal_fpi,wal_buffers_full,Readprop,Updateprop,Scanprop,Insertprop,Extendprop,Runtime(ms),Throughput(ops/sec),RETURN=ERROR,Operations,AverageLatency(us),MinLatency(us),MaxLatency(us),95thPercentileLatency(us),99thPercentileLatency(us),Return=OK
0,load,1000,true,zipfian,INSERT,230,5291,1968,1011,1046,1,0,0,0,0,1404,719,3491224,2610921,25721306,53858573,7867379,40938,112680232055,164752573,9696306,1369768,0,0,0,1,0,744,1344.0860215053763,0,1000,464.123,257,10247,781,1078,1000
1,extend,1000,true,uniform,EXTEND,951,113156,27139,23679,1902,10001,160,0,0,0,1404,719,3491224,2610978,25721306,53859486,7867379,40938,112690076267,164789186,9696306,1369768,0,0,0,0,1,4504,2220.2486678507994,0,10000,419.4764,265,26623,720,935,10000
1,run,1000,true,zipfian,READ,957,642415,205717,199669,1902,10001,160,0,0,0,1404,719,3491224,2610978,25721306,53859509,7867379,40938,112690208082,164789545,9696306,1369768,1,0,0,0,0,3882,25759.917568263783,0,100000,34.9142,18,12223,69,143,100000
1,reference,1000,true,zipfian,READ,170,306667,103418,101456,1119,1,0,0,0,0,1404,719,3491224,2610978,25721306,53859509,7867379,40938,112690208142,164789546,9696306,1369768,1,0,0,0,0,3176,31486.146095717882,0,100000,28.16732,17,9183,58,109,100000
1,clean-run,1000,true,zipfian,READ,303,523811,174860,173773,1724,1,0,0,0,0,1404,720,3492823,2610978,25722559,53861173,7867388,40957,112696770496,164792566,9697242,1369786,1,0,0,0,0,3607,27723.87025228722,0,100000,32.23258,18,9919,62,120,100000
1,avg-run,1000,true,zipfian,READ,629,1138503,380397,376396,3847,5,0,0,0,0,1404,720,3492823,2610978,25722559,53861499,7867388,40957,112699403304,164797883,9697245,1369786,1,0,0,0,0,3559,28097.780275358247,0,100000,31.98701,19,9767,62,124,100000
2,extend,1000,true,uniform,EXTEND,1892,823500,275478,243942,5715,20001,1878,0,0,0,1404,720,3492823,2610978,25722559,53862116,7867388,40957,112712773585,164843090,9697946,1369786,0,0,0,0,1,4686,2134.0162185232607,0,10000,439.7939,269,26879,773,1048,10000
2,run,1000,true,zipfian,READ,1892,1976514,661694,627667,5715,20001,1878,0,0,0,1404,720,3492823,2610978,25722559,53862116,7867388,40957,112712789771,164843348,9697946,1369786,1,0,0,0,0,4224,23674.242424242424,0,100000,38.50622,19,11831,74,144,100000
2,reference,1000,true,zipfian,READ,172,609127,206671,202686,1119,1,0,0,0,0,1404,720,3492823,2610978,25722559,53862116,7867388,40957,112712789771,164843348,9697946,1369786,1,0,0,0,0,3248,30788.17733990148,0,100000,28.8789,17,10319,57,119,100000
2,clean-run,1000,true,zipfian,READ,485,1131345,374541,372583,3864,1,0,0,0,0,1404,721,3494157,2610978,25724124,53863554,7867395,40960,112720992006,164850838,9698882,1369804,1,0,0,0,0,4100,24390.243902439026,0,100000,37.18973,19,12183,71,136,100000
2,avg-run,1000,true,zipfian,READ,926,2657571,878638,874637,8864,5,0,0,0,0,1404,721,3494157,2610978,25724124,53863995,7867395,40960,112724827369,164861882,9698884,1369804,1,0,0,0,0,4284,23342.67040149393,0,100000,39.17485,23,10695,75,139,100000
3,extend,1000,true,uniform,EXTEND,2839,2240308,754632,694576,10937,30001,5512,0,0,0,1404,721,3494157,2610978,25724124,53864942,7867395,40960,112741905059,164912983,9699862,1369804,0,0,0,0,1,5250,1904.7619047619048,0,10000,491.7192,277,26847,849,1098,10000
3,run,1000,true,zipfian,READ,2839,3878200,1302071,1239653,10937,30001,5512,0,0,0,1404,721,3494157,2610978,25724124,53864942,7867395,40960,112741919927,164913221,9699862,1369804,1,0,0,0,0,4662,21450.02145002145,0,100000,42.74871,22,12199,82,158,100000
3,reference,1000,true,zipfian,READ,172,911589,309924,303916,1119,1,0,0,0,0,1404,721,3494157,2610978,25724124,53864942,7867395,40960,112741919927,164913221,9699862,1369804,1,0,0,0,0,3163,31615.55485298767,0,100000,28.07805,17,10319,57,114,100000
3,clean-run,1000,true,zipfian,READ,591,1600754,527752,526665,5235,1,0,0,0,0,1404,722,3496090,2610978,25726316,53866454,7867404,40963,112751002063,164923289,9700797,1369888,1,0,0,0,0,4399,22732.439190725167,0,100000,40.18383,22,10735,75,143,100000
3,avg-run,1000,true,zipfian,READ,1259,3756951,1238388,1234387,12458,5,0,0,0,0,1404,722,3496090,2610978,25726316,53867122,7867404,40963,112756601586,164939124,9700800,1369888,1,0,0,0,0,4669,21417.862497322767,0,100000,42.94112,26,12887,78,148,100000
4,extend,1000,true,uniform,EXTEND,4074,4202528,1411873,1322810,16952,40001,10460,0,0,0,1404,722,3496090,2610978,25726316,53868337,7867404,40963,112778238142,164993843,9702141,1369888,0,0,0,0,1,4943,2023.0629172567267,0,10000,464.6998,279,26655,812,1121,10000
4,run,1000,true,zipfian,READ,4149,6194702,2073340,1981130,17220,40001,10460,0,0,0,1404,722,3496090,2610978,25726316,53868432,7867404,40963,112779423238,165003112,9703134,1369888,1,0,0,0,0,4969,20124.77359629704,0,100000,45.94445,25,11335,85,162,100000
4,reference,1000,true,zipfian,READ,172,1214051,413177,405146,1119,1,0,0,0,0,1404,722,3496090,2610978,25726316,53868432,7867404,40963,112779423488,165003117,9703134,1369888,1,0,0,0,0,3338,29958.058717795087,0,100000,29.77298,17,10695,58,116,100000
4,clean-run,1000,true,zipfian,READ,795,1951203,642892,640935,6582,1,0,0,0,0,1404,723,3499738,2610978,25729197,53870148,7867421,40968,112790238632,165016365,9704070,1370114,1,0,0,0,0,4780,20920.50209205021,0,99913,43.646952848978614,24,10327,81,151,99913,87
4,avg-run,1000,true,zipfian,READ,1545,4393136,1447379,1443381,14582,5,0,0,0,0,1404,723,3499738,2610978,25729197,53870898,7867421,40968,112796509791,165033418,9704072,1370114,1,0,0,0,0,4998,20008.003201280513,0,100000,46.16552,28,10391,87,155,100000
5,extend,1000,true,uniform,EXTEND,4167,6553801,2193974,2075526,23799,49991,16287,0,0,0,1404,723,3499738,2610978,25729197,53870916,7867421,40968,112816200498,165089493,9705855,1370114,0,0,0,0,1,4954,2018.5708518368995,0,9990,465.9022022022022,278,27503,806,1058,9990,10
5,run,1000,true,zipfian,READ,4167,8746233,2926731,2807012,23799,49991,16287,0,0,0,1404,723,3499738,2610978,25729197,53870916,7867421,40968,112816216534,165089748,9705855,1370114,1,0,0,0,0,5320,18796.992481203008,0,99927,49.3719014880863,27,12935,93,166,99927,73
5,reference,1000,true,zipfian,READ,172,1516586,517314,506390,1119,1,0,0,0,0,1404,723,3499738,2610978,25729197,53870916,7867421,40968,112816216534,165089748,9705855,1370114,1,0,0,0,0,3532,28312.570781426955,0,100000,31.31903,17,13215,61,117,100000
5,clean-run,1000,true,zipfian,READ,862,2148903,707133,706047,7058,1,0,0,0,0,1404,724,3502225,2610978,25731079,53872699,7867433,40972,112827565898,165103501,9706790,1370476,1,0,0,0,0,5012,19952.114924181962,0,99913,46.21842002542212,26,10919,87,162,99913,87
5,avg-run,1000,true,zipfian,READ,1809,4614311,1518846,1514848,15381,5,0,0,0,0,1404,724,3502225,2610978,25731079,53873646,7867433,40972,112835536537,165121790,9706793,1370476,1,0,0,0,0,5058,19770.660340055358,0,100000,46.80695,28,10679,87,158,100000
6,extend,1000,true,uniform,EXTEND,4883,9132092,3055050,2910113,30876,59977,22812,0,0,0,1404,724,3502225,2610978,25731079,53874362,7867433,40972,112861370618,165179908,9708681,1370476,0,0,0,0,1,5055,1978.2393669634025,0,9986,476.36040456639296,288,28319,803,1084,9986,14
6,run,1000,true,zipfian,READ,4883,11472398,3837153,3690997,30876,59977,22812,0,0,0,1404,724,3502225,2610978,25731079,53874362,7867433,40972,112861384816,165180134,9708681,1370476,1,0,0,0,0,5696,17556.1797752809,0,99923,53.12621718723417,29,12823,99,174,99923,77
6,reference,1000,true,zipfian,READ,172,1819048,620567,607620,1119,1,0,0,0,0,1404,724,3502225,2610978,25731079,53874362,7867433,40972,112861384816,165180134,9708681,1370476,1,0,0,0,0,3343,29913.251570445707,0,100000,29.83788,18,10495,58,112,100000
6,clean-run,1000,true,zipfian,READ,994,2329323,766278,765192,7640,1,0,0,0,0,1404,725,3505398,2610978,25733923,53876277,7867447,40976,112873819153,165195070,9709616,1370971,1,0,0,0,0,5241,19080.328181644723,0,99927,48.61608974551422,28,12071,90,163,99927,73
6,avg-run,1000,true,zipfian,READ,2049,5103601,1679271,1675273,17020,5,0,0,0,0,1404,725,3505398,2610978,25733923,53877333,7867447,40976,112883052277,165215622,9709619,1370971,1,0,0,0,0,5210,19193.857965451054,0,100000,48.46706,29,10951,90,165,100000
7,extend,1000,true,uniform,EXTEND,5829,11875669,3971234,3800139,38310,69970,29801,0,0,0,1404,725,3505398,2610978,25733923,53878279,7867447,40976,112911913959,165274602,9711988,1370971,0,0,0,0,1,5221,1915.3418885271021,0,9993,490.56819773841687,290,28527,845,1112,9993,7
7,run,1000,true,zipfian,READ,5923,14379648,4802900,4629726,38684,69981,30058,0,0,0,1404,725,3505398,2610978,25733923,53878373,7867447,40976,112914426552,165288896,9713485,1370971,1,0,0,0,0,5810,17211.70395869191,0,99922,53.96367166389784,30,22751,99,171,99922,78
7,reference,1000,true,zipfian,READ,172,2121510,723820,708850,1119,1,0,0,0,0,1404,725,3505398,2610978,25733923,53878373,7867447,40976,112914426666,165288898,9713485,1370971,1,0,0,0,0,3354,29815.146094215863,0,100000,29.72841,17,10567,59,115,100000
7,clean-run,1000,true,zipfian,READ,1220,2477499,814705,812748,8470,1,0,0,0,0,1404,726,3510722,2610978,25737331,53880514,7867474,40979,112928774332,165306378,9714421,1371429,1,0,0,0,0,5552,18011.527377521616,0,99913,51.752264470088974,29,11815,96,168,99913,87
7,avg-run,1000,true,zipfian,READ,2394,5225362,1719656,1715658,17470,5,0,0,0,0,1404,726,3510722,2610978,25737331,53881688,7867474,40979,112938189055,165325433,9714423,1371429,1,0,0,0,0,5862,17059.0242238144,0,100000,54.78679,31,12167,102,180,100000
8,extend,1000,true,uniform,EXTEND,5945,14798242,4941452,4742626,46442,79968,37460,0,0,0,1404,726,3510722,2610978,25737331,53881709,7867474,40979,112962706778,165384776,9717191,1371429,0,0,0,0,1,5819,1718.5083347654236,0,9987,544.9451286672675,293,28463,939,1386,9987,13
8,run,1000,true,zipfian,READ,5945,17381926,5805257,5605242,46442,79968,37460,0,0,0,1404,726,3510722,2610978,25737331,53881710,7867474,40979,112962721124,165385003,9717191,1371429,1,0,0,0,0,6726,14867.677668748142,0,99910,62.706155539985986,32,15567,122,209,99910,90
8,reference,1000,true,zipfian,READ,172,2424045,827957,810094,1119,1,0,0,0,0,1404,726,3510722,2610978,25737331,53881710,7867474,40979,112962721124,165385003,9717191,1371429,1,0,0,0,0,3503,28546.959748786754,0,100000,30.88155,17,11967,60,113,100000
8,clean-run,1000,true,zipfian,READ,1353,2607676,857625,855668,8891,1,0,0,0,0,1404,727,3514433,2610978,25740066,53883984,7867491,40983,112978176221,165403465,9718127,1371762,1,0,0,0,0,5827,17161.489617298783,0,99925,54.39688766574931,30,11335,99,169,99925,75
8,avg-run,1000,true,zipfian,READ,2638,5355799,1762660,1758662,17891,5,0,0,0,0,1404,727,3514433,2610978,25740066,53885269,7867491,40983,112988591052,165422522,9718129,1371762,1,0,0,0,0,5315,18814.67544684854,0,100000,49.45633,31,13367,88,150,100000
9,extend,1000,true,uniform,EXTEND,6322,17815431,5948005,5723255,54454,89961,45167,0,0,0,1404,727,3514433,2610978,25740066,53885631,7867491,40983,113022548422,165483841,9721503,1371762,0,0,0,0,1,5433,1840.6037180195103,0,9993,512.8346842789953,293,27615,896,1162,9993,7
9,run,1000,true,zipfian,READ,6322,20476242,6841552,6615613,54454,89961,45167,0,0,0,1404,727,3514433,2610978,25740066,53885646,7867491,40983,113022562804,165484070,9721503,1371762,1,0,0,0,0,6385,15661.707126076742,0,99913,59.829061283316484,33,16495,107,192,99913,87
9,reference,1000,true,zipfian,READ,172,2726507,931210,911324,1119,1,0,0,0,0,1404,727,3514433,2610978,25740066,53885646,7867491,40983,113022562804,165484070,9721503,1371762,1,0,0,0,0,3356,29797.377830750895,0,100000,29.71629,17,12855,58,115,100000
9,clean-run,1000,true,zipfian,READ,1491,2692405,889446,887489,9251,1,0,0,0,0,1404,728,3518656,2610978,25743400,53888058,7867512,40985,113039119242,165503399,9722439,1372142,1,0,0,0,0,6409,15603.058199407084,0,99940,59.68663197918751,32,11855,111,191,99940,60
9,avg-run,1000,true,zipfian,READ,2982,5745951,1894553,1890555,19251,5,0,0,0,0,1404,728,3518656,2610978,25743400,53889658,7867512,40985,113062657812,165538487,9727187,1372142,1,0,0,0,0,5751,17388.280299078422,0,100000,53.6913,33,15839,98,170,100000
10,extend,1000,true,uniform,EXTEND,6450,20951002,6992791,6741435,63104,99959,53523,0,0,0,1404,728,3518656,2610978,25743400,53889677,7867512,40985,113081973704,165599655,9727377,1372142,0,0,0,0,1,5398,1852.537977028529,0,9987,510.44607990387505,294,29135,876,1195,9987,13
10,run,1000,true,zipfian,READ,6450,23671878,7912050,7659493,63104,99959,53523,0,0,0,1404,728,3518656,2610978,25743400,53889677,7867512,40985,113081989038,165599898,9727377,1372142,1,0,0,0,0,6337,15780.337699226764,0,99928,59.48572972540229,35,15223,106,185,99928,72
10,reference,1000,true,zipfian,READ,172,3029042,1035347,1012568,1119,1,0,0,0,0,1404,728,3518656,2610978,25743400,53889677,7867512,40985,113081989038,165599898,9727377,1372142,1,0,0,0,0,3469,28826.751225136926,0,100000,31.02261,18,9647,59,115,100000
10,clean-run,1000,true,zipfian,READ,1630,2746775,912224,910267,9519,1,0,0,0,0,1404,729,3523729,2610978,25746828,53892228,7867535,40990,113099620830,165619910,9728313,1373153,1,0,0,0,0,6289,15900.779138177772,0,99926,59.078838340371874,34,10935,107,178,99926,74
10,avg-run,1000,true,zipfian,READ,3121,5800347,1917399,1913401,19519,5,0,0,0,0,1404,729,3523729,2610978,25746828,53893719,7867535,40990,113112183843,165640969,9728315,1373153,1,0,0,0,0,5604,17844.396859386154,0,100000,52.39494,33,12023,93,163,100000
11,extend,1000,true,uniform,EXTEND,7295,24122778,8061252,7784131,71695,109948,61793,0,0,0,1404,729,3523729,2610978,25746828,53894552,7867535,40990,113150399352,165703644,9732034,1373153,0,0,0,0,1,5498,1818.8432157148054,0,9989,519.9342276504154,295,29039,910,1230,9989,11
11,run,1000,true,zipfian,READ,7295,26906093,9010896,8732603,71695,109948,61793,0,0,0,1404,729,3523729,2610978,25746828,53894564,7867535,40990,113150414494,165703885,9732034,1373153,1,0,0,0,0,6528,15318.627450980392,0,99918,61.500330270822076,36,12583,110,187,99918,82
11,reference,1000,true,zipfian,READ,172,3331504,1138600,1113798,1119,1,0,0,0,0,1404,729,3523729,2610978,25746828,53894564,7867535,40990,113150414494,165703885,9732034,1373153,1,0,0,0,0,3308,30229.74607013301,0,100000,29.43126,17,11279,58,109,100000
11,clean-run,1000,true,zipfian,READ,1654,2796315,939005,937051,9379,1,0,0,0,0,1404,730,3528593,2610978,25751113,53897139,7867556,40995,113168100452,165722346,9732969,1374183,1,0,0,0,0,5995,16680.567139282735,0,99947,56.229001370726486,34,11519,102,176,99947,53
11,avg-run,1000,true,zipfian,READ,3392,5849679,1942365,1938370,19379,5,0,0,0,0,1404,730,3528593,2610978,25751113,53898877,7867556,40995,113181653441,165743405,9732971,1374183,1,0,0,0,0,5788,17277.125086385626,0,100000,54.15704,34,10983,99,175,100000
12,extend,1000,true,uniform,EXTEND,8944,27365854,9164443,8861718,80763,119939,70456,0,0,0,1404,730,3528593,2610978,25751113,53900509,7867556,40995,113221821240,165806755,9736457,1374183,0,0,0,0,1,5737,1743.071291615827,0,9991,543.101491342208,301,26607,946,1255,9991,9
12,run,1000,true,zipfian,READ,8945,30237718,10153932,9849166,81210,119950,70869,0,0,0,1404,730,3528593,2610978,25751113,53900526,7867556,40995,113226025025,165828184,9738364,1374183,1,0,0,0,0,6582,15192.950470981465,0,99927,62.02252644430434,36,13807,109,185,99927,73
12,reference,1000,true,zipfian,READ,172,3634039,1242737,1215042,1119,1,0,0,0,0,1404,730,3528593,2610978,25751113,53900527,7867556,40995,113226025075,165828185,9738364,1374183,1,0,0,0,0,3623,27601.43527463428,0,100000,32.26896,18,12727,66,128,100000
12,clean-run,1000,true,zipfian,READ,1782,2855255,973983,972897,9779,1,0,0,0,0,1404,731,3535991,2610978,25756475,53903230,7867587,41002,113244767299,165847463,9739299,1375441,1,0,0,0,0,6241,16023.073225444641,0,99915,58.602822399039184,35,11815,106,177,99915,85
12,avg-run,1000,true,zipfian,READ,3522,5912269,1978407,1974409,19792,5,0,0,0,0,1404,731,3535991,2610978,25756475,53904970,7867587,41002,113259422448,165870052,9739302,1375441,1,0,0,0,0,5760,17361.11111111111,0,100000,53.95004,34,11471,98,173,100000
13,extend,1000,true,uniform,EXTEND,8950,30707503,10312596,9982706,90794,129944,79931,0,0,0,1404,731,3535991,2610978,25756475,53904975,7867587,41002,113292455272,165933671,9743167,1375441,0,0,0,0,1,5236,1909.8548510313217,0,9994,494.7462477486492,298,26735,842,1134,9994,6
13,run,1000,true,zipfian,READ,8950,33614208,11353669,11022648,90794,129944,79931,0,0,0,1404,731,3535991,2610978,25756475,53904975,7867587,41002,113292467008,165933852,9743167,1375441,1,0,0,0,0,6688,14952.153110047846,0,99935,63.0509931455446,34,17599,113,187,99935,65
13,reference,1000,true,zipfian,READ,172,3936501,1345990,1316272,1119,1,0,0,0,0,1404,731,3535991,2610978,25756475,53904975,7867587,41002,113292467008,165933852,9743167,1375441,1,0,0,0,0,3419,29248.31822170225,0,100000,30.5279,18,10719,58,123,100000
13,clean-run,1000,true,zipfian,READ,1918,2926920,1031863,1030777,10325,1,0,0,0,0,1404,732,3541359,2610978,25760321,53907814,7867611,41007,113312284942,165954216,9744102,1376821,1,0,0,0,0,6437,15535.187199005748,0,99912,60.491152213948276,35,12879,109,183,99912,88
13,avg-run,1000,true,zipfian,READ,3958,5985056,2036266,2032268,20338,5,0,0,0,0,1404,732,3541359,2610978,25760321,53909854,7867611,41007,113327957845,165977106,9744105,1376821,1,0,0,0,0,5741,17418.56819369448,0,100000,53.70648,34,11671,95,169,100000
14,extend,1000,true,uniform,EXTEND,8978,34092849,11519106,11163865,100996,139930,89525,0,0,0,1404,732,3541359,2610978,25760321,53909882,7867611,41007,113373175928,166043060,9749095,1376821,0,0,0,0,1,5351,1868.8095683049896,0,9986,506.1993791307831,297,26719,874,1191,9986,14
14,run,1000,true,zipfian,READ,8978,37034669,12619347,12262980,100996,139930,89525,0,0,0,1404,732,3541359,2610978,25760321,53909882,7867611,41007,113373194130,166043348,9749095,1376821,1,0,0,0,0,6917,14457.134595923088,0,99931,65.31183516626473,38,16511,115,187,99931,69
14,reference,1000,true,zipfian,READ,172,4238963,1449243,1417502,1119,1,0,0,0,0,1404,732,3541359,2610978,25760321,53910000,7867611,41007,113377253157,166064089,9750130,1376821,1,0,0,0,0,3320,30120.481927710844,0,100000,29.50562,18,10423,57,112,100000
14,clean-run,1000,true,zipfian,READ,2059,2980851,1094855,1093769,10979,1,0,0,0,0,1404,733,3548533,2610978,25764746,53912980,7867647,41010,113398165878,166085752,9751066,1377893,1,0,0,0,0,6525,15325.670498084291,0,99929,61.60398883207077,36,12087,116,185,99929,71
14,avg-run,1000,true,zipfian,READ,4147,6035086,2099206,2095208,20979,5,0,0,0,0,1404,733,3548533,2610978,25764746,53915068,7867647,41010,113414719629,166106815,9751068,1377893,1,0,0,0,0,5905,16934.801016088062,0,100000,55.36766,35,11791,100,165,100000
15,extend,1000,true,uniform,EXTEND,9096,37552595,12795387,12414047,112577,149931,100323,0,0,0,1404,733,3548533,2610978,25764746,53915068,7867647,41010,113452032515,166174826,9755803,1377893,0,0,0,0,1,5529,1808.6453246518358,0,9990,522.8728728728729,304,29039,880,1197,9990,10
15,run,1000,true,zipfian,READ,9096,40543522,13976784,13594315,112577,149931,100323,0,0,0,1404,733,3548533,2610978,25764746,53915068,7867647,41010,113452046255,166175043,9755803,1377893,1,0,0,0,0,7088,14108.352144469525,0,99913,67.01131984826799,39,13591,119,194,99913,87
15,reference,1000,true,zipfian,READ,172,4541498,1553380,1518746,1119,1,0,0,0,0,1404,733,3548533,2610978,25764746,53915068,7867647,41010,113452046309,166175044,9755803,1377893,1,0,0,0,0,3427,29180.040852057195,0,100000,30.52919,17,10167,60,114,100000
15,clean-run,1000,true,zipfian,READ,2283,3040255,1180178,1178141,12098,17,0,0,0,0,1404,734,3554132,2610978,25769212,53918273,7867675,41012,113474865768,166200955,9756739,1379505,1,0,0,0,0,7006,14273.479874393377,0,99921,66.31750082565226,37,11327,127,205,99921,79
15,avg-run,1000,true,zipfian,READ,4821,6095673,2184923,2180845,22098,21,0,0,0,0,1404,734,3554132,2610978,25769212,53920811,7867675,41012,113492418785,166222014,9756741,1379505,1,0,0,0,0,6188,16160.310277957336,0,100000,58.17975,36,12503,104,176,100000
16,extend,1000,true,uniform,EXTEND,9731,41037655,14159724,13753099,124401,159920,111342,0,0,0,1404,734,3554132,2610978,25769212,53921419,7867675,41012,113542792481,166293292,9762005,1379505,0,0,0,0,1,5490,1821.4936247723133,0,9989,518.3994393833217,308,29103,883,1149,9989,11
16,run,1000,true,zipfian,READ,9731,44046000,15430041,15022288,124401,159920,111342,0,0,0,1404,734,3554132,2610978,25769212,53921446,7867675,41012,113542809711,166293563,9762005,1379505,1,0,0,0,0,7054,14176.353841791892,0,99926,66.84692672577708,39,14023,115,195,99926,74
16,reference,1000,true,zipfian,READ,172,4843960,1656633,1619976,1119,1,0,0,0,0,1404,734,3554132,2610978,25769212,53921446,7867675,41012,113542809711,166293563,9762005,1379505,1,0,0,0,0,3247,30797.65937788728,0,100000,28.62467,17,9943,56,113,100000
16,clean-run,1000,true,zipfian,READ,2398,3056700,1267488,1265531,12792,1,0,0,0,0,1404,735,3560704,2610978,25774987,53924765,7867703,41019,113566483462,166321014,9762941,1381171,1,0,0,0,0,7655,13063.357282821686,0,99916,72.80995035830097,38,14455,137,211,99916,84
16,avg-run,1000,true,zipfian,READ,4936,6112006,2271751,2267753,22792,5,0,0,0,0,1404,735,3560704,2610978,25774987,53927303,7867703,41019,113602408314,166362874,9769973,1381171,1,0,0,0,0,6676,14979.029358897544,0,100000,62.86725,38,13151,113,193,100000
17,extend,1000,true,uniform,EXTEND,9731,44575673,15625049,15192383,137449,169925,123733,0,0,0,1404,735,3560704,2610978,25774987,53927303,7867703,41019,113630335522,166436668,9770438,1381171,0,0,0,0,1,5360,1865.6716417910447,0,9994,506.82139283570143,301,27967,848,1132,9994,6
17,run,1000,true,zipfian,READ,9731,47593511,16982262,16548446,137449,169925,123733,0,0,0,1404,735,3560704,2610978,25774987,53927303,7867703,41019,113630350718,166436910,9770438,1381171,1,0,0,0,0,7135,14015.41695865452,0,99934,67.50155102367563,39,13423,120,192,99934,66
17,reference,1000,true,zipfian,READ,172,5146495,1760770,1721220,1119,1,0,0,0,0,1404,735,3560704,2610978,25774987,53927303,7867703,41019,113630350768,166436911,9770438,1381171,1,0,0,0,0,3319,30129.557095510696,0,100000,29.50386,17,10159,59,113,100000
17,clean-run,1000,true,zipfian,READ,2487,3069402,1355423,1354337,13496,1,0,0,0,0,1404,736,3568196,2610978,25780243,53930711,7867740,41021,113654594913,166463659,9771373,1383064,1,0,0,0,0,7709,12971.851083149566,0,99932,73.37587559540488,39,11927,136,208,99932,68
17,avg-run,1000,true,zipfian,READ,5027,6129536,2359857,2355859,23509,5,0,0,0,0,1404,736,3568196,2610978,25780243,53933251,7867740,41021,113674304035,166487008,9771377,1383064,1,0,0,0,0,6566,15229.972586049345,0,100000,61.88956,39,13455,108,176,100000
18,extend,1000,true,uniform,EXTEND,10579,48101112,17186625,16728629,151308,179911,136650,0,0,0,1404,736,3568196,2610978,25780243,53934068,7867740,41021,113729351167,166564963,9777177,1383064,0,0,0,0,1,5596,1786.9907076483203,0,9986,529.6739435209294,304,29695,884,1229,9986,14
18,run,1000,true,zipfian,READ,10579,51132306,18633144,18174004,151308,179911,136650,0,0,0,1404,736,3568196,2610978,25780243,53934099,7867740,41021,113729368015,166565231,9777177,1383064,1,0,0,0,0,7508,13319.126265316996,0,99927,70.85441372201707,42,14639,126,205,99927,73
18,reference,1000,true,zipfian,READ,172,5448957,1864023,1822450,1119,1,0,0,0,0,1404,736,3568196,2610978,25780243,53934099,7867740,41021,113729368015,166565231,9777177,1383064,1,0,0,0,0,3526,28360.748723766308,0,100000,31.44298,17,10831,59,112,100000
18,clean-run,1000,true,zipfian,READ,2655,3087356,1444923,1442966,14529,1,0,0,0,0,1404,737,3575353,2610978,25786437,53937675,7867801,41024,113755042697,166596437,9778113,1384794,1,0,0,0,0,8134,12294.074256208507,0,99937,77.6729639672994,42,11639,142,220,99937,63
18,avg-run,1000,true,zipfian,READ,5226,6447641,2548702,2544704,25529,5,0,0,0,0,1404,737,3575353,2610978,25786437,53940265,7867801,41024,113793702384,166641594,9785734,1384794,1,0,0,0,0,8154,12263.91954868776,0,100000,77.61761,49,13591,140,232,100000
19,extend,1000,true,uniform,EXTEND,10598,51677368,18850234,18366033,166262,189910,150806,0,0,0,1404,737,3575353,2610978,25786437,53940265,7867801,41024,113825232371,166722057,9786305,1384794,0,0,0,0,1,5655,1768.3465959328028,0,9988,535.1239487384862,323,29183,879,1239,9988,12
19,run,1000,true,zipfian,READ,10598,54735758,20384656,19899290,166262,189910,150806,0,0,0,1404,737,3575353,2610978,25786437,53940265,7867801,41024,113825250589,166722350,9786305,1384794,1,0,0,0,0,9162,10914.647456887142,0,99937,87.70450383741758,44,13807,160,244,99937,63
19,reference,1000,true,zipfian,READ,172,5751492,1968160,1923694,1119,1,0,0,0,0,1404,737,3575353,2610978,25786437,53940265,7867801,41024,113825250589,166722350,9786305,1384794,1,0,0,0,0,3304,30266.34382566586,0,100000,29.3909,17,10655,55,112,100000
19,clean-run,1000,true,zipfian,READ,2785,3097066,1532283,1530326,15419,1,0,0,0,0,1404,738,3583639,2610978,25792001,53943971,7867835,41033,113851996417,166755498,9787241,1386898,1,0,0,0,0,8587,11645.51065564225,0,99912,82.11758347345665,43,13111,150,234,99912,88
19,avg-run,1000,true,zipfian,READ,6217,6489238,3635950,3631952,36419,5,0,0,0,0,1404,738,3583639,2610978,25792001,53947403,7867835,41033,113875025211,166798588,9787243,1386898,1,0,0,0,0,8379,11934.598400763814,0,100000,79.96969,50,12391,143,232,100000
20,extend,1000,true,uniform,EXTEND,11598,55255823,20610968,20101282,181879,199898,165555,0,0,0,1404,738,3583639,2611292,25792001,53948341,7867835,41033,113934480027,166881890,9793397,1386898,0,0,0,0,1,5605,1784.121320249777,0,9988,529.4381257509011,311,30527,870,1213,9988,12
20,run,1000,true,zipfian,READ,11598,58320120,22234707,21723859,181879,199898,165555,0,0,0,1404,738,3583639,2611630,25792001,53948403,7867835,41033,113934497343,166882168,9793397,1386898,1,0,0,0,0,9297,10756.157900397979,0,99923,89.09984688209921,47,12799,158,246,99923,77
20,reference,1000,true,zipfian,READ,172,6053954,2071413,2024924,1119,1,0,0,0,0,1404,738,3583639,2611630,25792001,53948403,7867835,41033,113938308786,166906911,9794739,1386898,1,0,0,0,0,3361,29753.04968759298,0,100000,29.97551,17,9711,58,114,100000
20,clean-run,1000,true,zipfian,READ,2931,3121631,1621425,1619388,16249,1,0,0,0,0,1404,739,3592917,2611630,25799539,53952306,7873315,41143,113966150474,166941875,9795677,1388347,1,0,0,0,0,8622,11598.237067965669,0,99916,82.4674526602346,43,14615,149,222,99916,84
20,avg-run,1000,true,zipfian,READ,6363,6513793,3725006,3720928,37249,5,0,0,0,0,1404,739,3592917,2611630,25799539,53955738,7873315,41143,113990169204,166984964,9795679,1388347,1,0,0,0,0,8897,11239.743733842868,0,100000,85.21505,56,13535,152,227,100000
21,extend,1000,true,uniform,EXTEND,11599,58879477,22472838,21936891,198445,209904,181311,0,0,0,1404,739,3592917,2611630,25799539,53955739,7873315,41143,114039867011,167070441,9801183,1388347,0,0,0,0,1,5786,1728.3097131005877,0,9995,548.7140570285143,325,27039,929,1289,9995,5
21,run,1000,true,zipfian,READ,11599,61964422,24184820,23647739,198445,209904,181311,0,0,0,1404,739,3592917,2611630,25799539,53955739,7873315,41143,114039885847,167070745,9801183,1388347,1,0,0,0,0,9220,10845.986984815618,0,99937,88.18008345257512,48,15943,157,242,99937,63
21,reference,1000,true,zipfian,READ,172,6356489,2175550,2126168,1119,1,0,0,0,0,1404,739,3592917,2611630,25799539,53955739,7873315,41143,114039885847,167070745,9801183,1388347,1,0,0,0,0,3226,30998.140111593304,0,100000,28.55916,17,10919,57,115,100000
21,clean-run,1000,true,zipfian,READ,3066,3136920,1706532,1705446,17051,1,0,0,0,0,1404,740,3600353,2611630,25806222,53959726,7873378,41146,114068593127,167104661,9802118,1390777,1,0,0,0,0,8821,11336.583153837433,0,99928,84.41911176046753,46,12423,154,247,99928,72
21,avg-run,1000,true,zipfian,READ,6498,6529083,3810883,3806885,38051,5,0,0,0,0,1404,740,3600353,2611630,25806222,53963159,7873378,41146,114093612679,167147756,9802120,1390777,1,0,0,0,0,9031,11072.970878086591,0,100000,86.51439,58,12855,156,234,100000
22,extend,1000,true,uniform,EXTEND,11607,62527539,24432373,23870345,215698,219905,197772,0,0,0,1404,740,3600353,2611630,25806222,53963166,7873378,41146,114148644190,167254825,9810324,1390777,0,0,0,0,1,5893,1696.9285593076531,0,9990,555.2685685685685,331,26799,944,1341,9990,10
22,run,1000,true,zipfian,READ,11607,65665492,26219315,25656166,215698,219905,197772,0,0,0,1404,740,3600353,2611630,25806222,53963166,7873378,41146,114148660674,167255093,9810324,1390777,1,0,0,0,0,9701,10308.215647871353,0,99941,93.11962057613992,57,13519,166,248,99941,59
22,reference,1000,true,zipfian,READ,172,6659024,2279687,2227412,1119,1,0,0,0,0,1404,740,3600353,2611630,25806222,53963166,7873378,41146,114148660674,167255093,9810324,1390777,1,0,0,0,0,3248,30788.17733990148,0,100000,28.75357,17,11151,57,113,100000
22,clean-run,1000,true,zipfian,READ,3198,3195274,1782253,1781167,17848,1,0,0,0,0,1404,741,3609049,2611630,25813047,53967285,7873419,41150,114178474914,167290612,9811259,1393384,1,0,0,0,0,8843,11308.37950921633,0,99924,84.71314198791082,47,11087,153,231,99924,76
22,avg-run,1000,true,zipfian,READ,6634,6593789,3886726,3882728,38868,5,0,0,0,0,1404,741,3609049,2611630,25813047,53970721,7873419,41150,114204694322,167336679,9811262,1393384,1,0,0,0,0,9230,10834.236186348862,0,100000,88.58626,59,12959,157,246,100000
23,extend,1000,true,uniform,EXTEND,12847,66203505,26474875,25887740,233556,229894,214931,0,0,0,1404,741,3609049,2612291,25820743,53971957,7873419,41150,114267186361,167426442,9817024,1393384,0,0,0,0,1,5651,1769.5983011856308,0,9989,536.2793072379618,327,30495,885,1246,9989,11
23,run,1000,true,zipfian,READ,12847,69389601,28339179,27750935,233556,229894,214931,0,0,0,1404,741,3609049,2612291,25820743,53971961,7873419,41150,114267204305,167426734,9817024,1393384,1,0,0,0,0,9877,10124.531740407007,0,99915,94.96644147525397,60,16223,167,252,99915,85
23,reference,1000,true,zipfian,READ,172,6961486,2382940,2328642,1119,1,0,0,0,0,1404,741,3609049,2612291,25820743,53971961,7873419,41150,114267204305,167426734,9817024,1393384,1,0,0,0,0,3233,30931.02381688834,0,100000,28.75361,17,10455,59,111,100000
23,clean-run,1000,true,zipfian,READ,3382,3239150,1855568,1853611,18563,1,0,0,0,0,1404,742,3619555,2613019,25821240,53976478,7873463,41160,114303000828,167494274,9819977,1395408,1,0,0,0,0,9064,11032.656663724625,0,99908,87.00942867438043,54,11863,157,233,99908,92
23,avg-run,1000,true,zipfian,READ,6814,6631176,3959039,3955041,39563,5,0,0,0,0,1404,742,3619555,2613019,25821240,53979910,7873463,41160,114330019508,167537362,9819979,1395408,1,0,0,0,0,9308,10743.446497636442,0,100000,89.24545,59,13703,158,244,100000
24,extend,1000,true,uniform,EXTEND,12898,69972138,28603619,27990797,252125,239897,232869,0,0,0,1404,742,3619555,2613019,25821240,53979961,7873463,41160,114384525031,167628725,9825758,1395408,0,0,0,0,1,6037,1656.4518800728838,0,9992,570.6047838270616,317,26239,1015,1370,9992,8
24,run,1000,true,zipfian,READ,12898,73211979,30527841,29913938,252125,239897,232869,0,0,0,1404,742,3619555,2613019,25821240,53979961,7873463,41160,114384540907,167628984,9825758,1395408,1,0,0,0,0,9877,10124.531740407007,0,99912,94.65592721595003,59,15639,167,251,99912,88
24,reference,1000,true,zipfian,READ,172,7264021,2487077,2429886,1119,1,0,0,0,0,1404,742,3619555,2613019,25821240,53979961,7873463,41160,114384540907,167628984,9825758,1395408,1,0,0,0,0,3386,29533.372711163614,0,100000,30.12138,18,12711,59,112,100000
24,clean-run,1000,true,zipfian,READ,3475,3296757,1916662,1914705,19209,1,0,0,0,0,1404,743,3627798,2613527,25828424,53984964,7873500,41164,114416741838,167670443,9826694,1398021,1,0,0,0,0,9488,10539.629005059021,0,99924,91.12987870781794,57,11503,165,260,99924,76
24,avg-run,1000,true,zipfian,READ,6939,6688649,4020109,4016111,40209,5,0,0,0,0,1404,743,3627798,2613527,25828424,53988423,7873500,41164,114444760602,167713533,9826696,1398021,1,0,0,0,0,10103,9898.050084133425,0,100000,96.87605,58,15751,178,264,100000
25,extend,1000,true,uniform,EXTEND,13859,73771099,30798293,30160734,271109,249883,251348,0,0,0,1404,743,3627798,2613546,25836108,53989324,7873500,41164,114514622843,167806419,9834157,1398021,0,0,0,0,1,6001,1666.3889351774703,0,9986,569.017123973563,338,26703,955,1349,9986,14
25,run,1000,true,zipfian,READ,13859,77111290,32771468,32131481,271112,249894,251352,0,0,0,1404,743,3627798,2613546,25836108,53989384,7873500,41164,114519233862,167835889,9835986,1398021,1,0,0,0,0,10526,9500.285008550256,0,99916,100.96380960006405,57,15319,182,274,99916,84
25,reference,1000,true,zipfian,READ,172,7566556,2591214,2531130,1119,1,0,0,0,0,1404,743,3627798,2613546,25836108,53989384,7873500,41164,114519233862,167835889,9835986,1398021,1,0,0,0,0,3498,28587.764436821042,0,100000,31.20465,18,10599,61,121,100000
25,clean-run,1000,true,zipfian,READ,3719,3355018,1970404,1968447,19735,1,0,0,0,0,1404,744,3639155,2613621,25836838,53994783,7873555,41166,114552515651,167878571,9836922,1400881,1,0,0,0,0,9695,10314.595152140279,0,99925,92.8485964473355,57,12727,168,250,99925,75
25,avg-run,1000,true,zipfian,READ,7222,6746843,4073871,4069873,40735,5,0,0,0,0,1404,744,3639155,2613624,25844952,53998299,7873555,41166,114581534381,167921660,9836924,1400881,1,0,0,0,0,9507,10518.565267697486,0,100000,91.33283,62,12615,164,247,100000
26,extend,1000,true,uniform,EXTEND,13907,77683042,33047335,32383231,290509,259888,270332,0,0,0,1404,744,3639155,2613624,25844952,53998361,7873555,41166,114640691236,168014718,9843575,1400881,0,0,0,0,1,5874,1702.4174327545113,0,9994,557.5446267760657,334,30671,936,1303,9994,6
26,run,1000,true,zipfian,READ,13907,81042888,35057461,34392286,290509,259888,270332,0,0,0,1404,744,3639155,2613624,25844952,53998361,7873555,41166,114640705160,168014947,9843575,1400881,1,0,0,0,0,10317,9692.74013763691,0,99932,99.1297882560141,56,17503,174,255,99932,68
26,reference,1000,true,zipfian,READ,172,7869018,2694467,2632360,1119,1,0,0,0,0,1404,744,3639155,2613624,25844952,53998361,7873555,41166,114640705160,168014947,9843575,1400881,1,0,0,0,0,3392,29481.132075471698,0,100000,30.14436,17,12191,59,114,100000
26,clean-run,1000,true,zipfian,READ,3835,3399819,2008913,2006956,20166,1,0,0,0,0,1404,745,3648090,2613721,25844980,54003877,7873599,41170,114675053517,168058644,9844511,1403423,1,0,0,0,0,9622,10392.849719393058,0,99922,92.4149636716639,58,13303,166,250,99922,78
26,avg-run,1000,true,zipfian,READ,7636,7069621,4112360,4108362,41166,5,0,0,0,0,1404,745,3648090,2613721,25853075,54007713,7873599,41170,114725005419,168125132,9852735,1403423,1,0,0,0,0,9969,10031.096398836393,0,100000,95.89629,61,12031,174,257,100000
27,extend,1000,true,uniform,EXTEND,14244,81656998,35338707,34649167,310147,269887,289598,0,0,0,1404,745,3648090,2613722,25853075,54007740,7873599,41170,114769237340,168218841,9854443,1403423,0,0,0,0,1,5987,1670.2856188408218,0,9988,566.1312575090108,332,28399,966,1317,9988,12
27,run,1000,true,zipfian,READ,14244,85066641,37381966,36691364,310147,269887,289598,0,0,0,1404,745,3648090,2613722,25853075,54007740,7873599,41170,114769248342,168219024,9854443,1403423,1,0,0,0,0,11820,8460.236886632825,0,99935,114.07390804022614,63,13391,202,290,99935,65
27,reference,1000,true,zipfian,READ,172,8171553,2798604,2733604,1119,1,0,0,0,0,1404,745,3648090,2613722,25853075,54007740,7873599,41170,114769248342,168219024,9854443,1403423,1,0,0,0,0,3621,27616.680475006906,0,100000,32.37338,17,12159,63,119,100000
27,clean-run,1000,true,zipfian,READ,4002,3433638,2043104,2041147,20541,1,0,0,0,0,1404,746,3658600,2613950,25853527,54013431,7873649,41175,114804657038,168263634,9855379,1406007,1,0,0,0,0,10755,9298.000929800093,0,99923,103.53714360057243,61,13215,187,274,99923,77
27,avg-run,1000,true,zipfian,READ,7897,7076462,4146551,4142553,41541,5,0,0,0,0,1404,746,3658600,2613951,25861490,54017325,7873649,41175,114835675748,168306723,9855381,1406007,1,0,0,0,0,10568,9462.528387585162,0,100000,101.22782,65,19199,183,269,100000
28,extend,1000,true,uniform,EXTEND,16534,85680493,37667352,36952523,330097,279883,309236,0,0,0,1404,746,3658600,2614251,25861490,54019065,7873649,41175,114911677283,168427718,9864754,1406007,0,0,0,0,1,5862,1705.9024223814397,0,9985,553.8414621932899,348,29695,901,1467,9985,15
28,run,1000,true,zipfian,READ,16672,89128870,39750739,39034850,330097,279883,309236,0,0,0,1404,746,3658600,2616629,25861490,54019236,7873649,41175,114911686209,168427869,9864754,1406007,1,0,0,0,0,10745,9306.654257794324,0,99944,103.41267109581365,63,16575,180,270,99944,56
28,reference,1000,true,zipfian,READ,445,8473815,2902741,2834848,1119,1,0,0,0,0,1404,746,3658600,2617169,25861490,54019496,7873649,41175,114911686209,168427869,9864754,1406007,1,0,0,0,0,3586,27886.22420524261,0,100000,31.99646,17,11103,62,119,100000
28,clean-run,1000,true,zipfian,READ,4083,3484193,2082548,2080591,20853,1,0,0,0,0,1404,747,3669645,2617726,25863446,54025765,7873702,41183,114948145905,168473260,9865690,1408803,1,0,0,0,0,10509,9515.653249595585,0,99924,101.07903006284776,62,13823,183,272,99924,76
28,avg-run,1000,true,zipfian,READ,7937,7126829,4185995,4181997,41853,5,0,0,0,0,1404,747,3669645,2617726,25871097,54029654,7873702,41183,114980164665,168516350,9865692,1408803,1,0,0,0,0,10516,9509.319132750095,0,100000,101.12088,66,12959,181,273,100000
29,extend,1000,true,uniform,EXTEND,19155,89714046,40038866,39299570,350393,289873,329231,0,0,0,1404,747,3669645,2617774,25871097,54031766,7873702,41183,115050354844,168610849,9873378,1408803,0,0,0,0,1,6780,1474.9262536873157,0,9990,596.9866866866867,351,28063,981,1380,9990,10
29,run,1000,true,zipfian,READ,19449,93188216,42155891,41415544,350393,289873,329231,0,0,0,1404,747,3669645,2617777,25871097,54032085,7873702,41183,115050369056,168611084,9873378,1408803,1,0,0,0,0,11166,8955.758552749418,0,99926,107.69620519184197,63,14535,190,286,99926,74
29,reference,1000,true,zipfian,READ,545,8776177,3005994,2936078,1119,1,0,0,0,0,1404,747,3669645,2617787,25871097,54032163,7873702,41183,115053861899,168640506,9874665,1408803,1,0,0,0,0,3432,29137.529137529138,0,100000,30.59092,17,9975,60,115,100000
29,clean-run,1000,true,zipfian,READ,4304,3503074,2117930,2115973,21157,1,0,0,0,0,1404,748,3680694,2617971,25872684,54038618,7873754,41187,115091377859,168686682,9875602,1412285,1,0,0,0,0,9851,10151.253679829459,0,99929,94.79221247085431,60,12911,165,244,99929,71
29,avg-run,1000,true,zipfian,READ,9474,6898058,4221377,4217379,42157,5,0,0,0,0,1404,748,3680694,2617971,25880785,54043793,7873754,41187,115124396593,168729771,9875604,1412285,1,0,0,0,0,9779,10225.994477962982,0,100000,93.97021,64,13535,165,247,100000
30,extend,1000,true,uniform,EXTEND,22106,93820310,42448431,41683897,370970,299874,349482,0,0,0,1404,748,3680694,2617993,25880785,54044943,7873754,41187,115191569704,168825051,9883222,1412285,0,0,0,0,1,6308,1585.288522511097,0,9990,600.3971971971972,342,29519,1005,1433,9990,10
30,run,1000,true,zipfian,READ,22426,97335324,44601624,43836053,370970,299874,349482,0,0,0,1404,748,3680694,2618024,25880785,54045336,7873754,41187,115191578338,168825193,9883222,1412285,1,0,0,0,0,12000,8333.333333333334,0,99910,115.59321389250326,65,16559,209,305,99910,90
30,reference,1000,true,zipfian,READ,843,9078414,3110131,3037322,1119,1,0,0,0,0,1404,748,3680694,2619349,25880785,54045575,7873754,41187,115191578388,168825194,9883222,1412285,1,0,0,0,0,3420,29239.766081871345,0,100000,30.34912,17,10543,61,113,100000
30,clean-run,1000,true,zipfian,READ,4414,3512951,2153642,2151685,21485,1,0,0,0,0,1404,749,3690320,2620096,25883108,54052264,7873800,41189,115230142114,168872198,9884158,1415537,1,0,0,0,0,10252,9754.194303550526,0,99924,98.81259757415636,61,12743,174,254,99924,76
30,avg-run,1000,true,zipfian,READ,9513,6907990,4257089,4253091,42485,5,0,0,0,0,1404,749,3690320,2620098,25890580,54057414,7873800,41189,115264150878,168915288,9884160,1415537,1,0,0,0,0,9865,10136.847440446021,0,100000,94.98243,64,12895,168,247,100000
31,extend,1000,true,uniform,EXTEND,29130,97964275,44898036,44108350,391863,309875,370054,0,0,0,1404,749,3690320,2620837,25890580,54059109,7873800,41189,115335714224,169034558,9894410,1415537,0,0,0,0,1,6255,1598.721023181455,0,9990,593.5980980980981,345,28367,1028,1437,9990,10
31,run,1000,true,zipfian,READ,29440,101511987,47085018,46294296,391863,309875,370054,0,0,0,1404,749,3690320,2621786,25890580,54059454,7873800,41189,115335729902,169034818,9894410,1415537,1,0,0,0,0,11366,8798.169980644027,0,99931,109.84939608329748,64,13719,192,279,99931,69
31,reference,1000,true,zipfian,READ,1167,9380625,3214268,3138566,1119,1,0,0,0,0,1404,749,3690320,2622496,25890580,54059734,7873800,41189,115335729952,169034819,9894410,1415537,1,0,0,0,0,3381,29577.048210588582,0,100000,29.95331,17,10407,59,119,100000
31,clean-run,1000,true,zipfian,READ,4648,3514208,2186488,2184531,21808,1,0,0,0,0,1404,750,3700560,2622998,25895742,54066667,7873850,41194,115375348210,169082670,9895346,1418999,1,0,0,0,0,11541,8664.760419374405,0,99928,111.16992234408774,63,12727,205,295,99928,72
31,avg-run,1000,true,zipfian,READ,9786,6909198,4289935,4285937,42808,5,0,0,0,0,1404,750,3700560,2623000,25903459,54071830,7873850,41194,115410356970,169125760,9895348,1418999,1,0,0,0,0,10262,9744.689144416294,0,100000,98.7093,65,15431,176,264,100000
32,extend,1000,true,uniform,EXTEND,34804,102144272,47384756,46570822,413229,319863,391025,0,0,0,1404,750,3700560,2624560,25903459,54076679,7873850,41194,115490357044,169222350,9902569,1418999,0,0,0,0,1,6312,1584.2839036755386,0,9988,600.9053864637565,358,28223,1010,1403,9988,12
32,run,1000,true,zipfian,READ,39005,106657528,49609803,48793972,413231,319874,391027,0,0,0,1404,750,3700560,2627146,25909784,54077257,7873850,41194,115497500866,169260087,9905698,1418999,1,0,0,0,0,11932,8380.824673147838,0,99937,115.37775798753215,67,17423,202,286,99937,63
32,reference,1000,true,zipfian,READ,1512,9682815,3318405,3239810,1119,1,0,0,0,0,1404,750,3700560,2627621,25909784,54077529,7873850,41194,115497500866,169260087,9905698,1418999,1,0,0,0,0,3451,28977.108084613155,0,100000,30.73784,17,10543,60,118,100000
32,clean-run,1000,true,zipfian,READ,4856,3515331,2224282,2222325,22211,1,0,0,0,0,1404,751,3713465,2627657,25913455,54084596,7873906,41212,115538185194,169308942,9906634,1422307,1,0,0,0,0,11042,9056.330374932077,0,99937,106.68261004432793,66,13759,189,271,99937,63
32,avg-run,1000,true,zipfian,READ,10031,6910278,4327729,4323731,43211,5,0,0,0,0,1404,751,3713465,2627690,25921637,54089803,7873906,41212,115574193874,169352030,9906636,1422307,1,0,0,0,0,10627,9409.993413004611,0,100000,102.17168,66,14631,182,271,100000
33,extend,1000,true,uniform,EXTEND,43490,107361817,49914248,49074232,435026,329862,412366,0,0,0,1404,751,3713465,2628993,25921637,54093912,7873906,41212,115643984243,169449757,9914020,1422307,0,0,0,0,1,6091,1641.7665407978986,0,9988,578.9828794553464,361,31711,937,1294,9988,12
33,run,1000,true,zipfian,READ,43948,111863790,52181948,51340907,435026,329862,412366,0,0,0,1404,751,3713465,2631757,25921637,54094445,7873906,41212,115643996605,169449961,9914020,1422307,1,0,0,0,0,13333,7500.187504687618,0,99928,129.29974581698823,70,16623,228,320,99928,72
33,reference,1000,true,zipfian,READ,1848,9984941,3421658,3341040,1119,1,0,0,0,0,1404,751,3713465,2632296,25921637,54094708,7873906,41212,115643996605,169449961,9914020,1422307,1,0,0,0,0,3699,27034.33360367667,0,100000,32.93105,18,10711,62,121,100000
33,clean-run,1000,true,zipfian,READ,4985,3530052,2267410,2265453,22660,1,0,0,0,0,1404,752,3723449,2632447,25925056,54101905,7873954,41216,115685748662,169499904,9914956,1425370,1,0,0,0,0,12275,8146.639511201629,0,99923,118.64225453599272,67,13687,212,296,99923,77
33,avg-run,1000,true,zipfian,READ,10161,6924992,4370857,4366859,43660,5,0,0,0,0,1404,752,3723449,2633281,25933034,54107111,7873954,41216,115742760139,169570146,9924339,1425370,1,0,0,0,0,9902,10098.969905069684,0,100000,95.12291,65,16671,167,248,100000
34,extend,1000,true,uniform,EXTEND,53417,112613731,52493318,51628233,457386,339863,434209,0,0,0,1404,752,3723449,2634561,25940275,54109530,7873954,41216,115799682215,169670128,9926939,1425370,0,0,0,0,1,6173,1619.9578810950916,0,9990,585.2667667667668,359,28543,934,1295,9990,10
34,run,1000,true,zipfian,READ,53842,117144033,54810389,53944279,457386,339863,434209,0,0,0,1404,752,3723449,2637447,25940275,54110104,7873954,41216,115799693665,169670323,9926939,1425370,1,0,0,0,0,12836,7790.588968526021,0,99943,124.26402049168026,72,15959,216,309,99943,57
34,reference,1000,true,zipfian,READ,2194,10287130,3525795,3442284,1119,1,0,0,0,0,1404,752,3723449,2637954,25940275,54110367,7873954,41216,115799693665,169670323,9926939,1425370,1,0,0,0,0,3576,27964.20581655481,0,100000,31.80909,17,13919,64,128,100000
34,clean-run,1000,true,zipfian,READ,5129,3533711,2316364,2314407,23177,1,0,0,0,0,1404,753,3734466,2638120,25940896,54117691,7874009,41219,115842524901,169721480,9927875,1428931,1,0,0,0,0,11776,8491.847826086956,0,99929,113.84485985049385,66,12935,201,289,99929,71
34,avg-run,1000,true,zipfian,READ,10299,6928655,4419811,4415813,44177,5,0,0,0,0,1404,753,3734466,2638247,25948949,54122923,7874009,41219,115880533661,169764570,9927877,1428931,1,0,0,0,0,11056,9044.862518089725,0,100000,106.63844,67,14671,196,295,100000
35,extend,1000,true,uniform,EXTEND,63177,117899801,55128141,54238010,480359,349863,456643,0,0,0,1404,753,3734466,2639822,25955855,54125244,7874009,41219,115959691749,169893113,9939385,1428931,0,0,0,0,1,6264,1596.4240102171136,0,9989,594.6063670037041,351,28815,954,1537,9989,11
35,run,1000,true,zipfian,READ,63550,122482231,57492373,56601220,480359,349863,456643,0,0,0,1404,753,3734466,2642933,25955855,54125683,7874009,41219,115959704445,169893323,9939385,1428931,1,0,0,0,0,13220,7564.296520423601,0,99926,128.11401437063427,72,14343,223,323,99926,74
35,reference,1000,true,zipfian,READ,2542,10589317,3629932,3543528,1119,1,0,0,0,0,1404,753,3734466,2643473,25955855,54125922,7874009,41219,115959704445,169893323,9939385,1428931,1,0,0,0,0,3619,27631.942525559545,0,100000,32.29039,18,10791,63,133,100000
35,clean-run,1000,true,zipfian,READ,5301,3547573,2364867,2362910,23715,1,0,0,0,0,1404,754,3745756,2643614,25956304,54133434,7874063,41226,116003616449,169945732,9940321,1432323,1,0,0,0,0,11747,8512.811781731505,0,99927,113.4714141323166,70,13991,198,290,99927,73
35,avg-run,1000,true,zipfian,READ,10477,6942509,4468314,4464316,44715,5,0,0,0,0,1404,754,3745756,2643614,25964382,54138661,7874063,41226,116042625179,169988821,9940323,1432323,1,0,0,0,0,10772,9283.32714444857,0,100000,103.77786,67,14607,190,281,100000
36,extend,1000,true,uniform,EXTEND,70352,123194677,57816008,56901713,503970,359850,479619,0,0,0,1404,754,3745756,2645653,25970716,54145057,7874063,41226,116128350142,170091933,9947738,1432323,0,0,0,0,1,6496,1539.4088669950738,0,9987,617.8297787123261,356,26527,1000,1458,9987,13
36,run,1000,true,zipfian,READ,76137,127772367,60247296,59331107,503972,359861,479621,0,0,0,1404,754,3745756,2647837,25970716,54145647,7874063,41226,116136751160,170133686,9951710,1432323,1,0,0,0,0,16016,6243.756243756244,0,99942,155.27451922114827,73,19423,271,388,99942,58
36,reference,1000,true,zipfian,READ,2887,10891507,3734069,3644772,1119,1,0,0,0,0,1404,754,3745756,2647878,25970716,54145890,7874063,41226,116136751160,170133686,9951710,1432323,1,0,0,0,0,3607,27723.87025228722,0,100000,32.288,18,12375,63,120,100000
36,clean-run,1000,true,zipfian,READ,5473,3565532,2429854,2427897,24351,1,0,0,0,0,1404,755,3759582,2648024,25976439,54153610,7874129,41241,116181754827,170187494,9952646,1436254,1,0,0,0,0,11975,8350.730688935282,0,99930,116.01617131992394,70,15199,202,289,99930,70
36,avg-run,1000,true,zipfian,READ,10650,6960467,4533301,4529303,45351,5,0,0,0,0,1404,755,3759582,2648026,25984490,54158814,7874129,41241,116221763507,170230582,9952648,1436254,1,0,0,0,0,10678,9365.049634763065,0,100000,103.03144,70,13031,181,269,100000
37,extend,1000,true,uniform,EXTEND,82271,128492992,60578798,59638531,528221,369853,503234,0,0,0,1404,755,3759582,2650039,25984490,54164599,7874129,41241,116298726363,170335822,9960396,1436254,0,0,0,0,1,6418,1558.1177937052041,0,9992,610.5200160128103,368,26767,984,1392,9992,8
37,run,1000,true,zipfian,READ,87105,133111453,63071387,62129228,528223,369864,503236,0,0,0,1404,755,3759582,2652466,25989473,54165089,7874129,41241,116300709832,170365669,9960745,1436254,1,0,0,0,0,13016,7682.851874615857,0,99931,126.34245629484344,74,15319,218,304,99931,69
37,reference,1000,true,zipfian,READ,3223,11193633,3837322,3746002,1119,1,0,0,0,0,1404,755,3759582,2652966,25989473,54165374,7874129,41241,116300709832,170365669,9960745,1436254,1,0,0,0,0,3436,29103.60884749709,0,100000,30.67739,18,10135,58,110,100000
37,clean-run,1000,true,zipfian,READ,5841,3587705,2491564,2489607,24987,1,0,0,0,0,1404,756,3770986,2653250,25991127,54173395,7874184,41247,116346807570,170420920,9961681,1439907,1,0,0,0,0,12170,8216.926869350862,0,99918,117.91996437078404,73,13487,204,290,99918,82
37,avg-run,1000,true,zipfian,READ,11017,6982639,4595011,4591013,45987,5,0,0,0,0,1404,756,3770986,2653250,25999040,54178598,7874184,41247,116387816280,170464009,9961683,1439907,1,0,0,0,0,10618,9417.969485778865,0,100000,102.26112,71,14311,179,265,100000
38,extend,1000,true,uniform,EXTEND,91964,133845642,63410754,62444462,553217,379854,527542,0,0,0,1404,756,3770986,2654650,25999040,54183108,7874184,41247,116469207775,170571963,9969922,1439907,0,0,0,0,1,6454,1549.426712116517,0,9990,614.8186186186186,362,27359,1028,1456,9990,10
38,run,1000,true,zipfian,READ,92402,138486062,65971504,65004190,553217,379854,527542,0,0,0,1404,756,3770986,2657013,26004242,54183601,7874184,41247,116469222057,170572201,9969922,1439907,1,0,0,0,0,13493,7411.250277921886,0,99929,131.07132063765275,82,14863,224,315,99929,71
38,reference,1000,true,zipfian,READ,3569,11495822,3941459,3847246,1119,1,0,0,0,0,1404,756,3770986,2657578,26004242,54183864,7874184,41247,116469222057,170572201,9969922,1439907,1,0,0,0,0,3736,26766.59528907923,0,100000,33.67415,17,10543,68,129,100000
38,clean-run,1000,true,zipfian,READ,5755,3614797,2559246,2557289,25675,1,0,0,0,0,1404,757,3781873,2658230,26012110,54191882,7874241,41250,116516419376,170628974,9970858,1443592,1,0,0,0,0,13486,7415.0971377725045,0,99932,130.48245807148862,79,19567,231,340,99932,68
38,avg-run,1000,true,zipfian,READ,10934,7009728,4662693,4658695,46675,5,0,0,0,0,1404,757,3781873,2660717,26019402,54197070,7874241,41250,116580654746,170700912,9980788,1443592,1,0,0,0,0,11361,8802.042073761113,0,100000,109.56915,73,17919,196,287,100000
39,extend,1000,true,uniform,EXTEND,107276,139262911,66319535,65328213,578745,389850,552447,0,0,0,1404,757,3781873,2663286,26019402,54201466,7874241,41250,116645610642,170810864,9983578,1443592,0,0,0,0,1,6650,1503.7593984962407,0,9985,634.6719078617926,382,26671,1026,1488,9985,15
39,run,1000,true,zipfian,READ,107702,143947615,68944189,67951846,578745,389850,552447,0,0,0,1404,757,3781873,2665709,26022992,54202001,7874241,41250,116645624508,170811097,9983578,1443592,1,0,0,0,0,13819,7236.4136334032855,0,99921,133.80122296614326,84,15295,231,329,99921,79
39,reference,1000,true,zipfian,READ,3915,11798011,4045596,3948490,1119,1,0,0,0,0,1404,757,3781873,2666217,26022992,54202297,7874241,41250,116645624508,170811097,9983578,1443592,1,0,0,0,0,3444,29036.004645760742,0,100000,30.69966,18,11487,60,114,100000
39,clean-run,1000,true,zipfian,READ,5913,3639945,2622771,2620814,26298,1,0,0,0,0,1404,758,3793827,2666705,26022993,54210386,7874301,41252,116693909605,170869226,9984514,1447415,1,0,0,0,0,12625,7920.792079207921,0,99915,122.43546014111995,81,16767,212,306,99915,85
39,avg-run,1000,true,zipfian,READ,12784,7402249,5726218,5722220,57298,5,0,0,0,0,1404,758,3793827,2667049,26038917,54217343,7874301,41252,116762952533,170961068,9994505,1447415,1,0,0,0,0,11525,8676.789587852494,0,100000,111.36164,76,13559,194,282,100000
40,extend,1000,true,uniform,EXTEND,128972,144726478,69299896,68283546,604907,399851,578002,0,0,0,1404,758,3793827,2670083,26046132,54226822,7874301,41252,116828175944,171073130,9997003,1447415,0,0,0,0,1,6501,1538.2248884786957,0,9990,619.5036036036036,381,26703,1023,1487,9990,10
40,run,1000,true,zipfian,READ,129407,149461474,71983167,70965796,604907,399851,578002,0,0,0,1404,758,3793827,2672589,26046132,54227363,7874301,41252,116828192660,171073411,9997003,1447415,1,0,0,0,0,13954,7166.403898523721,0,99945,135.35901745960277,85,18927,231,318,99945,55
40,reference,1000,true,zipfian,READ,4279,12100182,4149733,4049734,1119,1,0,0,0,0,1404,758,3793827,2673074,26046132,54227651,7874301,41252,116828192660,171073411,9997003,1447415,1,0,0,0,0,3359,29770.765108663294,0,100000,29.86398,17,9983,58,114,100000
40,clean-run,1000,true,zipfian,READ,6613,3667762,2683723,2681766,26905,1,0,0,0,0,1404,759,3806148,2673268,26048619,54236459,7874361,41255,116877565135,171132871,9997939,1451312,1,0,0,0,0,12384,8074.935400516796,0,99932,120.10051835247968,80,13599,208,282,99932,68
40,avg-run,1000,true,zipfian,READ,13487,7430376,5787170,5783172,57905,5,0,0,0,0,1404,759,3806148,2673268,26056645,54243410,7874361,41255,116922894415,171195988,9997941,1451312,1,0,0,0,0,12192,8202.099737532808,0,100000,118.06162,81,13183,203,292,100000
41,extend,1000,true,uniform,EXTEND,155438,150231824,72346578,71305200,631778,409847,604264,0,0,0,1404,759,3806148,2676203,26072197,54257757,7874361,41255,117015841243,171335780,10010460,1451312,0,0,0,0,1,6434,1554.243083618278,0,9985,612.6974461692539,378,27535,1010,1385,9985,15
41,run,1000,true,zipfian,READ,155862,154976842,75085029,74042630,631778,409847,604264,0,0,0,1404,759,3806148,2677806,26077627,54258276,7874361,41255,117015864219,171336167,10010460,1451312,1,0,0,0,0,16545,6044.122091266244,0,99931,160.94510212046313,90,14959,280,393,99931,69
41,reference,1000,true,zipfian,READ,4624,12402372,4253870,4150978,1119,1,0,0,0,0,1404,759,3806148,2677806,26077627,54258516,7874361,41255,117015864219,171336167,10010460,1451312,1,0,0,0,0,4412,22665.457842248412,0,100000,39.36659,18,12615,80,156,100000
41,clean-run,1000,true,zipfian,READ,6255,3707729,2740707,2738670,27514,17,0,0,0,0,1404,760,3819941,2678118,26077628,54267028,7874427,41258,117066329630,171396996,10011396,1455641,1,0,0,0,0,12367,8086.035416835126,0,99921,119.57349305951702,80,15623,203,291,99921,79
41,avg-run,1000,true,zipfian,READ,13124,7470114,5844149,5840071,58514,21,0,0,0,0,1404,760,3819941,2678118,26085509,54273931,7874427,41258,117112658830,171460111,10011398,1455641,1,0,0,0,0,12861,7775.445144234507,0,100000,124.80492,89,13287,217,301,100000
42,extend,1000,true,uniform,EXTEND,179010,155762772,75455553,74389147,659104,419856,631025,0,0,0,1404,760,3819941,2680888,26100123,54290368,7874427,41258,117222029351,171609552,10025682,1455641,0,0,0,0,1,6692,1494.3215780035864,0,9998,637.9164832966593,366,26991,1045,1536,9998,2
42,run,1000,true,zipfian,READ,179389,160516707,78257347,77189920,659104,419856,631025,0,0,0,1404,760,3819941,2681126,26100123,54290798,7874427,41258,117222047235,171609855,10025682,1455641,1,0,0,0,0,13765,7264.80203414457,0,99926,133.39487220543202,87,22063,220,316,99926,74
42,reference,1000,true,zipfian,READ,4969,12704562,4358007,4252222,1119,1,0,0,0,0,1404,760,3819941,2681599,26100123,54291071,7874427,41258,117222047285,171609856,10025682,1455641,1,0,0,0,0,3310,30211.480362537764,0,100000,29.4325,17,12871,57,118,100000
42,clean-run,1000,true,zipfian,READ,6260,3738707,2802135,2800178,28079,1,0,0,0,0,1404,761,3835080,2681743,26104126,54299874,7874493,41277,117273588510,171671901,10026618,1460860,1,0,0,0,0,12670,7892.659826361484,0,99926,122.95149410563818,84,14199,209,298,99926,74
42,avg-run,1000,true,zipfian,READ,13124,7501008,5905582,5901584,59079,5,0,0,0,0,1404,761,3835080,2681744,26112201,54306769,7874493,41277,117320917760,171735017,10026620,1460860,1,0,0,0,0,13046,7665.184730952016,0,100000,126.70442,90,13599,218,311,100000
43,extend,1000,true,uniform,EXTEND,197039,161264979,78633100,77542537,686946,429849,658356,0,0,0,1404,761,3835080,2684572,26119764,54323730,7874493,41277,117427794041,171852742,10038588,1460860,0,0,0,0,1,6682,1496.5579167913797,0,9993,637.536475532873,383,26415,1058,1501,9993,7
43,run,1000,true,zipfian,READ,201326,166112741,81484892,80392437,686948,429860,658358,0,0,0,1404,761,3835080,2685400,26125400,54324347,7874493,41277,117433770234,171896709,10040772,1460860,1,0,0,0,0,13570,7369.196757553426,0,99936,131.73355947806596,84,15183,224,325,99936,64
43,reference,1000,true,zipfian,READ,5314,13006752,4462144,4353466,1119,1,0,0,0,0,1404,761,3835080,2686268,26125400,54324636,7874493,41277,117433770234,171896709,10040772,1460860,1,0,0,0,0,3628,27563.395810363836,0,100000,32.26537,17,12055,65,127,100000
43,clean-run,1000,true,zipfian,READ,6327,3746169,2850734,2848780,28577,1,0,0,0,0,1404,762,3849601,2686805,26127076,54333539,7878464,43077,117486021499,171953748,10041708,1464204,1,0,0,0,0,14838,6739.452756436177,0,99934,144.0415874477155,87,15431,254,366,99934,66
43,avg-run,1000,true,zipfian,READ,13204,7508279,5954094,5950099,59577,5,0,0,0,0,1404,762,3849601,2686808,26134951,54340455,7878464,43077,117534350829,172016866,10041710,1464204,1,0,0,0,0,14028,7128.5999429712,0,100000,136.19428,90,13079,236,341,100000
44,extend,1000,true,uniform,EXTEND,217855,166870339,81867254,80749813,715269,439848,686145,0,0,0,1404,762,3849601,2689708,26142440,54356208,7878464,43077,117627541161,172134969,10051786,1464204,0,0,0,0,1,6953,1438.2281029771323,0,9988,663.5026031237485,388,25823,1070,1562,9988,12
44,run,1000,true,zipfian,READ,218297,171695704,84774486,83656024,715269,439848,686145,0,0,0,1404,762,3849601,2691048,26147238,54356885,7878464,43077,117627974002,172142101,10051787,1464204,1,0,0,0,0,15196,6580.679126085812,0,99932,147.60484129207862,90,16199,257,366,99932,68
44,reference,1000,true,zipfian,READ,5666,13308935,4566281,4454710,1119,1,0,0,0,0,1404,762,3849601,2691904,26147238,54357170,7878464,43077,117627974002,172142101,10051787,1464204,1,0,0,0,0,3454,28951.939779965258,0,100000,30.82966,17,10423,62,124,100000
44,clean-run,1000,true,zipfian,READ,6505,3794594,2906531,2904574,29124,1,0,0,0,0,1404,763,3862578,2692023,26151029,54366207,7878552,43081,117681660768,172206453,10052723,1469179,1,0,0,0,0,13333,7500.187504687618,0,99921,129.4179701964552,85,15063,221,312,99921,79
44,avg-run,1000,true,zipfian,READ,13375,7557038,6009978,6005980,60124,5,0,0,0,0,1404,763,3862578,2692023,26159102,54373094,7878552,43081,117730989968,172269568,10052725,1469179,1,0,0,0,0,14601,6848.845969454147,0,100000,141.97459,94,17039,245,341,100000
45,extend,1000,true,uniform,EXTEND,245630,172492009,85163902,84021433,744129,449857,714531,0,0,0,1404,763,3862578,2694758,26174286,54390085,7878552,43081,117841583690,172420790,10067616,1469179,0,0,0,0,1,6613,1512.1729925903524,0,9998,626.9401880376075,383,36927,988,1455,9998,2
45,run,1000,true,zipfian,READ,246058,177291066,88114554,86971064,744129,449857,714531,0,0,0,1404,763,3862578,2695345,26174286,54390525,7878552,43081,117841603142,172421122,10067616,1469179,1,0,0,0,0,15803,6327.912421692084,0,99947,153.66942479514142,92,19375,264,373,99947,53
45,reference,1000,true,zipfian,READ,6014,13611122,4670418,4555954,1119,1,0,0,0,0,1404,763,3862578,2695536,26174286,54390765,7878552,43081,117841603142,172421122,10067616,1469179,1,0,0,0,0,4102,24378.35202340322,0,100000,36.5514,17,16447,75,146,100000
45,clean-run,1000,true,zipfian,READ,6567,3817783,2949263,2947306,29605,1,0,0,0,0,1404,764,3877601,2695690,26179516,54399909,7878649,43094,117896362491,172486557,10068552,1474449,1,0,0,0,0,15122,6612.881893929374,0,99929,147.14011948483423,88,14095,259,365,99929,71
45,avg-run,1000,true,zipfian,READ,13436,7580215,6052710,6048712,60605,5,0,0,0,0,1404,764,3877601,2695690,26187568,54406796,7878649,43094,117946691691,172549672,10068554,1474449,1,0,0,0,0,14936,6695.232994108195,0,100000,145.0577,95,16199,255,365,100000
46,extend,1000,true,uniform,EXTEND,276164,178087048,88509155,87341658,773337,459861,743286,0,0,0,1404,764,3877601,2698637,26203007,54422966,7878649,43094,118053090224,172700411,10084183,1474449,0,0,0,0,1,6945,1439.8848092152627,0,9993,660.9453617532273,400,26975,1063,1566,9993,7
46,run,1000,true,zipfian,READ,276587,182899684,91505674,90337156,773337,459861,743286,0,0,0,1404,764,3877601,2699087,26209104,54423539,7878649,43094,118053110668,172700761,10084183,1474449,1,0,0,0,0,16213,6167.889964843027,0,99930,157.63396377464224,90,15415,276,385,99930,70
46,reference,1000,true,zipfian,READ,6359,13913312,4774555,4657198,1119,1,0,0,0,0,1404,764,3877601,2699260,26209104,54423785,7878649,43094,118053110668,172700761,10084183,1474449,1,0,0,0,0,3484,28702.64064293915,0,100000,30.75839,17,10599,61,124,100000
46,clean-run,1000,true,zipfian,READ,6720,3840839,2996734,2994777,30051,1,0,0,0,0,1404,765,3892434,2699480,26209255,54433091,7878744,43109,118108934772,172767200,10085119,1480167,1,0,0,0,0,14261,7012.1309866068295,0,99926,138.73850649480616,89,14991,243,343,99926,74
46,avg-run,1000,true,zipfian,READ,13584,7603732,6100181,6096183,61051,5,0,0,0,0,1404,765,3892434,2699480,26217327,54439973,7878744,43109,118160264002,172830316,10085121,1480167,1,0,0,0,0,14385,6951.685783802572,0,100000,139.68884,94,19263,242,342,100000
47,extend,1000,true,uniform,EXTEND,304687,183700370,91905467,90712942,802941,469860,772463,0,0,0,1404,765,3892434,2702231,26232505,54457539,7878744,43109,118273319131,172984226,10100481,1480167,0,0,0,0,1,6743,1483.019427554501,0,9988,643.4637565078094,400,26623,1032,1547,9988,12
47,run,1000,true,zipfian,READ,305109,188538047,94948859,93755313,802941,469860,772463,0,0,0,1404,765,3892434,2702824,26232505,54458090,7878744,43109,118273342395,172984624,10100481,1480167,1,0,0,0,0,15031,6652.917304237908,0,99917,146.3438353833682,92,19423,247,343,99917,83
47,reference,1000,true,zipfian,READ,6704,14215502,4878692,4758442,1119,1,0,0,0,0,1404,765,3892434,2703055,26232505,54458331,7878744,43109,118273342395,172984624,10100481,1480167,1,0,0,0,0,3432,29137.529137529138,0,100000,30.68715,17,10903,60,116,100000
47,clean-run,1000,true,zipfian,READ,6799,3866207,3043759,3041802,30478,1,0,0,0,0,1404,766,3907485,2703188,26237443,54467661,7878814,43124,118330228946,173052034,10101417,1485559,1,0,0,0,0,14559,6868.6036128855,0,99917,141.60015813124895,91,14335,245,343,99917,83
47,avg-run,1000,true,zipfian,READ,13669,7628787,6147206,6143208,61478,5,0,0,0,0,1404,766,3907485,2703188,26245514,54474587,7878814,43124,118382558196,173115150,10101419,1485559,1,0,0,0,0,15128,6610.2591221575885,0,100000,147.10428,98,16279,252,348,100000
48,extend,1000,true,uniform,EXTEND,331489,189348703,95353727,94136174,832964,479862,802082,0,0,0,1404,766,3907485,2705794,26260408,54492403,7878814,43124,118500298451,173273032,10117135,1485559,0,0,0,0,1,6914,1446.3407578825572,0,9991,659.9855870283255,397,29279,1019,1514,9991,9
48,run,1000,true,zipfian,READ,331877,194221904,98443371,97224797,832964,479862,802082,0,0,0,1404,766,3907485,2706342,26260408,54492873,7878814,43124,118500325859,173273498,10117135,1485559,1,0,0,0,0,16726,5978.715771852206,0,99902,162.64495205301196,99,14127,283,396,99902,98
48,reference,1000,true,zipfian,READ,7049,14517692,4982829,4859686,1119,1,0,0,0,0,1404,766,3907485,2706555,26260408,54493125,7878814,43124,118500325859,173273498,10117135,1485559,1,0,0,0,0,3593,27831.895352073476,0,100000,32.1731,17,13095,63,122,100000
48,clean-run,1000,true,zipfian,READ,6915,3895831,3090626,3088669,30882,1,0,0,0,0,1404,767,3922545,2706704,26264287,54502588,7878886,43137,118558272380,173341829,10118071,1491070,1,0,0,0,0,15529,6439.564685427265,0,99929,150.98909225550142,93,21455,272,384,99929,71
48,avg-run,1000,true,zipfian,READ,13785,7658484,6194073,6190075,61882,5,0,0,0,0,1404,767,3922545,2706704,26272338,54509489,7878886,43137,118611601580,173404944,10118073,1491070,1,0,0,0,0,14580,6858.710562414266,0,100000,141.68103,95,18783,245,357,100000
49,extend,1000,true,uniform,EXTEND,352202,194992805,98851482,97609772,863327,489846,832048,0,0,0,1404,767,3922545,2709705,26286122,54529116,7878886,43137,118729608541,173530802,10130137,1491070,0,0,0,0,1,6981,1432.4595330181921,0,9984,668.2012219551282,399,30719,1068,1623,9984,16
49,run,1000,true,zipfian,READ,360860,199944923,101985735,100742133,863329,489857,832050,0,0,0,1404,767,3922545,2712128,26292166,54530145,7878886,43137,118737777915,173579427,10133102,1491070,1,0,0,0,0,15162,6595.435958316844,0,99921,147.6347814773671,93,15783,245,348,99921,79
49,reference,1000,true,zipfian,READ,7394,14819882,5086966,4960930,1119,1,0,0,0,0,1404,767,3922545,2713101,26292166,54530414,7878886,43137,118737777915,173579427,10133102,1491070,1,0,0,0,0,3455,28943.56005788712,0,100000,30.82112,17,13823,60,117,100000
49,clean-run,1000,true,zipfian,READ,7040,3922335,3133297,3131340,31279,1,0,0,0,0,1404,768,3937116,2713248,26303400,54539988,7878956,43157,118796783233,173648675,10134038,1496401,1,0,0,0,0,14655,6823.609689525759,0,99934,142.60878179598535,91,14975,245,340,99934,66
49,avg-run,1000,true,zipfian,READ,14386,7925371,6236744,6232746,62279,5,0,0,0,0,1404,768,3937116,2713248,26303400,54547364,7878956,43157,118851112483,173711791,10134040,1496401,1,0,0,0,0,14423,6933.370311308327,0,100000,140.22959,98,16623,241,336,100000
50,extend,1000,true,uniform,EXTEND,382839,200719321,102399004,101131288,894166,499845,862448,0,0,0,1404,768,3937116,2716203,26317121,54568682,7878956,43157,118955134669,173838241,10144590,1496401,0,0,0,0,1,6836,1462.8437682855472,0,9988,651.7756307569083,386,27103,1054,1597,9988,12
50,run,1000,true,zipfian,READ,388902,205661351,105573810,104304202,894168,499856,862450,0,0,0,1404,768,3937116,2717507,26317121,54569356,7878956,43157,118957619168,173875898,10145021,1496401,1,0,0,0,0,15215,6572.461386789352,0,99922,148.30434739096495,95,16639,249,358,99922,78
50,reference,1000,true,zipfian,READ,7739,15122072,5191103,5062174,1119,1,0,0,0,0,1404,768,3937116,2718615,26317121,54569619,7878956,43157,118957619218,173875899,10145021,1496401,1,0,0,0,0,3427,29180.040852057195,0,100000,30.47832,17,12743,59,114,100000
50,clean-run,1000,true,zipfian,READ,7178,3939443,3173804,3171847,31718,1,0,0,0,0,1404,769,3950192,2718710,26328853,54579297,7879019,43167,119017690300,173946162,10145957,1501901,1,0,0,0,0,14475,6908.46286701209,0,99919,140.87116564417178,92,16495,241,331,99919,81
50,avg-run,1000,true,zipfian,READ,14524,7942308,6277251,6273253,62718,5,0,0,0,0,1404,769,3950192,2718710,26328853,54586705,7879019,43167,119073009550,174009278,10145959,1501901,1,0,0,0,0,14957,6685.832720465334,0,100000,145.58763,98,15335,253,353,100000
51,extend,1000,true,uniform,EXTEND,408759,206444340,105992513,104698789,925512,509844,893347,0,0,0,1404,769,3950192,2721772,26336630,54605898,7879019,43167,119180769332,174137782,10156603,1501901,0,0,0,0,1,7222,1384.6579894765994,0,9988,688.6906287545054,393,26975,1144,1662,9988,12
51,run,1000,true,zipfian,READ,414018,211392493,109212608,107916992,925514,509855,893349,0,0,0,1404,769,3950192,2722245,26342122,54606494,7879019,43167,119183203917,174174219,10157036,1501901,1,0,0,0,0,15815,6323.110970597534,0,99916,153.6597441851155,96,15079,258,369,99916,84
51,reference,1000,true,zipfian,READ,8084,15424262,5295240,5163418,1119,1,0,0,0,0,1404,769,3950192,2723700,26342122,54606795,7879019,43167,119183203967,174174220,10157036,1501901,1,0,0,0,0,3465,28860.02886002886,0,100000,30.72474,17,11087,59,118,100000
51,clean-run,1000,true,zipfian,READ,7317,3953433,3219185,3217228,32165,1,0,0,0,0,1404,770,3963459,2723803,26352307,54616587,7879082,43174,119244336683,174245516,10157972,1507800,1,0,0,0,0,15077,6632.619221330503,0,99921,146.7699482591247,96,15039,254,353,99921,79
51,avg-run,1000,true,zipfian,READ,14663,7956322,6322632,6318634,63165,5,0,0,0,0,1404,770,3963459,2723803,26352307,54623995,7879082,43174,119300655933,174308632,10157974,1507800,1,0,0,0,0,14944,6691.648822269807,0,100000,145.38938,99,16023,249,354,100000
52,extend,1000,true,uniform,EXTEND,433877,212179529,109636492,108316761,957216,519843,924625,0,0,0,1404,770,3963459,2726703,26360145,54643117,7879082,43174,119411344788,174438678,10168943,1507800,0,0,0,0,1,6906,1448.0162177816392,0,9988,660.5149179014818,402,25183,1055,1543,9988,12
52,run,1000,true,zipfian,READ,437554,217179804,112896460,111574837,957218,519854,924627,0,0,0,1404,770,3963459,2727330,26365681,54643817,7879082,43174,119413759311,174474811,10169379,1507800,1,0,0,0,0,15997,6251.172094767769,0,99928,155.64447402129534,98,14783,261,377,99928,72
52,reference,1000,true,zipfian,READ,8429,15726452,5399377,5264662,1119,1,0,0,0,0,1404,770,3963459,2728844,26365681,54644127,7879082,43174,119413759311,174474811,10169379,1507800,1,0,0,0,0,3463,28876.696505919725,0,100000,30.87723,17,11303,59,120,100000
52,clean-run,1000,true,zipfian,READ,7455,3972599,3257460,3255503,32591,1,0,0,0,0,1404,771,3976836,2729157,26375035,54654094,7879171,43179,119475956400,174547098,10170315,1513484,1,0,0,0,0,15118,6614.6315650218285,0,99914,147.2829333226575,96,5947,251,350,99914,86
52,avg-run,1000,true,zipfian,READ,14801,7975538,6360907,6356909,63591,5,0,0,0,0,1404,771,3976836,2729157,26375035,54661473,7879171,43179,119533275600,174610213,10170317,1513484,1,0,0,0,0,15585,6416.426050689765,0,100000,151.76545,98,18591,262,372,100000
53,extend,1000,true,uniform,EXTEND,458194,217974009,113326187,111980449,989457,529850,956403,0,0,0,1404,771,3976836,2732300,26388168,54681405,7879171,43179,119646615826,174742159,10181683,1513484,0,0,0,0,1,7296,1370.6140350877192,0,9996,696.1202480992397,395,26767,1126,1564,9996,4
53,run,1000,true,zipfian,READ,460796,223002469,116628194,115280564,989459,529861,956405,0,0,0,1404,771,3976836,2734458,26388168,54682106,7879171,43179,119649061231,174778671,10182143,1513484,1,0,0,0,0,16516,6054.734802615645,0,99933,161.0267879479251,99,16127,276,395,99933,67
53,reference,1000,true,zipfian,READ,8774,16028642,5503514,5365906,1119,1,0,0,0,0,1404,771,3976836,2735524,26388168,54682397,7879171,43179,119649061231,174778671,10182143,1513484,1,0,0,0,0,3482,28719.126938541067,0,100000,31.1422,18,10343,61,121,100000
53,clean-run,1000,true,zipfian,READ,7606,3978388,3300690,3298733,33054,1,0,0,0,0,1404,772,3990665,2735605,26397854,54692541,7879237,43184,119712328934,174852036,10183079,1519541,1,0,0,0,0,15359,6510.840549514943,0,99920,149.70381305044035,97,14503,259,373,99920,80
53,avg-run,1000,true,zipfian,READ,15309,7908417,6404137,6400139,64054,5,0,0,0,0,1404,772,3990665,2735605,26397854,54700271,7879237,43184,119770648134,174915151,10183081,1519541,1,0,0,0,0,15204,6577.216521967903,0,100000,148.0939,102,15079,254,355,100000
54,extend,1000,true,uniform,EXTEND,482057,223802546,117063516,115691773,1022258,539855,988669,0,0,0,1404,772,3990665,2738637,26411921,54720721,7879237,43184,119886423386,175049004,10194712,1519541,0,0,0,0,1,7114,1405.678942929435,0,9994,680.1107664598759,409,30511,1119,1640,9994,6
54,run,1000,true,zipfian,READ,484677,228861859,120419018,119045383,1022260,539866,988671,0,0,0,1404,772,3990665,2741102,26411921,54721632,7879237,43184,119888915804,175086136,10195190,1519541,1,0,0,0,0,16638,6010.337780983291,0,99916,161.8693602626206,99,19567,279,400,99916,84
54,reference,1000,true,zipfian,READ,9119,16330832,5607651,5467150,1119,1,0,0,0,0,1404,772,3990665,2741787,26411921,54721901,7879237,43184,119888915804,175086136,10195190,1519541,1,0,0,0,0,3525,28368.794326241135,0,100000,31.43509,18,12831,63,122,100000
54,clean-run,1000,true,zipfian,READ,7770,4017525,3356083,3354126,33589,1,0,0,0,0,1404,773,4004635,2742212,26422199,54732203,7879304,43190,119953263855,175160737,10196126,1525130,1,0,0,0,0,15091,6626.46610562587,0,99929,146.96843759068938,100,14919,247,343,99929,71
54,avg-run,1000,true,zipfian,READ,15473,7947554,6459530,6455532,64589,5,0,0,0,0,1404,773,4004635,2742212,26430054,54739962,7879304,43190,120012583105,175223853,10196128,1525130,1,0,0,0,0,15681,6377.144314775844,0,100000,152.82151,103,14239,266,369,100000
55,extend,1000,true,uniform,EXTEND,506750,229667088,120861002,119463251,1055637,549857,1021523,0,0,0,1404,773,4004635,2745243,26436504,54761206,7879304,43190,120130527734,175359431,10207935,1525130,0,0,0,0,1,7178,1393.1457230426302,0,9991,685.1386247622861,406,29839,1089,1578,9991,9
55,run,1000,true,zipfian,READ,510159,234793935,124269935,122870292,1055639,549868,1021525,0,0,0,1404,773,4004635,2748796,26436504,54762559,7879304,43190,120133042705,175397014,10208392,1525130,1,0,0,0,0,16738,5974.42944198829,0,99931,162.9685082707068,103,18207,271,383,99931,69
55,reference,1000,true,zipfian,READ,9464,16633022,5711788,5568394,1119,1,0,0,0,0,1404,773,4004635,2748861,26439866,54762971,7879304,43190,120133042755,175397015,10208392,1525130,1,0,0,0,0,3358,29779.630732578917,0,100000,29.92006,17,10591,59,115,100000
55,clean-run,1000,true,zipfian,READ,7942,4041274,3407389,3405432,34114,1,0,0,0,0,1404,774,4017144,2749122,26449995,54773389,7879368,43197,120198623496,175475241,10209329,1531287,1,0,0,0,0,15668,6382.435537401072,0,99923,152.88267966334078,101,15247,263,372,99923,77
55,avg-run,1000,true,zipfian,READ,15645,7971303,6510836,6506838,65114,5,0,0,0,0,1404,774,4017144,2749122,26457987,54781156,7879368,43197,120258942746,175538357,10209331,1531287,1,0,0,0,0,15499,6452.029163171817,0,100000,150.93904,103,15191,258,367,100000
56,extend,1000,true,uniform,EXTEND,533032,235603322,124717332,123293573,1089408,559852,1054797,0,0,0,1404,774,4017144,2752163,26464665,54803277,7879368,43197,120378664568,175675287,10221385,1531287,0,0,0,0,1,7130,1402.5245441795232,0,9984,680.3426482371794,407,27119,1107,1610,9984,16
56,run,1000,true,zipfian,READ,537007,240749630,128177435,126751784,1089410,559863,1054799,0,0,0,1404,774,4017144,2755524,26468118,54804407,7879368,43197,120381220424,175713515,10221857,1531287,1,0,0,0,0,17404,5745.805561939784,0,99935,169.87653975083805,99,15695,293,414,99935,65
56,reference,1000,true,zipfian,READ,9809,16935212,5815925,5669638,1119,1,0,0,0,0,1404,774,4017144,2756098,26468118,54804679,7879368,43197,120381220424,175713515,10221857,1531287,1,0,0,0,0,3643,27449.90392533626,0,100000,32.59698,18,10535,66,125,100000
56,clean-run,1000,true,zipfian,READ,8103,4048033,3458674,3456717,34611,1,0,0,0,0,1404,775,4031031,2756197,26476244,54815281,7879435,43207,120447722590,175790494,10222793,1537648,1,0,0,0,0,15188,6584.1453779299445,0,99916,148.1319508387045,102,16719,252,350,99916,84
56,avg-run,1000,true,zipfian,READ,15806,7978062,6562121,6558123,65611,5,0,0,0,0,1404,775,4031031,2756197,26484431,54823049,7879435,43207,120509041840,175853610,10222795,1537648,1,0,0,0,0,15184,6585.879873551106,0,100000,147.75928,102,14343,250,355,100000
57,extend,1000,true,uniform,EXTEND,559769,241564302,128631375,127181608,1123812,569849,1088618,0,0,0,1404,775,4031031,2759267,26491219,54845094,7879435,43207,120630860550,175992426,10235032,1537648,0,0,0,0,1,7097,1409.0460758066788,0,9986,677.3328660124174,411,27647,1091,1605,9986,14
57,run,1000,true,zipfian,READ,563795,246728767,132145176,130693517,1123814,569860,1088620,0,0,0,1404,775,4031031,2761913,26495458,54846176,7879435,43207,120633443631,176031051,10235496,1537648,1,0,0,0,0,16233,6160.290765724142,0,99915,158.5466246309363,103,16607,263,374,99915,85
57,reference,1000,true,zipfian,READ,10154,17237402,5920062,5770882,1119,1,0,0,0,0,1404,775,4031031,2763009,26495458,54846439,7879435,43207,120633443631,176031051,10235496,1537648,1,0,0,0,0,3434,29120.559114735002,0,100000,30.63829,17,11247,60,118,100000
57,clean-run,1000,true,zipfian,READ,8300,4072139,3512149,3510192,35194,1,0,0,0,0,1404,776,4044663,2763188,26503542,54857276,7879526,43217,120701034033,176109389,10236432,1543906,1,0,0,0,0,15832,6316.321374431531,0,99911,154.4594589184374,104,14215,268,380,99911,89
57,avg-run,1000,true,zipfian,READ,16005,8002166,6615596,6611598,66194,5,0,0,0,0,1404,776,4044663,2763188,26511703,54865044,7879526,43217,120763353283,176172505,10236434,1543906,1,0,0,0,0,16197,6173.982836327715,0,100000,157.5821,106,14983,272,390,100000
58,extend,1000,true,uniform,EXTEND,586715,247547946,132606132,131130358,1158784,579852,1123042,0,0,0,1404,776,4044663,2766266,26518637,54887176,7879526,43217,120886888465,176313218,10248724,1543906,0,0,0,0,1,7164,1395.8682300390842,0,9992,684.3350680544436,409,30271,1099,1603,9992,8
58,run,1000,true,zipfian,READ,592413,252718713,136175494,134697828,1158786,579863,1123044,0,0,0,1404,776,4044663,2767729,26523882,54888160,7879526,43217,120889514836,176352434,10249198,1543906,1,0,0,0,0,16651,6005.645306588193,0,99914,161.96923354084512,103,24511,272,386,99914,86
58,reference,1000,true,zipfian,READ,10499,17539592,6024199,5872126,1119,1,0,0,0,0,1404,776,4044663,2768606,26523882,54888399,7879526,43217,120889514836,176352434,10249198,1543906,1,0,0,0,0,3411,29316.91586045148,0,100000,30.46527,18,10583,59,117,100000
58,clean-run,1000,true,zipfian,READ,8517,4069566,3569978,3568021,35749,1,0,0,0,0,1404,777,4058625,2768745,26532150,54899488,7879594,43228,120958192348,176432089,10250134,1550570,1,0,0,0,0,15444,6475.006475006475,0,99923,150.49316974070035,101,15239,253,348,99923,77
58,avg-run,1000,true,zipfian,READ,16219,7999596,6673425,6669427,66749,5,0,0,0,0,1404,777,4058625,2768745,26540339,54907243,7879594,43228,121021511598,176495205,10250136,1550570,1,0,0,0,0,15585,6416.426050689765,0,100000,151.47904,106,25055,262,373,100000
59,extend,1000,true,uniform,EXTEND,616207,253541827,136643200,135141420,1194262,589856,1157986,0,0,0,1404,777,4058625,2771820,26547455,54930304,7879594,43228,121146978009,176637313,10262602,1550570,0,0,0,0,1,7145,1399.5801259622112,0,9993,682.1121785249675,418,29759,1057,1578,9993,7
59,run,1000,true,zipfian,READ,622212,258729259,140261090,138756812,1194264,589867,1157988,0,0,0,1404,777,4058625,2773354,26553055,54931397,7879594,43228,121149597854,176676359,10263082,1550570,1,0,0,0,0,18665,5357.621216180016,0,99921,182.48935659170746,111,18159,308,418,99921,79
59,reference,1000,true,zipfian,READ,10844,17841782,6128336,5973370,1119,1,0,0,0,0,1404,777,4058625,2773675,26560044,54931796,7879594,43228,121150053975,176683893,10263083,1550570,1,0,0,0,0,3492,28636.8843069874,0,100000,31.16861,17,10759,62,121,100000
59,clean-run,1000,true,zipfian,READ,8698,4102223,3616218,3614261,36276,1,0,0,0,0,1404,778,4072516,2773812,26569607,54943084,7879662,43242,121219810183,176764775,10264019,1557492,1,0,0,0,0,16587,6028.817748839452,0,99909,161.7257804602188,106,15911,273,375,99909,91
59,avg-run,1000,true,zipfian,READ,18930,7567313,7719665,7715667,77276,5,0,0,0,0,1404,778,4072516,2773812,26577797,54953328,7879662,43242,121285464201,176847919,10264021,1557492,1,0,0,0,0,16061,6226.26237469647,0,100000,156.30677,107,22175,267,373,100000
60,extend,1000,true,uniform,EXTEND,647609,259555131,140735284,139207264,1230372,599856,1193560,0,0,0,1404,778,4072516,2777033,26591397,54978022,7879662,43242,121413562240,176992111,10276721,1557492,0,0,0,0,1,6997,1429.1839359725598,0,9989,668.7559315246772,401,29311,1077,1617,9989,11
60,run,1000,true,zipfian,READ,654120,264746770,144402105,142872193,1230374,599867,1193562,0,0,0,1404,778,4072516,2779105,26597585,54979452,7879662,43242,121416476625,177032953,10277298,1557492,1,0,0,0,0,15185,6585.446163977609,0,99918,147.90824476070378,89,18927,253,362,99918,82
60,reference,1000,true,zipfian,READ,11189,18143972,6232473,6074614,1119,1,0,0,0,0,1404,778,4072516,2779898,26597585,54979739,7879662,43242,121416476625,177032953,10277298,1557492,1,0,0,0,0,3594,27824.15136338342,0,100000,32.05252,18,13295,61,119,100000
60,clean-run,1000,true,zipfian,READ,8869,4064849,3666441,3664484,36812,1,0,0,0,0,1404,779,4086448,2780041,26606192,54991178,7879729,43285,121487313039,177115079,10278234,1564243,1,0,0,0,0,14365,6961.364427427776,0,99937,139.72514684251078,86,15399,246,351,99937,63
60,avg-run,1000,true,zipfian,READ,19101,7529939,7769888,7765890,77812,5,0,0,0,0,1404,779,4086448,2780041,26614376,55001475,7879729,43285,121553957057,177198223,10278236,1564243,1,0,0,0,0,18006,5553.7043207819615,0,100000,175.32552,107,18879,308,424,100000
61,extend,1000,true,uniform,EXTEND,680341,265575112,144882558,143328532,1266838,609858,1229509,0,0,0,1404,779,4086448,2783241,26628161,55026788,7879729,43285,121682687478,177343406,10290910,1564243,0,0,0,0,1,7150,1398.6013986013986,0,9991,679.263437093384,393,30111,1094,1740,9991,9
61,run,1000,true,zipfian,READ,687387,270785271,148595758,147039840,1266840,609869,1229511,0,0,0,1404,779,4086448,2784628,26634439,55028533,7879729,43285,121685431427,177384304,10291428,1564243,1,0,0,0,0,15348,6515.506906437321,0,99925,149.39322491868901,90,21823,251,359,99925,75
61,reference,1000,true,zipfian,READ,11534,18446162,6336610,6175858,1119,1,0,0,0,0,1404,779,4086448,2785538,26634439,55028822,7879729,43285,121685431427,177384304,10291428,1564243,1,0,0,0,0,3877,25793.139025019344,0,100000,34.93838,18,11903,67,125,100000
61,clean-run,1000,true,zipfian,READ,9037,4085270,3711885,3709928,37329,1,0,0,0,0,1404,780,4100537,2785679,26643537,55040426,7879795,43303,121757347232,177467650,10292364,1571181,1,0,0,0,0,15947,6270.7719320248325,0,99920,154.9136509207366,93,16479,266,384,99920,80
61,avg-run,1000,true,zipfian,READ,19269,7550360,7815332,7811334,78329,5,0,0,0,0,1404,780,4100537,2785681,26651723,55050713,7879795,43303,121824991250,177550794,10292366,1571181,1,0,0,0,0,16969,5893.099180859213,0,100000,165.52166,112,17423,279,382,100000
62,extend,1000,true,uniform,EXTEND,717081,271665969,149083074,147502169,1303828,619868,1265996,0,0,0,1404,780,4100537,2788862,26666000,55075257,7879795,43303,121955852249,177725663,10305096,1571181,0,0,0,0,1,7055,1417.4344436569809,0,9988,674.0302362835403,398,28479,1077,1640,9988,12
62,run,1000,true,zipfian,READ,717693,276842164,152842144,151260210,1303828,619868,1265996,0,0,0,1404,780,4100537,2789692,26666000,55075925,7879795,43303,121955885873,177726241,10305096,1571181,1,0,0,0,0,15821,6320.712976423741,0,99922,154.1262284581974,91,17887,261,373,99922,78
62,reference,1000,true,zipfian,READ,11879,18748352,6440747,6277102,1119,1,0,0,0,0,1404,780,4100537,2790033,26672080,55076293,7879795,43303,121956488514,177736265,10305097,1571181,1,0,0,0,0,3690,27100.271002710026,0,100000,33.16294,18,11143,63,118,100000
62,clean-run,1000,true,zipfian,READ,9201,4065485,3759898,3757941,37832,1,0,0,0,0,1404,781,4113834,2790180,26686665,55088047,7879858,43313,122029480926,177820800,10306033,1578930,1,0,0,0,0,14764,6773.23218639935,0,99930,143.7475232662864,90,15615,250,353,99930,70
62,avg-run,1000,true,zipfian,READ,19433,7530575,7863345,7859347,78832,5,0,0,0,0,1404,781,4113834,2790180,26694853,55098344,7879858,43313,122098124944,177903944,10306035,1578930,1,0,0,0,0,15888,6294.058408862034,0,100000,155.03657,110,14991,255,352,100000
63,extend,1000,true,uniform,EXTEND,747884,277665406,153334835,151729757,1341392,629860,1303033,0,0,0,1404,781,4113834,2793482,26716331,55127865,7879858,43313,122236701197,178051918,10318417,1578930,0,0,0,0,1,7223,1384.4662882458813,0,9992,690.9572658126501,406,29263,1105,1646,9992,8
63,run,1000,true,zipfian,READ,763924,282796393,157151773,155544803,1341394,629871,1303035,0,0,0,1404,781,4113834,2795907,26730161,55130738,7879858,43313,122244177696,178104121,10320945,1578930,1,0,0,0,0,16179,6180.851721367205,0,99920,157.69777822257805,90,15047,272,385,99920,80
63,reference,1000,true,zipfian,READ,12224,19050542,6544884,6378346,1119,1,0,0,0,0,1404,781,4113834,2796844,26730161,55131043,7879858,43313,122244177696,178104121,10320945,1578930,1,0,0,0,0,3476,28768.699654775603,0,100000,30.86224,17,10775,60,116,100000
63,clean-run,1000,true,zipfian,READ,9394,4058464,3815053,3813099,38346,1,0,0,0,0,1404,782,4128118,2797335,26738927,55143010,7885768,45592,122317703050,178180824,10321880,1584850,1,0,0,0,0,15734,6355.662895640015,0,99910,153.28515664097688,91,14095,268,361,99910,90
63,avg-run,1000,true,zipfian,READ,19633,7523423,7918413,7914418,79346,5,0,0,0,0,1404,782,4128118,2797335,26747121,55153300,7885768,45592,122387347068,178263968,10321882,1584850,1,0,0,0,0,17126,5839.075090505664,0,100000,167.13712,111,15503,281,385,100000
64,extend,1000,true,uniform,EXTEND,803643,283667160,157651468,156019512,1379420,639875,1340553,0,0,0,1404,782,4128118,2800635,26761697,55182144,7885768,45592,122517617823,178438762,10333861,1584850,0,0,0,0,1,7319,1366.3068725235687,0,9993,699.2999099369558,391,25951,1141,1768,9993,7
64,run,1000,true,zipfian,READ,804705,288802580,161524085,159891104,1379420,639875,1340553,0,0,0,1404,782,4128118,2801868,26768233,55183311,7885768,45592,122517654647,178439396,10333861,1584850,1,0,0,0,0,15916,6282.9856747926615,0,99918,155.16242318701336,93,16655,260,364,99918,82
64,reference,1000,true,zipfian,READ,12569,19352732,6649021,6479590,1119,1,0,0,0,0,1404,782,4128118,2802243,26775005,55183678,7885768,45592,122518258387,178449428,10333862,1584850,1,0,0,0,0,3615,27662.517289073305,0,100000,32.31453,18,13311,65,127,100000
64,clean-run,1000,true,zipfian,READ,9518,4034561,3871844,3869887,38867,1,0,0,0,0,1404,783,4140124,2802382,26786283,55195737,7885825,45614,122593411195,178536447,10334798,1591859,1,0,0,0,0,14709,6798.558705554423,0,99917,142.49807340092278,89,20527,248,350,99917,83
64,avg-run,1000,true,zipfian,READ,19750,7499651,7975291,7971293,79867,5,0,0,0,0,1404,783,4140124,2802382,26794472,55206033,7885825,45614,122664055213,178619591,10334800,1591859,1,0,0,0,0,16904,5915.759583530526,0,100000,164.62053,111,19807,281,394,100000
65,extend,1000,true,uniform,EXTEND,838518,289617520,162029113,160372992,1417970,649861,1378566,0,0,0,1404,783,4140124,2805585,26815975,55239278,7885825,45614,122805480790,178770092,10347199,1591859,0,0,0,0,1,6973,1434.102968593145,0,9986,667.0340476667334,391,26799,1052,1674,9986,14
65,run,1000,true,zipfian,READ,858087,294763056,165958550,164300537,1417972,649872,1378568,0,0,0,1404,783,4140124,2808804,26830081,55242483,7885825,45614,122814077495,178826328,10350614,1591859,1,0,0,0,0,17640,5668.934240362812,0,99930,171.73287301110778,90,20543,293,403,99930,70
65,reference,1000,true,zipfian,READ,12914,19654922,6753158,6580834,1119,1,0,0,0,0,1404,783,4140124,2809039,26830081,55242781,7885825,45614,122814077495,178826328,10350614,1591859,1,0,0,0,0,3491,28645.08736751647,0,100000,31.14854,18,11639,61,119,100000
65,clean-run,1000,true,zipfian,READ,9749,4053585,3929337,3927380,39404,1,0,0,0,0,1404,784,4154578,2809160,26840857,55255142,7885895,45654,122890313715,178914658,10351550,1599925,1,0,0,0,0,15487,6457.028475495577,0,99930,150.81851295907134,92,16607,260,355,99930,70
65,avg-run,1000,true,zipfian,READ,19981,7518675,8032784,8028786,80404,5,0,0,0,0,1404,784,4154578,2809160,26849044,55265438,7885895,45654,122961957733,178997802,10351552,1599925,1,0,0,0,0,16577,6032.454605779091,0,100000,161.8188,114,16703,271,364,100000
66,extend,1000,true,uniform,EXTEND,892102,295586184,166470240,164788113,1457110,659862,1417210,0,0,0,1404,784,4154578,2812460,26863987,55298821,7885895,45654,123094940292,179149324,10363650,1599925,0,0,0,0,1,7181,1392.563709789723,0,9990,687.2605605605605,413,26719,1082,1587,9990,10
66,run,1000,true,zipfian,READ,909596,300755955,170445841,168761076,1457112,659873,1417212,0,0,0,1404,784,4154578,2813791,26877226,55301598,7885895,45654,123097986559,179194961,10364191,1599925,1,0,0,0,0,15745,6351.222610352493,0,99921,153.47231312737063,91,15983,256,358,99921,79
66,reference,1000,true,zipfian,READ,13259,19957112,6857295,6682078,1119,1,0,0,0,0,1404,784,4154578,2814639,26877226,55301863,7885895,45654,123097986559,179194961,10364191,1599925,1,0,0,0,0,3410,29325.513196480937,0,100000,30.48168,17,10623,58,114,100000
66,clean-run,1000,true,zipfian,READ,9880,4010450,3975076,3973119,39900,1,0,0,0,0,1404,785,4167163,2814799,26890019,55314591,7885955,45685,123175381572,179285682,10365128,1607720,1,0,0,0,0,14785,6763.611768684477,0,99911,144.11478215611893,91,16847,241,334,99911,89
66,avg-run,1000,true,zipfian,READ,20106,7475546,8078523,8074525,80900,5,0,0,0,0,1404,785,4167163,2814799,26898196,55324882,7885955,45685,123248025590,179368826,10365130,1607720,1,0,0,0,0,16337,6121.074860745547,0,100000,159.45299,116,16575,265,367,100000
67,extend,1000,true,uniform,EXTEND,940985,301591472,170963080,169254433,1496653,669861,1456282,0,0,0,1404,785,4167163,2818003,26913076,55355355,7885955,45685,123385422001,179522646,10377736,1607720,0,0,0,0,1,7055,1417.4344436569809,0,9988,674.1152382859432,403,26767,1045,1615,9988,12
67,run,1000,true,zipfian,READ,956884,306812081,174995178,173284639,1496655,669872,1456284,0,0,0,1404,785,4167163,2819944,26925872,55358129,7885955,45685,123388475710,179567331,10378304,1607720,1,0,0,0,0,15811,6324.710644488015,0,99932,154.2491494216067,94,19567,247,347,99932,68
67,reference,1000,true,zipfian,READ,13604,20259302,6961432,6783322,1119,1,0,0,0,0,1404,785,4167163,2820898,26925872,55358449,7885955,45685,123388475760,179567332,10378304,1607720,1,0,0,0,0,3623,27601.43527463428,0,100000,32.20551,17,12175,65,123,100000
67,clean-run,1000,true,zipfian,READ,10015,3976449,4031720,4029683,40371,17,0,0,0,0,1404,786,4180555,2821054,26936141,55371564,7886020,45713,123466867797,179658036,10379240,1615599,1,0,0,0,0,15565,6424.670735624799,0,99917,151.74100503417836,92,20879,258,363,99917,83
67,avg-run,1000,true,zipfian,READ,20238,7441540,8135161,8131083,81371,21,0,0,0,0,1404,786,4180555,2821054,26944323,55381848,7886020,45713,123540511815,179741180,10379242,1615599,1,0,0,0,0,17308,5777.675063554426,0,100000,168.85692,116,15807,284,393,100000
68,extend,1000,true,uniform,EXTEND,989703,307651509,175517564,173782910,1536677,679856,1495852,0,0,0,1404,786,4180555,2824358,26959356,55413385,7886020,45713,123680929480,179896717,10392195,1615599,0,0,0,0,1,7243,1380.6433798149938,0,9984,693.9766626602565,412,25455,1121,1727,9984,16
68,run,1000,true,zipfian,READ,1004324,312919421,179594498,177857952,1536679,679867,1495854,0,0,0,1404,786,4180555,2827074,26971932,55416391,7886020,45713,123683918550,179941306,10392727,1615599,1,0,0,0,0,17691,5652.591713300549,0,99928,172.80324833880394,96,16559,295,401,99928,72
68,reference,1000,true,zipfian,READ,13949,20561492,7065569,6884566,1119,1,0,0,0,0,1404,786,4180555,2827407,26971932,55416687,7886020,45713,123683918550,179941306,10392727,1615599,1,0,0,0,0,3676,27203.48204570185,0,100000,32.84385,18,11943,67,130,100000
68,clean-run,1000,true,zipfian,READ,10121,3926335,4077199,4075242,40825,1,0,0,0,0,1404,787,4194299,2827520,26982196,55429429,7886113,45739,123763373812,180033060,10393663,1623192,1,0,0,0,0,16404,6096.0741282614,0,99933,159.96757827744588,95,16783,277,380,99933,67
68,avg-run,1000,true,zipfian,READ,20347,7391431,8180646,8176648,81825,5,0,0,0,0,1404,787,4194299,2827520,26990386,55439720,7886113,45739,123838017880,180116205,10393665,1623192,1,0,0,0,0,18283,5469.561888092764,0,100000,178.59814,122,16367,301,413,100000
69,extend,1000,true,uniform,EXTEND,1041814,313818607,180123980,178362447,1577217,689870,1535925,0,0,0,1404,787,4194299,2830827,27005487,55468701,7886113,45739,123980056972,180299493,10406606,1623192,0,0,0,0,1,7181,1392.563709789723,0,9992,686.6219975980785,391,26719,1058,1702,9992,8
69,run,1000,true,zipfian,READ,1043119,319106617,184250876,182488319,1577217,689870,1535925,0,0,0,1404,787,4194299,2832106,27018575,55470197,7886113,45739,123980099426,180300224,10406606,1623192,1,0,0,0,0,18555,5389.382915656158,0,99926,181.09885315133198,101,17279,305,409,99926,74
69,reference,1000,true,zipfian,READ,14294,20863682,7169706,6985810,1119,1,0,0,0,0,1404,787,4194299,2832211,27018575,55470474,7886113,45739,123980702067,180310248,10406607,1623192,1,0,0,0,0,3656,27352.297592997813,0,100000,32.55268,17,10711,62,125,100000
69,clean-run,1000,true,zipfian,READ,10151,3879086,4127522,4125565,41292,1,0,0,0,0,1404,788,4206857,2832356,27029945,55483234,7886174,45753,124061235301,180403062,10407544,1630795,1,0,0,0,0,16192,6175.889328063241,0,99936,157.84142851424912,94,16847,274,386,99936,64
69,avg-run,1000,true,zipfian,READ,20383,7344176,8230969,8226971,82292,5,0,0,0,0,1404,788,4206857,2832356,27038132,55493526,7886174,45753,124136869349,180486207,10407546,1630795,1,0,0,0,0,17814,5613.562366677894,0,100000,173.98185,120,16255,295,410,100000
70,extend,1000,true,uniform,EXTEND,1081813,319935796,184784762,182999066,1618174,699860,1576393,0,0,0,1404,788,4206857,2835856,27067415,55531592,7886174,45753,124285117654,180643526,10419381,1630795,0,0,0,0,1,7658,1305.8239749281797,0,9990,733.7353353353353,424,26575,1146,1737,9990,10
70,run,1000,true,zipfian,READ,1105903,325021013,188958430,187170791,1618176,699871,1576395,0,0,0,1404,788,4206857,2837742,27082275,55535933,7886174,45753,124294653859,180694845,10423485,1630795,1,0,0,0,0,18513,5401.609679684546,0,99918,180.88320422746654,101,19759,308,421,99918,82
70,reference,1000,true,zipfian,READ,14639,21165872,7273843,7087054,1119,1,0,0,0,0,1404,788,4206857,2838052,27089800,55536230,7886174,45753,124295256500,180704869,10423486,1630795,1,0,0,0,0,3670,27247.956403269756,0,100000,32.88513,18,11263,64,125,100000
70,clean-run,1000,true,zipfian,READ,10263,3843577,4173675,4171718,41781,1,0,0,0,0,1404,789,4220905,2838290,27100693,55551668,7886246,45803,124376844253,180798738,10424422,1639131,1,0,0,0,0,16439,6083.095078776081,0,99929,160.41480451120296,96,16167,277,381,99929,71
70,avg-run,1000,true,zipfian,READ,20489,7308673,8277122,8273124,82781,5,0,0,0,0,1404,789,4220905,2838290,27108874,55561956,7886246,45803,124453478271,180881882,10424424,1639131,1,0,0,0,0,17604,5680.527152919791,0,100000,172.05872,119,15183,290,404,100000
71,extend,1000,true,uniform,EXTEND,1147025,325842710,189498120,187687294,1659542,709858,1617292,0,0,0,1404,789,4220905,2841704,27130139,55599831,7886246,45803,124599262734,181040485,10437491,1639131,0,0,0,0,1,7364,1357.9576317218903,0,9987,704.5099629518373,422,26975,1094,1672,9987,13
71,run,1000,true,zipfian,READ,1169123,331020143,193718720,191906002,1659544,709869,1617294,0,0,0,1404,789,4220905,2844119,27144825,55603689,7886246,45803,124603910399,181093910,10439468,1639131,1,0,0,0,0,17429,5737.563830397613,0,99931,170.0035324373818,98,17471,282,393,99931,69
71,reference,1000,true,zipfian,READ,14984,21468062,7377980,7188298,1119,1,0,0,0,0,1404,789,4220905,2844164,27152163,55604108,7886246,45803,124603910449,181093911,10439468,1639131,1,0,0,0,0,3505,28530.670470756064,0,100000,31.3696,18,10759,61,116,100000
71,clean-run,1000,true,zipfian,READ,10295,3810670,4220322,4218285,42257,1,0,0,0,0,1404,790,4234227,2844429,27162517,55619235,7886314,45847,124686974135,181195373,10440406,1647291,1,0,0,0,0,17033,5870.956378794105,0,99931,166.2791426083998,100,16135,287,386,99931,69
71,avg-run,1000,true,zipfian,READ,20520,7275759,8323763,8319685,83257,5,0,0,0,0,1404,790,4234227,2844429,27170650,55629558,7886314,45847,124764608203,181278518,10440408,1647291,1,0,0,0,0,18540,5393.743257820927,0,100000,181.18673,121,19743,307,416,100000
72,extend,1000,true,uniform,EXTEND,1207225,331860632,194264304,192427470,1701409,719856,1658681,0,0,0,1404,790,4234227,2847830,27185937,55664629,7886314,45847,124910060722,181439353,10453267,1647291,0,0,0,0,1,7397,1351.89941868325,0,9987,708.1965555221789,425,28255,1084,1567,9987,13
72,run,1000,true,zipfian,READ,1227181,337099469,198531759,196693033,1701411,719867,1658683,0,0,0,1404,790,4234227,2850756,27198563,55668404,7886314,45847,124913177321,181485743,10453834,1647291,1,0,0,0,0,17849,5602.554764972828,0,99919,174.28513095607443,98,24479,288,404,99919,81
72,reference,1000,true,zipfian,READ,15329,21770252,7482117,7289542,1119,1,0,0,0,0,1404,790,4234227,2850783,27205306,55668822,7886314,45847,124913177371,181485744,10453834,1647291,1,0,0,0,0,3613,27677.830058123443,0,100000,32.33078,18,10263,63,118,100000
72,clean-run,1000,true,zipfian,READ,10335,3798728,4265292,4263335,42728,1,0,0,0,0,1404,791,4247685,2851011,27215356,55683837,7886383,45878,124997068565,181584464,10454771,1655798,1,0,0,0,0,16508,6057.66900896535,0,99923,161.23699248421283,99,16527,272,381,99923,77
72,avg-run,1000,true,zipfian,READ,20561,7263824,8368739,8364741,83728,5,0,0,0,0,1404,791,4247685,2851011,27223520,55694125,7886383,45878,125075702613,181667609,10454773,1655798,1,0,0,0,0,17814,5613.562366677894,0,100000,174.0571,120,15031,294,411,100000
73,extend,1000,true,uniform,EXTEND,1265483,337946066,199082706,197219866,1743775,729853,1700564,0,0,0,1404,791,4247685,2854318,27238799,55729352,7886383,45878,125223962760,181830338,10467818,1655798,0,0,0,0,1,7312,1367.6148796498906,0,9986,698.380833166433,420,29903,1104,1628,9986,14
73,run,1000,true,zipfian,READ,1284194,343218787,203397324,201532592,1743777,729864,1700566,0,0,0,1404,791,4247685,2856868,27251531,55733770,7886383,45878,125227074219,181876533,10468379,1655798,1,0,0,0,0,18085,5529.44429084877,0,99935,176.86342122379546,100,17263,294,406,99935,65
73,reference,1000,true,zipfian,READ,15674,22072442,7586254,7390786,1119,1,0,0,0,0,1404,791,4247685,2856870,27251531,55734076,7886383,45878,125227074219,181876533,10468379,1655798,1,0,0,0,0,3344,29904.306220095692,0,100000,29.81193,17,10039,60,113,100000
73,clean-run,1000,true,zipfian,READ,10283,3771594,4312871,4310914,43211,1,0,0,0,0,1404,792,4261602,2857079,27265914,55751378,7886450,45908,125311849650,181973364,10469315,1664181,1,0,0,0,0,16326,6125.199068969741,0,99917,159.4947906762613,95,17791,266,370,99917,83
73,avg-run,1000,true,zipfian,READ,20509,7236690,8416318,8412320,84211,5,0,0,0,0,1404,792,4261602,2857079,27274085,55761663,7886450,45908,125391483668,182056508,10469317,1664181,1,0,0,0,0,18000,5555.555555555556,0,100000,175.8317,123,17055,300,402,100000
74,extend,1000,true,uniform,EXTEND,1333985,344118152,203955024,202065305,1786623,739859,1742943,0,0,0,1404,792,4261602,2860589,27296053,55796578,7886450,45908,125542040303,182246740,10482641,1664181,0,0,0,0,1,7611,1313.887793982394,0,9984,728.6017628205128,426,28927,1131,1673,9984,16
74,run,1000,true,zipfian,READ,1336269,349400509,208313637,206422893,1786623,739859,1742943,0,0,0,1404,792,4261602,2862031,27301910,55799062,7886450,45908,125542681932,182257434,10482642,1664181,1,0,0,0,0,19365,5163.955589981926,0,99929,189.10849703289335,115,16911,314,414,99929,71
74,reference,1000,true,zipfian,READ,16019,22374632,7690391,7492030,1119,1,0,0,0,0,1404,792,4261602,2862222,27301910,55799335,7886450,45908,125542681932,182257434,10482642,1664181,1,0,0,0,0,3574,27979.854504756575,0,100000,31.88173,17,10975,64,122,100000
74,clean-run,1000,true,zipfian,READ,10378,3799832,4359298,4357341,43680,1,0,0,0,0,1404,793,4273269,2862362,27317766,55812351,7886507,45929,125628519072,182355222,10483578,1672689,1,0,0,0,0,16993,5884.776084269994,0,99920,166.0652321857486,106,15903,283,389,99920,80
74,avg-run,1000,true,zipfian,READ,20604,7264928,8462745,8458747,84680,5,0,0,0,0,1404,793,4273269,2862362,27325948,55822641,7886507,45929,125709153090,182438366,10483580,1672689,1,0,0,0,0,18167,5504.486156217317,0,100000,177.46488,123,15527,302,422,100000
75,extend,1000,true,uniform,EXTEND,1379372,350241661,208876022,206962138,1829944,749849,1785770,0,0,0,1404,793,4273269,2865966,27355720,55865073,7886507,45929,125863369021,182602977,10495333,1672689,0,0,0,0,1,7886,1268.06999746386,0,9990,755.2424424424424,437,30815,1206,2026,9990,10
75,run,1000,true,zipfian,READ,1402152,355457800,213282235,211366458,1829946,749860,1785772,0,0,0,1404,793,4273269,2867590,27378082,55870210,7886507,45929,125874711389,182654030,10500415,1672689,1,0,0,0,0,19054,5248.24183898394,0,99922,186.33718300274214,114,22607,308,425,99922,78
75,reference,1000,true,zipfian,READ,16364,22676822,7794528,7593274,1119,1,0,0,0,0,1404,793,4273269,2867714,27378082,55870510,7886507,45929,125874711389,182654030,10500415,1672689,1,0,0,0,0,3288,30413.625304136254,0,100000,29.19658,17,10431,57,112,100000
75,clean-run,1000,true,zipfian,READ,10278,3835192,4404997,4403040,44174,1,0,0,0,0,1404,794,4284344,2867922,27388256,55888971,7886589,45990,125961614689,182752825,10501351,1681569,1,0,0,0,0,17585,5686.664771111743,0,99936,171.62104747038106,107,16911,290,390,99936,64
75,avg-run,1000,true,zipfian,READ,20504,7300288,8508444,8504446,85174,5,0,0,0,0,1404,794,4284344,2867922,27396418,55899257,7886589,45990,126043248737,182835970,10501353,1681569,1,0,0,0,0,18304,5463.286713286713,0,100000,178.91816,126,21951,300,407,100000
76,extend,1000,true,uniform,EXTEND,1453030,356292907,213851028,211912114,1873881,759852,1829183,0,0,0,1404,794,4284344,2871433,27433976,55943894,7886589,45990,126201930720,183002333,10514852,1681569,0,0,0,0,1,7686,1301.0668748373666,0,9992,736.6494195356285,422,26511,1124,1720,9992,8
76,run,1000,true,zipfian,READ,1477196,361552675,218310135,216369327,1873883,759863,1829185,0,0,0,1404,794,4284344,2872966,27448728,55949065,7886589,45990,126210979089,183052855,10520831,1681569,1,0,0,0,0,18640,5364.806866952789,0,99925,182.38896172129097,117,21247,294,405,99925,75
76,reference,1000,true,zipfian,READ,16709,22979012,7898665,7694518,1119,1,0,0,0,0,1404,794,4284344,2873086,27448728,55949364,7886589,45990,126210979089,183052855,10520831,1681569,1,0,0,0,0,3503,28546.959748786754,0,100000,31.31294,17,11807,60,123,100000
76,clean-run,1000,true,zipfian,READ,10310,3877000,4459138,4457181,44698,1,0,0,0,0,1404,795,4294586,2873265,27458546,55968478,7886639,46058,126298954421,183152736,10521767,1690726,1,0,0,0,0,17010,5878.894767783657,0,99939,166.26711293889272,106,7111,276,370,99939,61
76,avg-run,1000,true,zipfian,READ,20536,7342096,8562585,8558587,85698,5,0,0,0,0,1404,795,4294586,2873265,27466701,55978755,7886639,46058,126381588439,183235880,10521769,1690726,1,0,0,0,0,18510,5402.485143165856,0,100000,180.89833,122,15567,305,414,100000
77,extend,1000,true,uniform,EXTEND,1532905,362390896,218885162,216921216,1918316,769851,1873105,0,0,0,1404,795,4294586,2876877,27504367,56027753,7886639,46058,126546622579,183404514,10536208,1690726,0,0,0,0,1,7847,1274.3723716069835,0,9988,750.9393271926311,440,28655,1180,1881,9988,12
77,run,1000,true,zipfian,READ,1560480,367638891,223391067,221425227,1918318,769862,1873107,0,0,0,1404,795,4294586,2878948,27526625,56036063,7886639,46058,126556784516,183458138,10541871,1690726,1,0,0,0,0,18135,5514.199062586159,0,99931,177.3178393091233,113,19119,276,399,99931,69
77,reference,1000,true,zipfian,READ,17079,23281177,8002802,7795762,1119,1,0,0,0,0,1404,795,4294586,2879165,27526625,56036551,7886639,46058,126556784516,183458138,10541871,1690726,1,0,0,0,0,3300,30303.030303030304,0,100000,29.37655,17,10495,57,114,100000
77,clean-run,1000,true,zipfian,READ,10484,3922917,4505627,4503670,45211,1,0,0,0,0,1404,796,4302690,2879344,27535261,56055814,7886708,46142,126645829206,183559087,10542807,1699620,1,0,0,0,0,16888,5921.364282330649,0,99924,165.177635002602,107,15359,264,369,99924,76
77,avg-run,1000,true,zipfian,READ,20710,7388013,8609074,8605076,86211,5,0,0,0,0,1404,796,4302690,2879344,27543452,56066092,7886708,46142,126729463224,183642231,10542809,1699620,1,0,0,0,0,17513,5710.043967338548,0,100000,171.31576,124,15943,285,388,100000
78,extend,1000,true,uniform,EXTEND,1619492,368477489,223971574,221982596,1963179,779846,1917459,0,0,0,1404,796,4302690,2882744,27573221,56118116,7886708,46142,126902053563,183813476,10559304,1699620,0,0,0,0,1,7493,1334.5789403443214,0,9984,717.7801482371794,431,29807,1124,1622,9984,16
78,run,1000,true,zipfian,READ,1704121,373777203,228524743,226533853,1963181,779857,1917461,0,0,0,1404,796,4302690,2888729,27601151,56179247,7886708,46142,126909803343,183868069,10563853,1699620,1,0,0,0,0,18237,5483.358008444371,0,99925,178.58197648236177,112,18399,269,397,99925,75
78,reference,1000,true,zipfian,READ,17451,23583340,8106939,7897006,1119,1,0,0,0,0,1404,796,4302690,2888777,27607771,56179756,7886708,46142,126910405984,183878093,10563854,1699620,1,0,0,0,0,3462,28885.037550548815,0,100000,30.92132,17,10895,60,118,100000
78,clean-run,1000,true,zipfian,READ,10572,3964523,4551768,4549811,45720,1,0,0,0,0,1404,797,4308683,2888911,27619235,56198864,7886739,46227,127000521221,183980137,10564790,1708988,1,0,0,0,0,17182,5820.044232336166,0,99918,168.02052683200225,110,16247,273,377,99918,82
78,avg-run,1000,true,zipfian,READ,20804,7429613,8655215,8651217,86720,5,0,0,0,0,1404,797,4308683,2888911,27627421,56209149,7886739,46227,127085145269,184063282,10564792,1708988,1,0,0,0,0,17511,5710.696133858717,0,100000,170.85829,123,17087,276,383,100000
79,extend,1000,true,uniform,EXTEND,1763109,374629063,229111703,227097657,2008591,789844,1962358,0,0,0,1404,797,4308683,2892316,27649498,56261366,7886739,46227,127253507680,184235749,10580842,1708988,0,0,0,0,1,7473,1338.1506757660914,0,9987,717.3892059677581,423,26831,1128,1627,9987,13
79,run,1000,true,zipfian,READ,1854109,380026714,233719135,231702852,2008593,789855,1962360,0,0,0,1404,797,4308683,2899355,27682920,56328344,7886739,46227,127258989266,184293851,10583230,1708988,1,0,0,0,0,19562,5111.951743175545,0,99925,191.47125344008006,121,18655,316,432,99925,75
79,reference,1000,true,zipfian,READ,17823,23885503,8211076,7998250,1119,1,0,0,0,0,1404,797,4308683,2899367,27690715,56328724,7886739,46227,127259591907,184303875,10583231,1708988,1,0,0,0,0,3581,27925.160569673277,0,100000,31.88088,17,10535,62,118,100000
79,clean-run,1000,true,zipfian,READ,10679,4020466,4606700,4604743,46233,1,0,0,0,0,1404,798,4315113,2899486,27700973,56348061,7886771,46232,127350780846,184407048,10584167,1718794,1,0,0,0,0,18720,5341.880341880342,0,99907,183.22436866285645,114,16223,312,420,99907,93
79,avg-run,1000,true,zipfian,READ,21003,8535213,9710147,9706149,97233,5,0,0,0,0,1404,798,4315113,2899486,27709159,56358438,7886771,46232,127437734072,184510219,10584169,1718794,1,0,0,0,0,19771,5057.913105052855,0,100000,193.41532,129,15919,326,438,100000
80,extend,1000,true,uniform,EXTEND,1926498,380945423,234313631,232272996,2054562,799858,2007786,0,0,0,1404,798,4315113,2903091,27739128,56406417,7886771,46232,127599838390,184709398,10599236,1718794,0,0,0,0,1,7860,1272.264631043257,0,9992,752.6090872698159,446,28639,1154,1601,9992,8
80,run,1000,true,zipfian,READ,1934438,386379973,238971645,236929988,2054562,799858,2007786,0,0,0,1404,798,4315113,2905697,27752291,56414563,7886771,46232,127600486030,184720194,10599237,1718794,1,0,0,0,0,19798,5051.015254066067,0,99929,193.83348177205815,120,19199,324,444,99929,71
80,reference,1000,true,zipfian,READ,18195,24187666,8315213,8099494,1119,1,0,0,0,0,1404,798,4315113,2906095,27752291,56415030,7886771,46232,127600486030,184720194,10599237,1718794,1,0,0,0,0,3498,28587.764436821042,0,100000,31.2801,17,11199,62,125,100000
80,clean-run,1000,true,zipfian,READ,10771,4061062,4657830,4655873,46776,1,0,0,0,0,1404,799,4323022,2906259,27763200,56434514,7886810,46305,127692752652,184824560,10600173,1728355,1,0,0,0,0,18395,5436.259853220984,0,99922,179.9612898060487,116,16767,306,418,99922,78
80,avg-run,1000,true,zipfian,READ,21217,8575047,9761277,9757279,97776,5,0,0,0,0,1404,799,4323022,2906259,27771384,56445068,7886810,46305,127780705878,184927731,10600175,1728355,1,0,0,0,0,20260,4935.834155972359,0,100000,198.27209,130,16415,333,449,100000
81,extend,1000,true,uniform,EXTEND,2017894,387285670,239572576,237506911,2100982,809858,2053692,0,0,0,1404,799,4323022,2910059,27816981,56496693,7886810,46305,127949930860,185135067,10619633,1728355,0,0,0,0,1,7818,1279.0995139421848,0,9989,748.4660126138753,444,30015,1150,1659,9989,11
81,run,1000,true,zipfian,READ,2075548,392682430,244278541,242211855,2100982,809858,2053692,0,0,0,1404,799,4323022,2913708,27829916,56554418,7886810,46305,127950591834,185146086,10619634,1728355,1,0,0,0,0,20503,4877.335024142808,0,99910,200.52871584425984,123,19343,333,451,99910,90
81,reference,1000,true,zipfian,READ,18567,24489829,8419350,8200738,1119,1,0,0,0,0,1404,799,4323022,2913723,27829916,56555084,7886810,46305,127950591834,185146086,10619634,1728355,1,0,0,0,0,3678,27188.68950516585,0,100000,32.99614,17,11671,65,122,100000
81,clean-run,1000,true,zipfian,READ,10902,4100051,4707334,4705377,47290,1,0,0,0,0,1404,800,4328162,2915145,27872044,56574422,7897333,61089,128080359824,185302547,10637839,1730366,1,0,0,0,0,18918,5285.97103287874,0,99941,185.05109014318447,118,15919,313,412,99941,59
81,avg-run,1000,true,zipfian,READ,21475,8613304,9810781,9806783,98290,5,0,0,0,0,1404,800,4328162,2915404,27879778,56585059,7897333,61089,128169313080,185405719,10637841,1730366,1,0,0,0,0,20685,4834.4210780759,0,100000,202.57387,135,17391,334,442,100000
82,extend,1000,true,uniform,EXTEND,2165962,393599183,244885584,242794891,2147990,819857,2100151,0,0,0,1404,800,4328162,2919204,27901556,56632718,7897333,61089,128304291239,185582926,10643539,1730366,0,0,0,0,1,7925,1261.8296529968454,0,9988,757.3416099319184,443,26671,1180,1726,9988,12
82,run,1000,true,zipfian,READ,2249443,399030946,249650119,247557534,2147992,819868,2100153,0,0,0,1404,800,4328162,2927856,27933846,56699116,7897333,61089,128307998624,185644845,10643554,1730366,1,0,0,0,0,19633,5093.465084296847,0,99910,192.17646882193975,122,20767,313,433,99910,90
82,reference,1000,true,zipfian,READ,18939,24791992,8523487,8301982,1119,1,0,0,0,0,1404,800,4328162,2927903,27933846,56699588,7897333,61089,128307998624,185644845,10643554,1730366,1,0,0,0,0,3424,29205.607476635512,0,100000,30.50269,17,10343,60,118,100000
82,clean-run,1000,true,zipfian,READ,10991,4124569,4763341,4761387,47826,1,0,0,0,0,1404,801,4335270,2928024,27948893,56719207,7897368,61149,128401779442,185740924,10644489,1740270,1,0,0,0,0,18040,5543.2372505543235,0,99917,176.65788604541768,112,17183,299,402,99917,83
82,avg-run,1000,true,zipfian,READ,21758,8636569,9866701,9862706,98826,5,0,0,0,0,1404,801,4335270,2928024,27957078,56730038,7897368,61149,128491732668,185844095,10644491,1740270,1,0,0,0,0,16930,5906.674542232723,0,100000,165.42706,117,15687,268,375,100000
83,extend,1000,true,uniform,EXTEND,2308123,399909946,250263170,248146475,2195528,829863,2147181,0,0,0,1404,801,4335270,2931453,27979331,56781566,7897368,61149,128660171889,186023031,10659383,1740270,0,0,0,0,1,7505,1332.4450366422386,0,9995,719.7934967483742,443,29295,1109,1594,9995,5
83,run,1000,true,zipfian,READ,2412616,405362211,255078178,252959591,2195530,829874,2147183,0,0,0,1404,801,4335270,2940126,28019355,56869478,7897368,61149,128664305299,186085621,10660000,1740270,1,0,0,0,0,19984,5004.003202562049,0,99934,195.7985470410471,122,17535,324,454,99934,66
83,reference,1000,true,zipfian,READ,19309,25094157,8627624,8403226,1119,1,0,0,0,0,1404,801,4335270,2940167,28019355,56869936,7897368,61149,128664305299,186085621,10660000,1740270,1,0,0,0,0,3596,27808.676307007787,0,100000,32.0558,18,10335,64,124,100000
83,clean-run,1000,true,zipfian,READ,11137,4186369,4814169,4812212,48347,1,0,0,0,0,1404,802,4341828,2940305,28029190,56890183,7897401,61207,128759800661,186193479,10660936,1750133,1,0,0,0,0,17485,5719.187875321704,0,99933,171.1326388680416,117,16375,274,391,99933,67
83,avg-run,1000,true,zipfian,READ,22023,8697744,9917616,9913618,99347,5,0,0,0,0,1404,802,4341828,2940305,28037367,56901134,7897401,61207,128850753888,186296650,10660938,1750133,1,0,0,0,0,17281,5786.702158439905,0,100000,169.02768,120,16071,282,393,100000
84,extend,1000,true,uniform,EXTEND,2473998,406244394,255697077,253554374,2243564,839866,2194713,0,0,0,1404,802,4341828,2943742,28066901,56955107,7897401,61207,129021654559,186477263,10676162,1750133,0,0,0,0,1,7499,1333.5111348179757,0,9992,716.8548839071257,433,29631,1116,1586,9992,8
84,run,1000,true,zipfian,READ,2586171,411740936,260567278,258422683,2243566,839877,2194715,0,0,0,1404,802,4341828,2951855,28093096,57048755,7897401,61207,129025176073,186529763,10676782,1750133,1,0,0,0,0,19132,5226.845076311938,0,99930,187.40898629040328,122,17103,299,421,99930,70
84,reference,1000,true,zipfian,READ,19688,25396386,8732645,8504484,1119,1,0,0,0,0,1404,802,4341828,2951875,28093096,57049760,7897401,61207,129025176073,186529763,10676782,1750133,1,0,0,0,0,3352,29832.935560859187,0,100000,29.90027,17,11535,58,116,100000
84,clean-run,1000,true,zipfian,READ,11240,4210197,4868374,4866420,48845,1,0,0,0,0,1404,803,4348315,2952007,28101420,57070170,7897433,61294,129121093964,186627887,10677717,1759694,1,0,0,0,0,17858,5599.731212901781,0,99925,174.9384938704028,116,16543,288,395,99925,75
84,avg-run,1000,true,zipfian,READ,22335,8720204,9971734,9967739,99845,5,0,0,0,0,1404,803,4348315,2952007,28109595,57081319,7897433,61294,129213047220,186731059,10677719,1759694,1,0,0,0,0,21249,4706.103816650195,0,100000,207.81171,123,18623,357,490,100000
85,extend,1000,true,uniform,EXTEND,2649707,412626484,261192464,259022886,2292115,849866,2242764,0,0,0,1404,803,4348315,2955720,28139053,57137438,7897433,61294,129385544906,186913289,10692978,1759694,0,0,0,0,1,8094,1235.4830738818878,0,9989,773.5842426669336,457,37695,1164,1694,9989,11
85,run,1000,true,zipfian,READ,2765416,418056053,266113138,263942539,2292115,849866,2242764,0,0,0,1404,803,4348315,2959787,28151528,57252582,7897433,61294,129386238378,186924847,10692979,1759694,1,0,0,0,0,22156,4513.450081242101,0,99923,217.0015211713019,123,18511,367,511,99923,77
85,reference,1000,true,zipfian,READ,20060,25698549,8836782,8605728,1119,1,0,0,0,0,1404,803,4348315,2959801,28151528,57253854,7897433,61294,129386238378,186924847,10692979,1759694,1,0,0,0,0,3944,25354.96957403651,0,100000,35.29374,18,10663,72,133,100000
85,clean-run,1000,true,zipfian,READ,11373,4267883,4921240,4919283,49351,1,0,0,0,0,1404,804,4351802,2959927,28164273,57275142,7897451,61297,129483879207,187034948,10693915,1769680,1,0,0,0,0,20740,4821.600771456124,0,99948,203.0708668507624,119,17631,349,453,99948,52
85,avg-run,1000,true,zipfian,READ,22466,8778016,10024687,10020689,100351,5,0,0,0,0,1404,804,4351802,2960924,28204588,57286499,7897451,61297,129616087873,187190461,10711700,1769680,1,0,0,0,0,19438,5144.562197756971,0,100000,189.77515,126,18767,330,456,100000
86,extend,1000,true,uniform,EXTEND,2867697,418976790,266744309,264549703,2341034,859864,2291207,0,0,0,1404,804,4351802,2964871,28233754,57343954,7897451,61297,129756945867,187373863,10717388,1769680,0,0,0,0,1,7928,1261.3521695257316,0,9987,759.7352558325823,426,26639,1199,1848,9987,13
86,run,1000,true,zipfian,READ,2982065,424446904,271715300,269519673,2341034,859864,2291207,0,0,0,1404,804,4351802,2968990,28245957,57457781,7897451,61297,129757638604,187385422,10717389,1769680,1,0,0,0,0,22095,4525.910839556461,0,99915,216.2893959865886,134,17215,359,491,99915,85
86,reference,1000,true,zipfian,READ,20432,26000712,8940919,8706972,1119,1,0,0,0,0,1404,804,4351802,2969009,28245957,57458983,7897451,61297,129757638604,187385422,10717389,1769680,1,0,0,0,0,3701,27019.724398811133,0,100000,33.00132,17,13111,64,120,100000
86,clean-run,1000,true,zipfian,READ,11496,4301814,4971800,4969843,49827,1,0,0,0,0,1404,805,4355565,2969136,28260989,57480320,7897474,61301,129856349644,187496598,10718325,1780399,1,0,0,0,0,20350,4914.004914004914,0,99939,198.97934740191516,119,22031,345,468,99939,61
86,avg-run,1000,true,zipfian,READ,23006,8809451,10075247,10071249,100827,5,0,0,0,0,1404,805,4355565,2971787,28307536,57492091,7897474,61301,129990299463,187652786,10736304,1780399,1,0,0,0,0,19350,5167.958656330749,0,100000,189.24657,127,16511,325,427,100000
87,extend,1000,true,uniform,EXTEND,3089875,425370519,272352170,270132536,2390501,869858,2340208,0,0,0,1404,805,4355565,2975462,28329288,57551450,7897474,61301,130131926841,187837912,10741916,1780399,0,0,0,0,1,7587,1318.0440226703572,0,9983,726.5127717119102,421,29439,1127,1685,9983,17
87,run,1000,true,zipfian,READ,3227128,430842552,277368037,275147382,2390501,869858,2340208,0,0,0,1404,805,4355565,2979380,28349478,57689016,7897474,61301,130132650041,187849988,10741917,1780399,1,0,0,0,0,21764,4594.7436133063775,0,99927,213.2908823441112,126,18367,360,488,99927,73
87,reference,1000,true,zipfian,READ,20804,26302875,9045056,8808216,1119,1,0,0,0,0,1404,805,4355565,2979382,28349478,57689471,7897474,61301,130132650041,187849988,10741917,1780399,1,0,0,0,0,3605,27739.251040221912,0,100000,32.27352,17,10847,65,123,100000
87,clean-run,1000,true,zipfian,READ,11628,4334974,5016813,5014856,50293,1,0,0,0,0,1404,806,4358832,2979530,28376072,57711459,7897492,61307,130232429604,187962228,10742853,1791312,1,0,0,0,0,19620,5096.83995922528,0,99927,191.81077186346033,122,18255,330,446,99927,73
87,avg-run,1000,true,zipfian,READ,23138,8842611,10120260,10116262,101293,5,0,0,0,0,1404,806,4358832,2982385,28406461,57723174,7897492,61307,130367624603,188118702,10761004,1791312,1,0,0,0,0,18828,5311.238580837051,0,100000,183.85496,122,17359,324,433,100000
88,extend,1000,true,uniform,EXTEND,3335006,431769539,278010778,275766116,2440454,879855,2389653,0,0,0,1404,806,4358832,2986187,28427876,57784629,7897492,61307,130510556133,188305398,10766640,1791312,0,0,0,0,1,7801,1281.886937572106,0,9986,747.7436410975365,420,26703,1233,1881,9986,14
88,run,1000,true,zipfian,READ,3483158,437240480,283077864,280832181,2440454,879855,2389653,0,0,0,1404,806,4358832,2990022,28447697,57932522,7897492,61307,130511281643,188317510,10766641,1791312,1,0,0,0,0,21151,4727.908845917451,0,99941,206.80113266827428,128,16463,350,492,99941,59
88,reference,1000,true,zipfian,READ,21176,26605038,9149193,8909460,1119,1,0,0,0,0,1404,806,4358832,2990038,28447697,57933486,7897492,61307,130511281643,188317510,10766641,1791312,1,0,0,0,0,3586,27886.22420524261,0,100000,31.98385,17,11695,62,125,100000
88,clean-run,1000,true,zipfian,READ,11765,4364434,5066940,5064983,50801,1,0,0,0,0,1404,807,4361952,2992591,28490181,57955899,7897509,61313,130653250123,188484679,10785926,1801596,1,0,0,0,0,19648,5089.5765472312705,0,99929,192.327272363378,124,16623,333,443,99929,71
88,avg-run,1000,true,zipfian,READ,23275,8872071,10170387,10166389,101801,5,0,0,0,0,1404,807,4361952,2992905,28505453,57967475,7897509,61313,130749193349,188587850,10785928,1801596,1,0,0,0,0,17345,5765.350245027385,0,100000,169.51527,122,15855,278,389,100000
89,extend,1000,true,uniform,EXTEND,3593241,438168542,283726214,281456524,2490773,889847,2439489,0,0,0,1404,807,4361952,2996405,28534724,58029449,7897509,61313,130893198056,188775617,10791587,1801596,0,0,0,0,1,7380,1355.0135501355014,0,9981,707.5325117723675,415,27759,1129,2022,9981,19
89,run,1000,true,zipfian,READ,3750810,443660705,288842794,286572083,2490773,889847,2439489,0,0,0,1404,807,4361952,3000247,28547605,58187837,7897509,61313,130893921658,188787696,10791588,1801596,1,0,0,0,0,20415,4898.359049718344,0,99936,200.21418707973103,123,18479,326,449,99936,64
89,reference,1000,true,zipfian,READ,21548,26907201,9253330,9010704,1119,1,0,0,0,0,1404,807,4361952,3000255,28547605,58188862,7897509,61313,130893921658,188787696,10791588,1801596,1,0,0,0,0,3554,28137.310073157005,0,100000,31.55968,17,14495,61,125,100000
89,clean-run,1000,true,zipfian,READ,11886,4388651,5115623,5113666,51284,1,0,0,0,0,1404,808,4367915,3001395,28587887,58211939,7897538,61383,131036454438,188956368,10810321,1801615,1,0,0,0,0,18781,5324.530110217774,0,99933,183.9224880670049,116,17183,303,420,99933,67
89,avg-run,1000,true,zipfian,READ,24646,8888787,10219070,10215072,102284,5,0,0,0,0,1404,808,4367915,3003528,28603900,58224759,7897538,61383,131133397664,189059539,10810323,1801615,1,0,0,0,0,18497,5406.282099799968,0,100000,180.8385,121,16703,313,422,100000
90,extend,1000,true,uniform,EXTEND,3857700,444598222,289497612,287202894,2541749,899844,2490002,0,0,0,1404,808,4367915,3007017,28631858,58289549,7897538,61383,131280411844,189249536,10816780,1801615,0,0,0,0,1,7192,1390.4338153503893,0,9986,688.7326256759463,420,25711,1075,1567,9986,14
90,run,1000,true,zipfian,READ,4045346,450150392,294663410,292366800,2541751,899855,2490004,0,0,0,1404,808,4367915,3014845,28665302,58457436,7897538,61383,131283764505,189305032,10816811,1801615,1,0,0,0,0,19719,5071.251077640854,0,99924,193.41254353308514,121,18783,301,434,99924,76
90,reference,1000,true,zipfian,READ,21920,27209364,9357467,9111948,1119,1,0,0,0,0,1404,808,4367915,3014917,28672534,58458228,7897538,61383,131284514696,189317557,10816812,1801615,1,0,0,0,0,3329,30039.050765995795,0,100000,29.61942,17,10719,57,112,100000
90,clean-run,1000,true,zipfian,READ,12017,4408073,5164613,5162656,51747,1,0,0,0,0,1404,809,4373956,3015053,28687057,58481364,7897569,61459,131387506641,189433093,10817748,1812886,1,0,0,0,0,18101,5524.55665432849,0,99909,177.28122591558318,115,16671,280,389,99909,91
90,avg-run,1000,true,zipfian,READ,24777,8908209,10268060,10264062,102747,5,0,0,0,0,1404,809,4373956,3015053,28703426,58494185,7897569,61459,131485449897,189536265,10817750,1812886,1,0,0,0,0,17597,5682.786838665682,0,100000,172.1708,124,15935,281,395,100000
91,extend,1000,true,uniform,EXTEND,4120414,451050004,295322243,293001518,2593076,909840,2540858,0,0,0,1404,809,4373956,3018653,28732798,58559274,7897569,61459,131670459293,189727349,10833946,1812886,0,0,0,0,1,7737,1292.4906294429366,0,9985,742.6371557336004,434,29311,1154,1738,9985,15
91,run,1000,true,zipfian,READ,4328934,456594704,300529397,298206780,2593078,909851,2540860,0,0,0,1404,809,4373956,3027005,28765683,58748807,7897569,61459,131674231460,189783531,10834624,1812886,1,0,0,0,0,20769,4814.86831335163,0,99928,203.42128332399326,121,20575,328,463,99928,72
91,reference,1000,true,zipfian,READ,22292,27511527,9461604,9213192,1119,1,0,0,0,0,1404,809,4373956,3027039,28773430,58749283,7897569,61459,131674981601,189796055,10834625,1812886,1,0,0,0,0,3444,29036.004645760742,0,100000,30.59722,16,15311,60,113,100000
91,clean-run,1000,true,zipfian,READ,12139,4429773,5207109,5205152,52218,1,0,0,0,0,1404,810,4379227,3027174,28786280,58772626,7897596,61464,131779041950,189912655,10835561,1823942,1,0,0,0,0,18914,5287.088928835783,0,99926,185.09591097412084,118,18063,311,425,99926,74
91,avg-run,1000,true,zipfian,READ,24899,8929909,10310556,10306558,103218,5,0,0,0,0,1404,810,4379227,3027174,28802644,58785448,7897596,61464,131877985176,190015826,10835563,1823942,1,0,0,0,0,17743,5636.025474835146,0,100000,173.63346,125,16607,280,392,100000
92,extend,1000,true,uniform,EXTEND,4405518,457498808,301194466,298847733,2645002,919845,2592316,0,0,0,1404,810,4379227,3030674,28832159,58852007,7897596,61464,132064812868,190209019,10851931,1823942,0,0,0,0,1,7487,1335.6484573260318,0,9994,717.4012407444467,427,43935,1128,1588,9994,6
92,run,1000,true,zipfian,READ,4631035,463042870,306444045,304095420,2645004,919856,2592318,0,0,0,1404,810,4379227,3039039,28873244,59058012,7897596,61464,132069356943,190278043,10852598,1823942,1,0,0,0,0,19795,5051.780752715332,0,99918,194.15444664624994,120,19839,300,436,99918,82
92,reference,1000,true,zipfian,READ,22664,27813690,9565741,9314436,1119,1,0,0,0,0,1404,810,4379227,3039045,28873244,59058364,7897596,61464,132069356943,190278043,10852598,1823942,1,0,0,0,0,3306,30248.03387779794,0,100000,29.42338,17,11343,59,114,100000
92,clean-run,1000,true,zipfian,READ,12283,4445764,5248252,5246295,52686,1,0,0,0,0,1404,811,4383572,3039174,28887481,59082359,7897617,61469,132174488477,190395723,10853534,1834686,1,0,0,0,0,18738,5336.748852598997,0,99906,183.61647949072128,121,16271,302,423,99906,94
92,avg-run,1000,true,zipfian,READ,25043,8945900,10351699,10347701,103686,5,0,0,0,0,1404,811,4383572,3039174,28903848,59095179,7897617,61469,132274431703,190498894,10853536,1834686,1,0,0,0,0,18044,5542.008423852804,0,100000,176.63329,127,17759,291,400,100000
93,extend,1000,true,uniform,EXTEND,4710389,463948229,307115101,304742365,2697383,929847,2644190,0,0,0,1404,811,4383572,3042774,28933420,59164147,7897617,61469,132463577334,190693428,10870127,1834686,0,0,0,0,1,7712,1296.680497925311,0,9991,741.0144129716745,449,29583,1125,1557,9991,9
93,run,1000,true,zipfian,READ,4948922,469486711,312417354,310042726,2697385,929858,2644192,0,0,0,1404,811,4383572,3050917,28982309,59381423,7897617,61469,132468159403,190763215,10870804,1834686,1,0,0,0,0,19866,5033.725963958522,0,99931,194.7501976363691,120,18367,312,450,99931,69
93,reference,1000,true,zipfian,READ,23036,28115853,9669878,9415680,1119,1,0,0,0,0,1404,811,4383572,3050943,28982309,59383027,7897617,61469,132468159403,190763215,10870804,1834686,1,0,0,0,0,3397,29437.73918163085,0,100000,30.37594,17,11727,61,113,100000
93,clean-run,1000,true,zipfian,READ,12420,4468203,5300611,5298574,53193,17,0,0,0,0,1404,812,4387436,3051075,28990407,59407541,7897637,61474,132574370510,190882062,10871740,1845524,1,0,0,0,0,18320,5458.515283842795,0,99912,179.40271438866202,122,16783,281,400,99912,88
93,avg-run,1000,true,zipfian,READ,25177,8968334,10404052,10399974,104193,21,0,0,0,0,1404,812,4387436,3051075,29006771,59420358,7897637,61474,132675313766,190985234,10871742,1845524,1,0,0,0,0,17231,5803.493703209332,0,100000,168.0357,117,22639,291,399,100000
94,extend,1000,true,uniform,EXTEND,5029760,470394753,313094319,310695575,2750214,939844,2696515,0,0,0,1404,812,4387436,3054775,29036242,59490275,7897637,61474,132866254853,191181164,10888436,1845524,0,0,0,0,1,7903,1265.3422750854106,0,9986,759.4407170038053,461,29647,1157,1628,9986,14
94,run,1000,true,zipfian,READ,5277725,475964373,318446829,316046193,2750216,939855,2696517,0,0,0,1404,812,4387436,3062441,29071406,59716783,7897637,61474,132870128247,191238878,10889122,1845524,1,0,0,0,0,19509,5125.839356194577,0,99928,191.13856977023457,120,17855,305,434,99928,72
94,reference,1000,true,zipfian,READ,23414,28418083,9774899,9516938,1119,1,0,0,0,0,1404,812,4387436,3062462,29071406,59718233,7897637,61474,132870128247,191238878,10889122,1845524,1,0,0,0,0,3223,31026.993484331368,0,100000,28.56824,17,11031,56,110,100000
94,clean-run,1000,true,zipfian,READ,12551,4482946,5351547,5349590,53699,1,0,0,0,0,1404,813,4391037,3062592,29085812,59743078,7897661,61479,132977634694,191362498,10890059,1856832,1,0,0,0,0,18159,5506.911173522771,0,99916,177.81862764722368,122,20927,266,386,99916,84
94,avg-run,1000,true,zipfian,READ,25311,8983082,10454994,10450996,104699,5,0,0,0,0,1404,813,4391037,3062592,29102182,59755871,7897661,61479,133079567920,191465669,10890061,1856832,1,0,0,0,0,16961,5895.878780732268,0,100000,165.81014,117,16207,282,381,100000
95,extend,1000,true,uniform,EXTEND,5361994,476874062,319130142,316705390,2803652,949848,2749436,0,0,0,1404,813,4391037,3066192,29131857,59829596,7897661,61479,133271984936,191663434,10906819,1856832,0,0,0,0,1,7636,1309.5861707700367,0,9993,732.8580006004203,468,26815,1109,1463,9993,7
95,run,1000,true,zipfian,READ,5623858,482447649,324536158,322109514,2803654,949859,2749438,0,0,0,1404,813,4391037,3073750,29167223,60069817,7897661,61479,133275897560,191721619,10907501,1856832,1,0,0,0,0,19826,5043.881771411278,0,99934,194.5008305481618,129,19439,302,434,99934,66
95,reference,1000,true,zipfian,READ,23786,28720246,9879036,9618182,1119,1,0,0,0,0,1404,813,4391037,3073766,29172942,60070396,7897661,61479,133275897560,191721619,10907501,1856832,1,0,0,0,0,3219,31065.548306927616,0,100000,28.43414,17,13783,55,110,100000
95,clean-run,1000,true,zipfian,READ,12686,4499646,5404755,5402798,54216,1,0,0,0,0,1404,814,4394518,3073894,29185151,60095651,7897683,61591,133384620375,191848623,10908439,1868365,1,0,0,0,0,18350,5449.591280653951,0,99920,179.79557646116893,121,17615,277,395,99920,80
95,avg-run,1000,true,zipfian,READ,25446,8999782,10508202,10504204,105216,5,0,0,0,0,1404,814,4394518,3073894,29201511,60108474,7897683,61591,133487553601,191951794,10908441,1868365,1,0,0,0,0,16939,5903.536218194698,0,100000,165.57361,120,17471,269,383,100000
96,extend,1000,true,uniform,EXTEND,5709351,483359672,325225625,322774865,2857621,959848,2802885,0,0,0,1404,814,4394518,3077456,29231323,60182981,7897683,61591,133681574312,192151007,10925267,1868365,0,0,0,0,1,7555,1323.6267372600926,0,9989,725.4783261587746,460,30703,1093,1466,9989,11
96,run,1000,true,zipfian,READ,5980578,488936464,330686149,328233497,2857623,959859,2802887,0,0,0,1404,814,4394518,3084759,29266994,60432314,7897683,61591,133685513671,192209752,10925933,1868365,1,0,0,0,0,19631,5093.984004890224,0,99914,192.48101367175772,130,17999,284,422,99914,86
96,reference,1000,true,zipfian,READ,24158,29022409,9983173,9719426,1119,1,0,0,0,0,1404,814,4394518,3084770,29272574,60432898,7897683,61591,133685513671,192209752,10925933,1868365,1,0,0,0,0,3377,29612.081729345573,0,100000,29.99315,17,12447,58,112,100000
96,clean-run,1000,true,zipfian,READ,12851,4517154,5461034,5459077,54736,1,0,0,0,0,1404,815,4397677,3084896,29288442,60458275,7897706,61679,133795460807,192340687,10926870,1879762,1,0,0,0,0,18288,5468.066491688539,0,99928,179.21632575454328,121,17631,265,387,99928,72
96,avg-run,1000,true,zipfian,READ,25611,9017290,10564481,10560483,105736,5,0,0,0,0,1404,815,4397677,3084896,29304813,60471095,7897706,61679,133899394063,192443859,10926872,1879762,1,0,0,0,0,17104,5846.585594013096,0,100000,167.18551,117,20207,282,387,100000
97,extend,1000,true,uniform,EXTEND,6068605,489850209,331381933,328905165,2912118,969852,2856863,0,0,0,1404,815,4397677,3088496,29334585,60547419,7897706,61679,134095825633,192644723,10943842,1879762,0,0,0,0,1,7737,1292.4906294429366,0,9993,743.5955168618033,458,29567,1147,1590,9993,7
97,run,1000,true,zipfian,READ,6358980,495415135,336890141,334411481,2912120,969863,2856865,0,0,0,1404,815,4397677,3095333,29376839,60816872,7897706,61679,134099803827,192704044,10944526,1879762,1,0,0,0,0,19541,5117.445371270662,0,99919,191.6018074640459,124,18607,278,416,99919,81
97,reference,1000,true,zipfian,READ,24530,29324572,10087310,9820670,1119,1,0,0,0,0,1404,815,4397677,3095340,29384504,60817349,7897706,61679,134099803827,192704044,10944526,1879762,1,0,0,0,0,3301,30293.850348379277,0,100000,29.43159,17,11287,58,110,100000
97,clean-run,1000,true,zipfian,READ,13005,4503895,5508046,5506092,55249,1,0,0,0,0,1404,816,4400494,3095375,29396866,60843637,7898606,66591,134210264090,192826777,10945462,1889180,1,0,0,0,0,18525,5398.110661268556,0,99919,181.28465056695924,119,17407,276,392,99919,81
97,avg-run,1000,true,zipfian,READ,25768,9003904,10611406,10607411,106249,5,0,0,0,0,1404,816,4400494,3095375,29413230,60856440,7898606,66591,134315197316,192929948,10945464,1889180,1,0,0,0,0,17147,5831.923951711669,0,100000,167.67597,121,17551,258,381,100000
98,extend,1000,true,uniform,EXTEND,6448924,496330173,337592404,335088758,2966952,979851,2911217,0,0,0,1404,816,4400494,3098975,29443109,60934474,7898606,66591,134512534057,193131780,10962518,1889180,0,0,0,0,1,7708,1297.3533990659055,0,9988,740.5762915498599,469,29055,1136,1506,9988,12
98,run,1000,true,zipfian,READ,6722777,501845618,343148282,340643615,2966952,979851,2911217,0,0,0,1404,816,4400494,3102285,29464241,61208547,7898606,66591,134513339213,193145234,10962519,1889180,1,0,0,0,0,21416,4669.406051550242,0,99926,210.18615775674,124,19839,337,470,99926,74
98,reference,1000,true,zipfian,READ,24902,29626735,10191447,9921914,1119,1,0,0,0,0,1404,816,4400494,3102287,29464241,61209516,7898606,66591,134513339213,193145234,10962519,1889180,1,0,0,0,0,4022,24863.25211337643,0,100000,36.02889,18,14095,74,139,100000
98,clean-run,1000,true,zipfian,READ,13155,4517290,5554354,5552400,55722,1,0,0,0,0,1404,817,4401919,3102409,29475987,61235879,7898618,66711,134624154549,193257128,10963454,1901009,1,0,0,0,0,20454,4889.019262735896,0,99921,200.35571101169924,126,22271,342,449,99921,79
98,avg-run,1000,true,zipfian,READ,25922,9017295,10657714,10653719,106722,5,0,0,0,0,1404,817,4401919,3102639,29525131,61248918,7898618,66711,134772610997,193418961,10983275,1901009,1,0,0,0,0,18548,5391.4168643519515,0,100000,181.45415,125,16943,312,423,100000
99,extend,1000,true,uniform,EXTEND,6859041,502794731,343855986,341327312,3022248,989850,2966058,0,0,0,1404,817,4401919,3106515,29562585,61329276,7898618,66711,134934272657,193622419,10989761,1901009,0,0,0,0,1,7881,1268.874508311128,0,9988,753.4967961553865,471,30271,1146,1648,9988,12
99,run,1000,true,zipfian,READ,7137421,508318956,349456667,346926972,3022248,989850,2966058,0,0,0,1404,817,4401919,3109826,29583570,61607262,7898618,66711,134935071561,193635769,10989762,1901009,1,0,0,0,0,22349,4474.47313078885,0,99925,219.3397247935952,124,27871,370,505,99925,75
99,reference,1000,true,zipfian,READ,25274,29928898,10295584,10023158,1119,1,0,0,0,0,1404,817,4401919,3109829,29583570,61608409,7898618,66711,134935071561,193635769,10989762,1901009,1,0,0,0,0,3413,29299.73630237328,0,100000,30.45026,17,12351,62,119,100000
99,clean-run,1000,true,zipfian,READ,13332,4554405,5601692,5599735,56190,1,0,0,0,0,1404,818,4403537,3109955,29594118,61635538,7898631,66715,135047720995,193761503,10990698,1912320,1,0,0,0,0,18651,5361.642807356174,0,99947,182.76275425975768,118,17327,285,406,99947,53
99,avg-run,1000,true,zipfian,READ,28619,9089582,11705139,11701141,117190,5,0,0,0,0,1404,818,4403537,3110388,29651075,61651214,7898631,66715,135199189817,193943862,11010723,1912320,1,0,0,0,0,19488,5131.362889983579,0,100000,190.85468,126,16735,334,446,100000
100,extend,1000,true,uniform,EXTEND,7277518,509269369,350170771,347617069,3078163,999847,3021443,0,0,0,1404,818,4403537,3114408,29688382,61731394,7898631,66715,135361951325,194149080,11017193,1912320,0,0,0,0,1,8148,1227.2950417280315,0,9986,783.3305627879031,485,26639,1179,1636,9986,14
100,run,1000,true,zipfian,READ,7579327,514794919,355823532,353268809,3078163,999847,3021443,0,0,0,1404,818,4403537,3117773,29709362,62033486,7898631,66715,135362900222,194164981,11017194,1912320,1,0,0,0,0,22618,4421.257405606154,0,99923,221.83182050178638,128,25327,368,500,99923,77
100,reference,1000,true,zipfian,READ,25646,30231061,10399721,10124402,1119,1,0,0,0,0,1404,818,4403537,3117773,29709362,62033984,7898631,66715,135362900222,194164981,11017194,1912320,1,0,0,0,0,3431,29146.02156805596,0,100000,30.62859,17,11439,59,110,100000
100,clean-run,1000,true,zipfian,READ,13536,4564585,5654285,5652328,56720,1,0,0,0,0,1404,819,4404788,3117908,29737039,62061185,7898639,66719,135476631225,194291978,11018130,1924158,1,0,0,0,0,19712,5073.051948051948,0,99927,193.23209943258578,121,18591,325,448,99927,73
100,avg-run,1000,true,zipfian,READ,28823,9099762,11757732,11753734,117720,5,0,0,0,0,1404,819,4404788,3118940,29777015,62076718,7898639,66719,135629519659,194474767,11038325,1924158,1,0,0,0,0,18988,5266.484095218032,0,100000,185.88679,126,17295,322,455,100000
