Epoch,Phase,Recordcount,Readallfields,Requestdist,Operation,blks_read,blks_hit,tup_returned,tup_fetched,tup_inserted,tup_updated,tup_deleted,deadlocks,temp_files,temp_bytes,checkpoints_timed,checkpoints_req,buffers_checkpoint,buffers_clean,buffers_backend,buffers_alloc,checkpoint_write_time,checkpoint_sync_time,wal_bytes,wal_records,wal_fpi,wal_buffers_full,Readprop,Updateprop,Scanprop,Insertprop,Extendprop,Runtime(ms),Throughput(ops/sec),RETURN=ERROR,Operations,AverageLatency(us),MinLatency(us),MaxLatency(us),95thPercentileLatency(us),99thPercentileLatency(us),Return=OK
0,load,1000,true,uniform,INSERT,153,5295,1084,997,1046,1,0,0,0,0,1382,321,433169,580627,2203317,15817330,5666943,2401,9395359130,23238433,517963,18864,0,0,0,1,0,730,1369.86301369863,0,1000,483.559,261,8575,826,1193,1000
1,extend,1000,true,zipfian,EXTEND,863,144237,38227,35082,2887,10001,1132,0,0,0,1382,321,433169,580627,2203317,15818189,5666943,2401,9406584322,23279594,517975,18864,0,0,0,0,1,4000,2500.0,0,10000,372.4009,264,26591,679,884,10000
1,run,1000,true,uniform,READ,863,628245,203685,198320,2887,10001,1132,0,0,0,1382,321,433169,580627,2203317,15818192,5666943,2401,9406594756,23279760,517975,18864,1,0,0,0,0,2956,33829.49932341001,0,100000,26.16744,18,10279,52,119,100000
1,reference,1000,true,uniform,READ,153,305930,102304,101213,1046,1,0,0,0,0,1382,321,433169,580627,2203317,15818192,5666943,2401,9406594816,23279761,517975,18864,1,0,0,0,0,2687,37216.22627465575,0,100000,23.40727,17,10127,48,90,100000
1,clean-run,1000,true,uniform,READ,300,479172,162186,161099,1645,1,0,0,0,0,1382,322,435128,580627,2204636,15819460,5666953,2410,9413284016,23282776,518917,18882,1,0,0,0,0,2887,34638.03255975061,0,100000,25.54467,17,10151,51,107,100000
1,avg-run,1000,true,uniform,READ,597,1089724,365548,362418,3645,5,0,0,0,0,1382,322,435128,580627,2204636,15819757,5666953,2410,9415680225,23287811,518919,18882,1,0,0,0,0,2932,34106.41200545702,0,100000,25.71948,19,12527,53,100,100000
2,extend,1000,true,zipfian,EXTEND,2001,856111,299457,268484,8759,20001,5289,0,0,0,1382,322,435128,580627,2204636,15820885,5666953,2410,9433903248,23339313,519688,18882,0,0,0,0,1,4371,2287.8059940517046,0,10000,409.0497,261,26703,746,1068,10000
2,run,1000,true,uniform,READ,2001,1840737,636889,603763,8759,20001,5289,0,0,0,1382,322,435128,580627,2204636,15820924,5666953,2410,9433918288,23339553,519688,18882,1,0,0,0,0,3321,30111.412225233362,0,100000,29.75023,18,10471,59,128,100000
2,reference,1000,true,uniform,READ,168,609026,206541,202556,1119,1,0,0,0,0,1382,322,435128,580627,2204636,15820924,5666953,2410,9433918288,23339553,519688,18882,1,0,0,0,0,2686,37230.081906180196,0,100000,23.43899,17,11215,49,91,100000
2,clean-run,1000,true,uniform,READ,479,970612,328694,326736,3444,1,0,0,0,0,1382,323,437076,580627,2206734,15822324,5666963,2414,9442044842,23346200,520624,18899,1,0,0,0,0,3343,29913.251570445707,0,100000,29.80489,18,11743,60,125,100000
2,avg-run,1000,true,uniform,READ,920,2496836,832759,828758,8444,5,0,0,0,0,1382,323,437076,580627,2206734,15822765,5666963,2414,9445880205,23357244,520626,18899,1,0,0,0,0,3319,30129.557095510696,0,100000,29.78534,23,10015,57,109,100000
3,extend,1000,true,zipfian,EXTEND,3619,2142368,765388,706636,17183,30001,12196,0,0,0,1382,323,437076,580627,2206734,15824383,5666963,2414,9470173207,23417663,521973,18899,0,0,0,0,1,4454,2245.17287831163,0,10000,417.6186,269,27487,747,1059,10000
3,run,1000,true,uniform,READ,3619,3560703,1254316,1193341,17183,30001,12196,0,0,0,1382,323,437076,580627,2206734,15824383,5666963,2414,9470189795,23417927,521973,18899,1,0,0,0,0,3708,26968.71628910464,0,100000,33.77395,19,9559,67,136,100000
3,reference,1000,true,uniform,READ,168,911488,309794,303786,1119,1,0,0,0,0,1382,323,437076,580627,2206734,15824383,5666963,2414,9470189795,23417927,521973,18899,1,0,0,0,0,2621,38153.37657382678,0,100000,22.56883,16,9367,45,74,100000
3,clean-run,1000,true,uniform,READ,631,1396103,474741,472783,4928,1,0,0,0,0,1382,324,440049,580627,2209591,15825935,5666976,2419,9479617538,23427694,522909,18974,1,0,0,0,0,3506,28522.532800912722,0,100000,31.52734,18,10415,59,129,100000
3,avg-run,1000,true,uniform,READ,1245,3532701,1178954,1174953,11928,5,0,0,0,0,1382,324,440049,580627,2209591,15826549,5666976,2419,9484747431,23442743,522911,18974,1,0,0,0,0,3652,27382.25629791895,0,100000,33.1489,25,10407,65,119,100000
4,extend,1000,true,zipfian,EXTEND,5798,3921520,1411171,1324189,27645,40001,21501,0,0,0,1382,324,440049,580627,2209591,15828728,5666976,2419,9515806686,23510301,524729,18974,0,0,0,0,1,4595,2176.278563656148,0,10000,431.8383,272,27103,784,1153,10000
4,run,1000,true,uniform,READ,5798,5668516,2015833,1926599,27645,40001,21501,0,0,0,1382,324,440049,580627,2209591,15828728,5666976,2419,9515824556,23510588,524729,18974,1,0,0,0,0,3963,25233.409033560434,0,100000,36.22853,20,14383,64,144,100000
4,reference,1000,true,uniform,READ,168,1213950,413047,405016,1119,1,0,0,0,0,1382,324,440049,580627,2209591,15828728,5666976,2419,9515824556,23510588,524729,18974,1,0,0,0,0,2749,36376.86431429611,0,100000,24.11005,17,10023,50,91,100000
4,clean-run,1000,true,uniform,READ,781,1724848,589407,587449,6116,1,0,0,0,0,1382,325,444054,580627,2213334,15830430,5666994,2424,9526509516,23522887,525665,19192,1,0,0,0,0,3887,25726.78157962439,0,100000,35.18435,20,11951,67,134,100000
4,avg-run,1000,true,uniform,READ,1531,4166757,1393776,1389775,14116,5,0,0,0,0,1382,325,444054,580627,2213334,15831180,5666994,2424,9532788675,23539940,525667,19192,1,0,0,0,0,3905,25608.19462227913,0,100000,35.65373,27,11007,65,134,100000
5,extend,1000,true,zipfian,EXTEND,8380,6071379,2194305,2078979,39671,50001,32625,0,0,0,1382,325,444054,580627,2213334,15833725,5666994,2424,9569026342,23612714,527893,19192,0,0,0,0,1,4537,2204.0996253030635,0,10000,422.2915,272,25327,750,1149,10000
5,run,1000,true,uniform,READ,8380,8063011,2888191,2770585,39671,50001,32625,0,0,0,1382,325,444054,580627,2213334,15833762,5666994,2424,9569042234,23612970,527893,19192,1,0,0,0,0,4301,23250.40688212044,0,100000,39.61092,23,10343,72,164,100000
5,reference,1000,true,uniform,READ,168,1516412,516300,506246,1119,1,0,0,0,0,1382,325,444054,580627,2213334,15833827,5666994,2424,9571686245,23635836,531463,19192,1,0,0,0,0,2641,37864.445285876565,0,100000,23.03818,17,10351,48,92,100000
5,clean-run,1000,true,uniform,READ,857,1956465,673813,672726,6769,1,0,0,0,0,1382,326,452512,580627,2217831,15835605,5667028,2436,9583007960,23649004,532400,19549,1,0,0,0,0,4017,24894.199651481205,0,100000,36.62277,22,10151,67,156,100000
5,avg-run,1000,true,uniform,READ,1804,4421923,1485549,1481548,15092,5,0,0,0,0,1382,326,452512,580627,2217831,15836552,5667028,2436,9590986545,23667292,532403,19549,1,0,0,0,0,4059,24636.61000246366,0,100000,37.19998,28,10071,67,146,100000
6,extend,1000,true,zipfian,EXTEND,8482,8544926,3092204,2947914,53489,60012,45545,0,0,0,1382,326,452512,580627,2217831,15836589,5667028,2436,9625476530,23743706,535275,19549,0,0,0,0,1,4566,2190.1007446342533,0,10000,427.6438,276,28815,767,1099,10000
6,run,1000,true,uniform,READ,8482,10717253,3857817,3712270,53489,60012,45545,0,0,0,1382,326,452512,580627,2217831,15836589,5667028,2436,9625492474,23743960,535275,19549,1,0,0,0,0,4315,23174.97103128621,0,100000,39.82001,24,11335,69,152,100000
6,reference,1000,true,uniform,READ,168,1818947,620437,607490,1119,1,0,0,0,0,1382,326,452512,580627,2217831,15836589,5667028,2436,9625492474,23743960,535275,19549,1,0,0,0,0,2689,37188.54592785422,0,100000,23.29574,17,13719,47,89,100000
6,clean-run,1000,true,uniform,READ,987,2150003,747031,745944,7483,1,0,0,0,0,1382,327,457779,580627,2219991,15838497,5667054,2438,9637904891,23758579,536210,20042,1,0,0,0,0,4121,24265.95486532395,0,100000,37.62098,23,13631,70,156,100000
6,avg-run,1000,true,uniform,READ,2042,4914319,1656689,1652688,16855,5,0,0,0,0,1382,327,457779,580627,2219991,15839552,5667054,2438,9647137949,23779010,536213,20042,1,0,0,0,0,4197,23826.54276864427,0,100000,38.61931,30,11239,69,139,100000
7,extend,1000,true,zipfian,EXTEND,8950,11183272,4075824,3905416,68607,70012,60089,0,0,0,1382,327,457779,580627,2219991,15839985,5667054,2438,9693549614,23861138,539882,20042,0,0,0,0,1,4794,2085.9407592824364,0,10000,450.778,280,29023,844,1275,10000
7,run,1000,true,uniform,READ,8950,13498312,4899537,4727893,68607,70012,60089,0,0,0,1382,327,457779,580627,2219991,15840020,5667054,2438,9693575008,23861541,539882,20042,1,0,0,0,0,4711,21226.915729144555,0,100000,43.58695,25,15415,81,165,100000
7,reference,1000,true,uniform,READ,168,2121409,723690,708720,1119,1,0,0,0,0,1382,327,457779,580627,2219991,15840020,5667054,2438,9693575008,23861541,539882,20042,1,0,0,0,0,2619,38182.512409316536,0,100000,22.75385,16,9487,49,89,100000
7,clean-run,1000,true,uniform,READ,1203,2314859,808946,806988,8398,1,0,0,0,0,1382,328,463725,580627,2222820,15842144,5667079,2444,9707806654,23878858,540818,20564,1,0,0,0,0,4220,23696.682464454978,0,100000,38.91189,25,10263,68,152,100000
7,avg-run,1000,true,uniform,READ,2377,5062674,1713691,1709690,17398,5,0,0,0,0,1382,328,463725,580627,2222820,15843318,5667079,2444,9717230377,23897913,540820,20564,1,0,0,0,0,4346,23009.66405890474,0,100000,40.13433,30,11911,73,143,100000
8,extend,1000,true,zipfian,EXTEND,12050,13987970,5138501,4942098,85662,80012,76628,0,0,0,1382,328,463725,581110,2222820,15846380,5667079,2444,9775851647,23986958,544952,20564,0,0,0,0,1,4911,2036.2451639177357,0,10000,462.4851,281,28415,912,1376,10000
8,run,1000,true,uniform,READ,12050,16420258,6010527,5812912,85662,80012,76628,0,0,0,1382,328,463725,581283,2222820,15846418,5667079,2444,9775871265,23987270,544952,20564,1,0,0,0,0,4954,20185.708518368996,0,100000,46.13129,26,12935,85,175,100000
8,reference,1000,true,uniform,READ,168,2423871,826943,809950,1119,1,0,0,0,0,1382,328,463725,581283,2222820,15846418,5667079,2444,9775871265,23987270,544952,20564,1,0,0,0,0,2642,37850.11355034065,0,100000,23.00095,16,10239,47,95,100000
8,clean-run,1000,true,uniform,READ,1250,2423971,857143,856056,8606,1,0,0,0,0,1382,329,471391,581433,2228616,15848989,5667112,2453,9790447066,24004156,545887,21279,1,0,0,0,0,4366,22904.260192395785,0,100000,40.21894,25,11151,70,161,100000
8,avg-run,1000,true,uniform,READ,2654,5201148,1770879,1766798,18079,5,0,0,0,0,1382,329,471391,581957,2228616,15850394,5667112,2453,9801927873,24025173,545891,21279,1,0,0,0,0,4329,23100.0231000231,0,100000,39.95262,30,10375,57,126,100000
9,extend,1000,true,zipfian,EXTEND,16008,16933108,6275168,6053005,104943,90012,95458,0,0,0,1382,329,471391,582047,2228616,15854352,5667112,2453,9857589497,24119630,549407,21279,0,0,0,0,1,5054,1978.6307874950535,0,10000,476.8162,282,26911,965,1418,10000
9,run,1000,true,uniform,READ,20834,19523693,7200465,6976223,105305,90023,95724,0,0,0,1382,329,471391,582151,2236044,15854487,5667112,2453,9863163904,24164686,557416,21279,1,0,0,0,0,4956,20177.562550443905,0,100000,46.14236,27,13111,75,167,100000
9,reference,1000,true,uniform,READ,168,2726333,930196,911180,1119,1,0,0,0,0,1382,329,471391,582151,2236044,15854487,5667112,2453,9863163904,24164686,557416,21279,1,0,0,0,0,2662,37565.740045078885,0,100000,23.21278,17,9591,46,86,100000
9,clean-run,1000,true,uniform,READ,1472,2540044,907646,905688,9433,1,0,0,0,0,1382,330,484969,582780,2240333,15857817,5667166,2480,9879633382,24184359,558352,21961,1,0,0,0,0,4607,21706.099413935317,0,100000,42.76715,26,10527,78,170,100000
9,avg-run,1000,true,uniform,READ,2980,5593501,1912551,1908550,19433,5,0,0,0,0,1382,330,484969,582780,2240333,15859321,5667166,2480,9891206341,24205417,558354,21961,1,0,0,0,0,4457,22436.61655822302,0,100000,41.1839,32,11575,58,123,100000
10,extend,1000,true,zipfian,EXTEND,23853,20066901,7494328,7244851,127189,100023,117201,0,0,0,1382,330,484969,582843,2240333,15862149,5667166,2480,9946549655,24306399,562360,21961,0,0,0,0,1,5129,1949.6977968414897,0,10000,484.5028,285,27023,1021,1545,10000
10,run,1000,true,uniform,READ,23855,22672401,8455827,8205168,127189,100023,117201,0,0,0,1382,330,484969,582865,2240333,15862193,5667166,2480,9946566429,24306664,562360,21961,1,0,0,0,0,5194,19252.984212552947,0,100000,48.58899,28,14671,86,185,100000
10,reference,1000,true,uniform,READ,184,3028852,1034333,1012424,1119,1,0,0,0,0,1382,330,484969,582865,2240333,15862241,5667166,2480,9946566429,24306664,562360,21961,1,0,0,0,0,2565,38986.35477582846,0,100000,22.29517,17,9831,46,81,100000
10,clean-run,1000,true,uniform,READ,1537,2611697,949151,948064,9496,1,0,0,0,0,1382,331,493220,583472,2243723,15865515,5667205,2483,9963264261,24325351,563295,22622,1,0,0,0,0,4597,21753.317380900586,0,100000,42.71911,27,9799,71,155,100000
10,avg-run,1000,true,uniform,READ,3052,5667761,1953578,1949577,19509,5,0,0,0,0,1382,331,493220,583472,2243723,15867029,5667205,2483,9975926784,24347726,563298,22622,1,0,0,0,0,4546,21997.360316761988,0,100000,42.18247,33,10407,59,133,100000
11,extend,1000,true,zipfian,EXTEND,27665,23231172,8763175,8488148,150304,110023,139854,0,0,0,1382,331,493220,583515,2243723,15870777,5667205,2483,10043850919,24453080,567982,22622,0,0,0,0,1,5213,1918.2812200268559,0,10000,493.1585,291,27071,1036,1542,10000
11,run,1000,true,uniform,READ,28509,25915561,9768658,9492456,150304,110023,139854,0,0,0,1382,331,493220,583552,2243723,15871640,5667205,2483,10043866099,24453321,567982,22622,1,0,0,0,0,5340,18726.591760299627,0,100000,50.02877,29,10711,89,195,100000
11,reference,1000,true,uniform,READ,245,3331253,1137586,1113654,1119,1,0,0,0,0,1382,331,493220,583552,2243723,15871671,5667205,2483,10043866099,24453321,567982,22622,1,0,0,0,0,2570,38910.505836575874,0,100000,22.34091,16,10743,45,83,100000
11,clean-run,1000,true,uniform,READ,1742,2707768,1000883,998925,10377,1,0,0,0,0,1382,332,502253,583970,2247268,15875573,5667249,2486,10062547553,24475169,568918,23734,1,0,0,0,0,4831,20699.6481059822,0,100000,44.96481,28,11271,77,182,100000
11,avg-run,1000,true,uniform,READ,3480,5761766,2005912,2001911,20377,5,0,0,0,0,1382,332,502253,583975,2247268,15877311,5667249,2486,10076120566,24496228,568920,23734,1,0,0,0,0,4724,21168.501270110075,0,100000,43.8995,33,13335,79,125,100000
12,extend,1000,true,zipfian,EXTEND,34393,26539588,10097917,9797429,175346,120023,164470,0,0,0,1382,332,502253,584321,2247268,15882791,5667249,2486,10157999438,24608806,574370,23734,0,0,0,0,1,5318,1880.4061677322302,0,10000,499.8046,289,27567,1123,1656,10000
12,run,1000,true,uniform,READ,35521,30074658,11145927,10844265,175346,120023,164470,0,0,0,1382,332,502253,584336,2247268,15883984,5667249,2486,10158028606,24609272,574370,23734,1,0,0,0,0,5556,17998.560115190783,0,100000,52.06897,30,16911,88,206,100000
12,reference,1000,true,uniform,READ,323,3633637,1240839,1214884,1119,1,0,0,0,0,1382,332,502253,584570,2254680,15884182,5667249,2486,10158028656,24609273,574370,23734,1,0,0,0,0,2719,36778.22728944465,0,100000,23.75086,16,10735,49,99,100000
12,clean-run,1000,true,uniform,READ,1918,2762878,1036766,1034808,10815,1,0,0,0,0,1382,333,514518,585438,2262183,15888299,5670291,4142,10193558202,24684901,598276,23761,1,0,0,0,0,4999,20004.000800160033,0,100000,46.6405,29,11511,81,172,100000
12,avg-run,1000,true,uniform,READ,3697,5816857,2041843,2037842,20815,5,0,0,0,0,1382,333,514518,585443,2269742,15890078,5670291,4142,10208131215,24705960,598278,23761,1,0,0,0,0,4730,21141.649048625794,0,100000,43.96189,34,14663,68,132,100000
13,extend,1000,true,zipfian,EXTEND,52852,30813593,11497285,11170696,202289,130034,190933,0,0,0,1382,333,514518,587627,2269742,15894571,5670291,4142,10268009955,24820907,599510,23761,0,0,0,0,1,24823,402.85219353019374,0,10000,2441.8836,295,258431,13911,18303,10000
13,run,1000,true,uniform,READ,54309,34418715,12591388,12263635,202289,130034,190933,0,0,0,1382,333,514518,588374,2269742,15896081,5670291,4142,10268028069,24821195,599510,23761,1,0,0,0,0,5561,17982.37727027513,0,100000,52.20045,30,13383,87,190,100000
13,reference,1000,true,uniform,READ,416,3936079,1344976,1316128,1119,1,0,0,0,0,1382,333,514518,588374,2269742,15896120,5670291,4142,10268028069,24821195,599510,23761,1,0,0,0,0,2594,38550.501156515034,0,100000,22.56364,16,9615,49,86,100000
13,clean-run,1000,true,uniform,READ,2063,2820597,1086978,1085020,11284,1,0,0,0,0,1382,334,525569,588672,2272585,15900268,5670344,4152,10288900250,24845141,600446,24789,1,0,0,0,0,4968,20128.824476650563,0,100000,46.453,29,11191,83,175,100000
13,avg-run,1000,true,uniform,READ,4167,5875155,2092091,2088090,21284,5,0,0,0,0,1382,334,525569,588672,2272585,15902371,5670344,4152,10304473267,24866200,600448,24789,1,0,0,0,0,4754,21034.917963819942,0,100000,44.24782,35,16319,60,127,100000
14,extend,1000,true,zipfian,EXTEND,64384,35166625,12952870,12600180,230186,140045,218325,0,0,0,1382,334,525569,590018,2272585,15905651,5670344,4152,10383896825,25013369,611637,24789,0,0,0,0,1,5365,1863.932898415657,0,10000,508.0304,290,28351,1198,1781,10000
14,run,1000,true,uniform,READ,65999,38842693,14096577,13742727,230186,140045,218325,0,0,0,1382,334,525569,590883,2279062,15907304,5670344,4152,10383914409,25013650,611637,24789,1,0,0,0,0,5685,17590.14951627089,0,100000,53.57556,32,13359,93,192,100000
14,reference,1000,true,uniform,READ,740,4238290,1449113,1417372,1119,1,0,0,0,0,1382,334,525569,590892,2279062,15907550,5670344,4152,10383914409,25013650,611637,24789,1,0,0,0,0,2685,37243.947858472995,0,100000,23.36111,17,10487,48,97,100000
14,clean-run,1000,true,uniform,READ,2096,2864659,1136640,1135553,11354,1,0,0,0,0,1382,335,536843,591142,2279586,15911857,5670398,4163,10404872899,25036066,612572,26015,1,0,0,0,0,5121,19527.436047646945,0,100000,47.91587,29,11359,85,181,100000
14,avg-run,1000,true,uniform,READ,4264,5918854,2140993,2136992,21354,5,0,0,0,0,1382,335,536843,591143,2279586,15914022,5670398,4163,10421446734,25057131,612574,26015,1,0,0,0,0,4862,20567.667626491155,0,100000,45.27228,35,10791,62,137,100000
15,extend,1000,true,zipfian,EXTEND,72028,39562241,14485680,14107669,260578,150045,248202,0,0,0,1382,335,536843,591194,2279586,15919718,5670398,4163,10511384223,25184717,618586,26015,0,0,0,0,1,5489,1821.8254691200582,0,10000,516.5097,290,28479,1334,1925,10000
15,run,1000,true,uniform,READ,73658,43291837,15676370,15297191,260578,150045,248202,0,0,0,1382,335,536843,593176,2279586,15921348,5670398,4163,10511401433,25184988,618586,26015,1,0,0,0,0,5888,16983.695652173912,0,100000,55.52176,33,15055,97,212,100000
15,reference,1000,true,uniform,READ,1076,4540416,1552366,1518602,1119,1,0,0,0,0,1382,335,536843,593579,2279586,15921677,5670398,4163,10511401433,25184988,618586,26015,1,0,0,0,0,2726,36683.78576669112,0,100000,23.48768,17,10295,49,88,100000
15,clean-run,1000,true,uniform,READ,2200,2907871,1182784,1181697,11878,1,0,0,0,0,1382,336,547963,594129,2284912,15926695,5670452,4166,10533432392,25208470,619521,27543,1,0,0,0,0,5244,19069.412662090006,0,100000,49.11268,30,11039,86,191,100000
15,avg-run,1000,true,uniform,READ,4775,5967982,2187210,2183209,21891,5,0,0,0,0,1382,336,547963,594133,2284912,15929269,5670452,4166,10551151791,25231809,619524,27543,1,0,0,0,0,4918,20333.4688897926,0,100000,45.87495,35,11175,69,135,100000
16,extend,1000,true,zipfian,EXTEND,82390,44011584,16075821,15672587,291936,160045,279006,0,0,0,1382,336,547963,594572,2292559,15937036,5670452,4166,10647873595,25362477,625177,27543,0,0,0,0,1,5574,1794.0437746681018,0,10000,529.1666,292,26879,1234,1972,10000
16,run,1000,true,uniform,READ,84361,47793038,17330579,16926189,291936,160045,279006,0,0,0,1382,336,547963,596819,2292559,15938983,5670452,4166,10647897115,25362849,625177,27543,1,0,0,0,0,6008,16644.474034620507,0,100000,56.39033,34,14415,99,202,100000
16,reference,1000,true,uniform,READ,1415,4842539,1655619,1619832,1119,1,0,0,0,0,1382,336,547963,597223,2292559,15939268,5670452,4166,10647897115,25362849,625177,27543,1,0,0,0,0,2513,39793.07600477517,0,100000,21.76562,17,10271,44,79,100000
16,clean-run,1000,true,uniform,READ,2444,2967844,1246341,1244383,12884,1,0,0,0,0,1382,337,558044,597772,2297112,15943919,5670493,4177,10672051779,25390419,626113,28832,1,0,0,0,0,5350,18691.58878504673,0,100000,50.21654,32,11271,87,189,100000
16,avg-run,1000,true,uniform,READ,5011,6023431,2251542,2247541,22884,5,0,0,0,0,1382,337,558044,597885,2304665,15946629,5670493,4177,10690624796,25411478,626115,28832,1,0,0,0,0,5267,18986.14011771407,0,100000,49.36427,39,11911,68,146,100000
17,extend,1000,true,zipfian,EXTEND,92450,48525749,17753412,17325102,325425,170045,311948,0,0,0,1382,337,558044,599553,2328135,15954411,5670493,4177,10772573901,25547467,628473,28832,0,0,0,0,1,5629,1776.5144785930006,0,10000,534.1083,290,28047,1364,2077,10000
17,run,1000,true,uniform,READ,124713,52401392,19061975,18631663,325861,170056,312362,0,0,0,1382,337,558044,601585,2343102,15956372,5670493,4177,10787008092,25610415,649305,28832,1,0,0,0,0,6111,16363.933889707085,0,100000,57.74422,36,12823,98,213,100000
17,reference,1000,true,uniform,READ,1763,5144726,1759756,1721076,1119,1,0,0,0,0,1382,337,558044,601963,2343102,15956611,5670493,4177,10787008092,25610415,649305,28832,1,0,0,0,0,2555,39138.94324853229,0,100000,22.14458,17,10743,42,86,100000
17,clean-run,1000,true,uniform,READ,2564,3007668,1302604,1300646,13454,1,0,0,0,0,1382,338,570138,602749,2343103,15961397,5670552,4182,10812269114,25639260,650241,30721,1,0,0,0,0,5520,18115.942028985508,0,100000,51.80532,32,12599,91,205,100000
17,avg-run,1000,true,uniform,READ,5123,6063249,2307845,2303844,23454,5,0,0,0,0,1382,338,570138,602750,2343103,15963953,5670552,4182,10831842073,25660318,650243,30721,1,0,0,0,0,5305,18850.14137606032,0,100000,49.77662,39,12343,69,138,100000
18,extend,1000,true,zipfian,EXTEND,132927,53149894,19497988,19043663,360499,180056,346416,0,0,0,1382,338,570138,603331,2343103,15971795,5670552,4182,10927717380,25800105,656291,30721,0,0,0,0,1,5559,1798.8846914912754,0,10000,527.677,293,30767,1316,1936,10000
18,run,1000,true,uniform,READ,134922,57024267,20862300,20406842,360499,180056,346416,0,0,0,1382,338,570138,605582,2349988,15973844,5670552,4182,10927733206,25800358,656291,30721,1,0,0,0,0,6200,16129.032258064517,0,100000,58.686,36,13127,98,215,100000
18,reference,1000,true,uniform,READ,2099,5446852,1863009,1822306,1119,1,0,0,0,0,1382,338,570138,605984,2349988,15974107,5670552,4182,10927733206,25800358,656291,30721,1,0,0,0,0,2691,37160.906726124114,0,100000,23.41647,17,10143,47,91,100000
18,clean-run,1000,true,uniform,READ,2702,3048674,1359501,1357543,14042,1,0,0,0,0,1382,339,580087,606570,2351068,15979013,5670600,4185,10954082052,25830539,657227,32556,1,0,0,0,0,5506,18162.005085361423,0,100000,51.82164,34,11255,84,212,100000
18,avg-run,1000,true,uniform,READ,5304,6409302,2464738,2460737,25042,5,0,0,0,0,1382,339,580087,606570,2351068,15981614,5670600,4185,10974800212,25853600,657229,32556,1,0,0,0,0,5508,18155.410312273056,0,100000,51.48137,41,12399,70,147,100000
19,extend,1000,true,zipfian,EXTEND,144178,57785469,21313668,20834272,396558,190056,381863,0,0,0,1382,339,580087,607341,2358131,15990509,5670600,4185,11080893582,25997409,664172,32556,0,0,0,0,1,5636,1774.3080198722498,0,10000,534.6018,296,27055,1288,2007,10000
19,run,1000,true,uniform,READ,146197,61705450,22738212,22257678,396558,190056,381863,0,0,0,1382,339,580087,609619,2363849,15992719,5670600,4185,11080910452,25997677,664172,32556,1,0,0,0,0,6393,15642.108556233381,0,100000,60.58115,36,17583,101,226,100000
19,reference,1000,true,uniform,READ,2438,5748975,1966262,1923536,1119,1,0,0,0,0,1382,339,580087,609935,2371760,15992991,5670600,4185,11080910452,25997677,664172,32556,1,0,0,0,0,2623,38124.28516965307,0,100000,22.81152,16,10479,48,83,100000
19,clean-run,1000,true,uniform,READ,2824,3079527,1409498,1407540,14654,1,0,0,0,0,1382,340,593336,610807,2389328,15998182,5670663,4254,11108348216,26029221,665108,32556,1,0,0,0,0,5685,17590.14951627089,0,100000,53.54046,34,11591,90,199,100000
19,avg-run,1000,true,uniform,READ,6256,6472077,3514727,3510726,35654,5,0,0,0,0,1382,340,593336,611180,2397506,16001619,5670663,4254,11155642157,26155278,704267,32556,1,0,0,0,0,5720,17482.517482517484,0,100000,53.81426,43,15391,72,157,100000
20,extend,1000,true,zipfian,EXTEND,188681,62542951,23208976,22702810,434579,200067,419234,0,0,0,1382,340,593336,613531,2397506,16009292,5670663,4254,11239741293,26302819,705662,32556,0,0,0,0,1,5709,1751.6202487300752,0,10000,541.9843,296,25231,1288,2193,10000
20,run,1000,true,uniform,READ,190743,66498031,24695915,24188637,434579,200067,419234,0,0,0,1382,340,593336,615206,2402909,16011477,5670663,4254,11239761623,26303142,705662,32556,1,0,0,0,0,6384,15664.160401002506,0,100000,60.44423,36,15983,101,220,100000
20,reference,1000,true,uniform,READ,2776,6051172,2070399,2024780,1119,1,0,0,0,0,1382,340,593336,615368,2402909,16011740,5670663,4254,11239761623,26303142,705662,32556,1,0,0,0,0,2622,38138.82532418001,0,100000,22.79935,17,9823,48,92,100000
20,clean-run,1000,true,uniform,READ,2978,3111935,1494395,1492437,15228,1,0,0,0,0,1382,341,605779,615944,2404050,16016798,5670750,4316,11268137075,26335968,706598,34547,1,0,0,0,0,5732,17445.917655268666,0,100000,53.96513,35,13127,91,202,100000
20,avg-run,1000,true,uniform,READ,6449,6504328,3599328,3595327,36228,5,0,0,0,0,1382,341,605779,615947,2404050,16020375,5670750,4316,11292185893,26379059,706600,34547,1,0,0,0,0,5716,17494.751574527643,0,100000,53.88385,42,12639,68,144,100000
21,extend,1000,true,zipfian,EXTEND,200966,67297389,25200536,24669383,475391,210067,459328,0,0,0,1382,341,605779,617118,2411469,16030203,5670750,4316,11408072801,26537260,713437,34547,0,0,0,0,1,5652,1769.2852087756546,0,10000,536.8874,300,26127,1398,2127,10000
21,run,1000,true,uniform,READ,203062,71278822,26748887,26216616,475391,210067,459328,0,0,0,1382,341,605779,618864,2411469,16032382,5670750,4316,11408090461,26537541,713437,34547,1,0,0,0,0,6554,15257.857796765335,0,100000,62.18895,37,12135,104,227,100000
21,reference,1000,true,uniform,READ,3114,6353296,2173652,2126010,1119,1,0,0,0,0,1382,341,605779,619100,2411469,16032645,5670750,4316,11408090461,26537541,713437,34547,1,0,0,0,0,2635,37950.66413662239,0,100000,23.03708,17,9943,49,91,100000
21,clean-run,1000,true,uniform,READ,3039,3135504,1557169,1556082,15569,1,0,0,0,0,1382,342,616510,619256,2415982,16039684,5670803,4355,11436625039,26568451,714372,36847,1,0,0,0,0,5941,16832.1831341525,0,100000,56.15787,34,15391,97,207,100000
21,avg-run,1000,true,uniform,READ,6636,6534946,3662944,3658943,36874,5,0,0,0,0,1382,342,616510,619257,2415982,16043273,5670803,4355,11462461948,26614911,714375,36847,1,0,0,0,0,5869,17038.67779860283,0,100000,55.32608,43,13567,75,141,100000
22,extend,1000,true,zipfian,EXTEND,216208,72082689,27280252,26724278,518607,220067,501839,0,0,0,1382,342,616510,620791,2439201,16054335,5670803,4355,11579727850,26779006,719721,36847,0,0,0,0,1,5874,1702.4174327545113,0,10000,559.0569,305,30271,1381,2225,10000
22,run,1000,true,uniform,READ,218271,76099783,28917603,28360507,518607,220067,501839,0,0,0,1382,342,616510,622117,2462430,16056636,5670803,4355,11591277731,26852757,737731,36847,1,0,0,0,0,6643,15053.439710973958,0,100000,63.02155,37,14391,104,245,100000
22,reference,1000,true,uniform,READ,3462,6655483,2277789,2227254,1119,1,0,0,0,0,1382,342,616510,622886,2462430,16056894,5670803,4355,11591277731,26852757,737731,36847,1,0,0,0,0,2594,38550.501156515034,0,100000,22.50579,17,12671,46,85,100000
22,clean-run,1000,true,uniform,READ,3260,3171345,1630143,1628105,16518,17,0,0,0,0,1382,343,629569,623041,2468587,16064146,5670867,4469,11621572017,26888489,738667,39347,1,0,0,0,0,5873,17027.073046143367,0,100000,55.49369,35,11119,92,209,100000
22,avg-run,1000,true,uniform,READ,6760,6563551,3734510,3730429,37518,21,0,0,0,0,1382,343,629569,623041,2468587,16067726,5670867,4469,11647620779,26931579,738669,39347,1,0,0,0,0,5931,16860.56314280897,0,100000,56.00168,44,11775,78,150,100000
23,extend,1000,true,zipfian,EXTEND,270650,76976103,29467301,28885521,563551,230078,546257,0,0,0,1382,343,629569,624469,2476417,16078624,5670867,4469,11767113401,27101158,745147,39347,0,0,0,0,1,5782,1729.5053614666206,0,10000,548.2094,304,26879,1326,2215,10000
23,run,1000,true,uniform,READ,272731,81022808,31156844,30573948,563551,230078,546257,0,0,0,1382,343,629569,625068,2476417,16080669,5670867,4469,11767131639,27101450,745147,39347,1,0,0,0,0,6747,14821.402104639099,0,100000,63.99834,37,14119,105,223,100000
23,reference,1000,true,uniform,READ,3798,6957609,2381042,2328484,1119,1,0,0,0,0,1382,343,629569,625198,2476417,16080942,5670867,4469,11767131639,27101450,745147,39347,1,0,0,0,0,2593,38565.368299267255,0,100000,22.51814,17,10351,45,87,100000
23,clean-run,1000,true,uniform,READ,3412,3196486,1704838,1702880,17166,1,0,0,0,0,1382,344,641132,625372,2481941,16088392,5670924,4485,11798407318,27138608,746084,41966,1,0,0,0,0,6206,16113.438607798904,0,100000,58.80114,35,13143,103,229,100000
23,avg-run,1000,true,uniform,READ,6915,6588633,3808979,3804978,38166,5,0,0,0,0,1382,344,641132,625372,2481941,16091895,5670924,4485,11825456000,27181696,746086,41966,1,0,0,0,0,6055,16515.276630883567,0,100000,57.15918,44,12535,83,157,100000
24,extend,1000,true,zipfian,EXTEND,288739,81875059,31744209,31137501,611658,240078,593690,0,0,0,1382,344,641132,627095,2489790,16105704,5670924,4485,11966497426,27362577,754993,41966,0,0,0,0,1,6025,1659.7510373443984,0,10000,573.8394,303,26927,1623,2397,10000
24,run,1000,true,uniform,READ,291611,85980466,33502175,32894339,611658,240078,593690,0,0,0,1382,344,641132,628539,2503241,16108691,5670924,4485,11966524664,27363018,754993,41966,1,0,0,0,0,6846,14607.069821793748,0,100000,65.21511,39,12639,104,230,100000
24,reference,1000,true,uniform,READ,4137,7259732,2484295,2429714,1119,1,0,0,0,0,1382,344,641132,628636,2511347,16108986,5670924,4485,11966524714,27363019,754993,41966,1,0,0,0,0,2732,36603.22108345534,0,100000,23.93278,16,11927,51,94,100000
24,clean-run,1000,true,uniform,READ,3440,3223124,1762452,1760494,17815,1,0,0,0,0,1382,345,654602,629359,2531223,16116577,5670989,4579,11998816573,27401618,755929,42494,1,0,0,0,0,6194,16144.656118824669,0,100000,58.7145,36,14015,95,219,100000
24,avg-run,1000,true,uniform,READ,6897,6615285,3866461,3862460,38815,5,0,0,0,0,1382,345,654602,629361,2539414,16120036,5670989,4579,12055682981,27538697,800441,42512,1,0,0,0,0,6094,16409.583196586806,0,100000,57.59155,46,12679,67,148,100000
25,extend,1000,true,zipfian,EXTEND,347799,86883658,34073608,33440203,658345,250089,639796,0,0,0,1382,345,654602,631263,2547203,16130414,5670989,4579,12158208012,27713227,801886,42512,0,0,0,0,1,6004,1665.556295802798,0,10000,571.6219,303,28063,1486,2657,10000
25,run,1000,true,uniform,READ,350138,90998128,35911775,35277255,658345,250089,639796,0,0,0,1382,345,654602,632225,2553324,16132976,5670989,4579,12158226748,27713529,801886,42512,1,0,0,0,0,6913,14465.499783017503,0,100000,65.81064,39,12151,113,240,100000
25,reference,1000,true,uniform,READ,4482,7561922,2588432,2530958,1119,1,0,0,0,0,1382,345,654602,632265,2553324,16133281,5670989,4579,12158226748,27713529,801886,42512,1,0,0,0,0,2592,38580.246913580246,0,100000,22.58522,16,10375,47,82,100000
25,clean-run,1000,true,uniform,READ,3706,3251476,1840977,1839019,18482,1,0,0,0,0,1382,346,667741,632388,2553325,16141033,5671077,4600,12191541172,27753606,802822,45378,1,0,0,0,0,6334,15787.811809283234,0,100000,59.9952,36,12375,100,241,100000
25,avg-run,1000,true,uniform,READ,7209,6643549,3944830,3940829,39482,5,0,0,0,0,1382,346,667741,632388,2553325,16144549,5671077,4600,12220589853,27796694,802824,45378,1,0,0,0,0,7679,13022.52897512697,0,100000,73.43395,57,12231,90,186,100000
26,extend,1000,true,zipfian,EXTEND,365190,91859708,36511381,35853023,707452,260089,688257,0,0,0,1382,346,667741,634029,2561391,16157307,5671077,4600,12358583146,27979837,810729,45378,0,0,0,0,1,6047,1653.71258475277,0,10000,576.1778,307,28175,1464,2483,10000
26,run,1000,true,uniform,READ,368114,96004334,38414102,37754620,707452,260089,688257,0,0,0,1382,346,667741,636234,2567873,16160314,5671077,4600,12358600326,27980113,810729,45378,1,0,0,0,0,7107,14070.634585619811,0,100000,67.76685,39,13895,109,256,100000
26,reference,1000,true,uniform,READ,4821,7864045,2691685,2632188,1119,1,0,0,0,0,1382,346,667741,636573,2567873,16160610,5671077,4600,12358600376,27980114,810729,45378,1,0,0,0,0,2653,37693.17753486619,0,100000,23.16736,17,10031,47,96,100000
26,clean-run,1000,true,uniform,READ,3706,3273934,1899006,1897048,19112,1,0,0,0,0,1382,347,678139,637126,2568317,16168071,5671129,4622,12392965834,28021598,811665,48352,1,0,0,0,0,6332,15792.798483891345,0,100000,59.77353,37,11911,99,226,100000
26,avg-run,1000,true,uniform,READ,7470,6942961,4002767,3998766,40112,5,0,0,0,0,1382,347,678139,637132,2592353,16171930,5671129,4622,12423014595,28064688,811667,48352,1,0,0,0,0,7768,12873.326467559218,0,100000,74.33395,57,12127,95,198,100000
27,extend,1000,true,zipfian,EXTEND,425877,96925186,39043176,38359139,759127,270100,739329,0,0,0,1382,347,678139,639469,2623093,16185108,5671129,4622,12562999479,28330108,839944,48352,0,0,0,0,1,6259,1597.6993129892953,0,10000,596.3951,308,33919,1600,2689,10000
27,run,1000,true,uniform,READ,428798,101087648,41020722,40335560,759127,270100,739329,0,0,0,1382,347,678139,641802,2623093,16188089,5671129,4622,12563018837,28330418,839944,48352,1,0,0,0,0,7257,13779.798814937301,0,100000,69.24266,40,12751,112,260,100000
27,reference,1000,true,uniform,READ,5193,8166208,2795822,2733432,1119,1,0,0,0,0,1382,347,678139,642171,2623093,16188352,5671129,4622,12563018837,28330418,839944,48352,1,0,0,0,0,2657,37636.43206624012,0,100000,23.23451,16,10871,49,90,100000
27,clean-run,1000,true,uniform,READ,3868,3299217,1959941,1957983,19757,1,0,0,0,0,1382,348,689195,642981,2626570,16194807,5671182,4704,12598441120,28373348,840880,51059,1,0,0,0,0,6512,15356.265356265356,0,100000,61.80744,38,12199,104,241,100000
27,avg-run,1000,true,uniform,READ,7754,6944376,4063642,4059641,40757,5,0,0,0,0,1382,348,689195,642981,2633976,16198699,5671182,4704,12629489908,28416438,840882,51059,1,0,0,0,0,7685,13012.361743656473,0,100000,73.56944,57,12143,92,192,100000
28,extend,1000,true,zipfian,EXTEND,477566,102049458,41682657,40972997,813850,280111,793414,0,0,0,1382,348,689195,647411,2655470,16211092,5671182,4704,12780088908,28677534,860725,51059,0,0,0,0,1,32076,311.7595710188303,0,10000,3164.783,311,1078271,14599,22207,10000
28,run,1000,true,uniform,READ,480420,106239996,43714981,43004205,813850,280111,793414,0,0,0,1382,348,689195,649852,2661951,16213998,5671182,4704,12780109942,28677877,860725,51059,1,0,0,0,0,7279,13738.150844896278,0,100000,69.51245,40,13407,113,257,100000
28,reference,1000,true,uniform,READ,5565,8468371,2899959,2834676,1119,1,0,0,0,0,1382,348,689195,650172,2661951,16214294,5671182,4704,12780109942,28677877,860725,51059,1,0,0,0,0,2579,38774.71888328809,0,100000,22.44481,17,9695,45,87,100000
28,clean-run,1000,true,uniform,READ,4011,3325956,2035901,2033943,20406,1,0,0,0,0,1382,349,700290,650657,2662085,16221320,5671262,4710,12816604892,28722254,861661,54313,1,0,0,0,0,6461,15477.48026621266,0,100000,61.35339,38,11767,97,234,100000
28,avg-run,1000,true,uniform,READ,7919,6971205,4139546,4135545,41406,5,0,0,0,0,1382,349,700290,650657,2669817,16225232,5671262,4710,12848653652,28765344,861663,54313,1,0,0,0,0,7850,12738.853503184713,0,100000,75.17187,60,12735,94,184,100000
29,extend,1000,true,zipfian,EXTEND,496362,107135840,44379223,43644695,868568,290111,847492,0,0,0,1382,349,700290,652820,2676247,16239971,5671262,4710,12995920545,28964737,868832,54313,0,0,0,0,1,6395,1563.721657544957,0,10000,610.2747,311,43743,1598,3019,10000
29,run,1000,true,uniform,READ,499502,111359346,46474847,45739207,868568,290111,847492,0,0,0,1382,349,700290,655437,2676247,16243142,5671262,4710,12995938067,28965019,868832,54313,1,0,0,0,0,7409,13497.09812390336,0,100000,70.80781,42,12047,111,258,100000
29,reference,1000,true,uniform,READ,5904,8770494,3003212,2935906,1119,1,0,0,0,0,1382,349,700290,655839,2681076,16243458,5671262,4710,12995938067,28965019,868832,54313,1,0,0,0,0,2603,38417.2109104879,0,100000,22.71373,17,9975,47,91,100000
29,clean-run,1000,true,uniform,READ,4159,3342100,2087211,2086124,20975,1,0,0,0,0,1382,350,709878,655948,2707943,16249944,5671310,4754,13033197574,29006796,869767,54321,1,0,0,0,0,6743,14830.194275545009,0,100000,64.13287,39,11295,105,236,100000
29,avg-run,1000,true,uniform,READ,9349,6747579,4191616,4187615,41988,5,0,0,0,0,1382,350,709878,657013,2723511,16255133,5671310,4754,13091911860,29132481,898635,54321,1,0,0,0,0,8031,12451.749470800647,0,100000,77.0252,61,12167,96,198,100000
30,extend,1000,true,zipfian,EXTEND,556632,112333897,47157122,46397046,924927,300122,903285,0,0,0,1382,350,709878,660113,2730002,16270376,5671310,4754,13219550405,29336385,900816,54321,0,0,0,0,1,6429,1555.4518587649711,0,10000,614.4484,307,27151,1657,3013,10000
30,run,1000,true,uniform,READ,559410,116598870,49325143,48563961,924927,300122,903285,0,0,0,1382,350,709878,662459,2736562,16273222,5671310,4754,13219569091,29336690,900816,54321,1,0,0,0,0,7483,13363.624214887077,0,100000,71.52855,42,11823,112,251,100000
30,reference,1000,true,uniform,READ,6250,9072683,3107349,3037150,1119,1,0,0,0,0,1382,350,709878,662508,2736562,16273493,5671310,4754,13219569091,29336690,900816,54321,1,0,0,0,0,2555,39138.94324853229,0,100000,22.14119,17,10263,45,91,100000
30,clean-run,1000,true,uniform,READ,4332,3385076,2163063,2161105,21598,1,0,0,0,0,1382,351,721006,662719,2737877,16281030,5671362,4787,13258194620,29383748,901752,57817,1,0,0,0,0,6779,14751.43826523086,0,100000,64.43485,40,16359,106,254,100000
30,avg-run,1000,true,uniform,READ,9508,6780334,4266604,4262603,42598,5,0,0,0,0,1382,351,721006,662720,2745881,16286219,5671362,4787,13292243330,29426837,901754,57817,1,0,0,0,0,8266,12097.749818533754,0,100000,79.36554,63,14311,100,201,100000
31,extend,1000,true,zipfian,EXTEND,581110,117549024,50076754,49291928,987441,310122,965275,0,0,0,1382,351,721006,665328,2752964,16306401,5671362,4787,13462235256,29649507,909732,57817,0,0,0,0,1,6897,1449.905756125852,0,10000,660.7206,313,28287,2083,3251,10000
31,run,1000,true,uniform,READ,584554,121831166,52279742,51493813,987441,310122,965275,0,0,0,1382,351,721006,667152,2759566,16310024,5671362,4787,13462251132,29649760,909732,57817,1,0,0,0,0,7619,13125.082031762699,0,100000,72.83938,43,21663,114,265,100000
31,reference,1000,true,uniform,READ,6589,9374806,3210602,3138380,1119,1,0,0,0,0,1382,351,721006,667228,2759566,16310368,5671362,4787,13462251132,29649760,909732,57817,1,0,0,0,0,2605,38387.71593090211,0,100000,22.71144,17,10511,47,84,100000
31,clean-run,1000,true,uniform,READ,4457,3397599,2197662,2196575,22093,1,0,0,0,0,1382,352,731471,667456,2790820,16319141,5671442,4849,13501665339,29693783,910668,57817,1,0,0,0,0,7030,14224.75106685633,0,100000,67.00008,40,30143,114,249,100000
31,avg-run,1000,true,uniform,READ,9653,6795549,4302089,4298088,43106,5,0,0,0,0,1382,352,731471,667626,2815128,16324339,5671442,4849,13565079817,29834393,947238,57817,1,0,0,0,0,8375,11940.298507462687,0,100000,80.32023,63,12207,98,203,100000
32,extend,1000,true,zipfian,EXTEND,655772,122833724,53019244,52208918,1048634,320133,1025903,0,0,0,1382,352,731471,670626,2829615,16343203,5671442,4849,13704266850,30052597,949465,57817,0,0,0,0,1,6586,1518.3723048891588,0,10000,630.2951,309,29551,1713,3203,10000
32,run,1000,true,uniform,READ,658674,127158627,55281757,54470332,1048634,320133,1025903,0,0,0,1382,352,731471,672464,2835986,16346069,5671442,4849,13704283292,30052867,949465,57817,1,0,0,0,0,7694,12997.140629061607,0,100000,73.6362,44,15759,116,268,100000
32,reference,1000,true,uniform,READ,6935,9676995,3314739,3239624,1119,1,0,0,0,0,1382,352,731471,672675,2835986,16346332,5671442,4849,13704283292,30052867,949465,57817,1,0,0,0,0,2586,38669.76024748647,0,100000,22.53423,16,10391,47,83,100000
32,clean-run,1000,true,uniform,READ,4624,3437523,2269855,2267897,22698,1,0,0,0,0,1382,353,742510,672847,2835987,16355097,5671495,4891,13745058951,30102455,950401,61237,1,0,0,0,0,7030,14224.75106685633,0,100000,67.00425,41,11823,116,257,100000
32,avg-run,1000,true,uniform,READ,9800,6832701,4373356,4369355,43698,5,0,0,0,0,1382,353,742510,672854,2844034,16360286,5671495,4891,13781107681,30145544,950403,61237,1,0,0,0,0,8192,12207.03125,0,100000,78.62034,61,12703,99,202,100000
33,extend,1000,true,zipfian,EXTEND,682553,128111129,56033284,55198350,1111035,330133,1087744,0,0,0,1382,353,742510,675365,2858000,16381651,5671495,4891,13953282527,30367808,959102,61237,0,0,0,0,1,6711,1490.0908955446282,0,10000,641.8279,314,26559,1828,3221,10000
33,run,1000,true,uniform,READ,686466,132460287,58351870,57515854,1111035,330133,1087744,0,0,0,1382,353,742510,676941,2858000,16385813,5671495,4891,13953298307,30368059,959102,61237,1,0,0,0,0,7976,12537.612838515546,0,100000,76.41879,43,12447,126,271,100000
33,reference,1000,true,uniform,READ,7274,9979118,3417992,3340854,1119,1,0,0,0,0,1382,353,742510,677122,2864443,16386160,5671495,4891,13953298307,30368059,959102,61237,1,0,0,0,0,2702,37009.622501850485,0,100000,23.63482,17,11999,48,94,100000
33,clean-run,1000,true,uniform,READ,4751,3472621,2345215,2343257,23263,1,0,0,0,0,1382,354,753745,677259,2897365,16395263,5671547,4990,13995151005,30418920,960038,61237,1,0,0,0,0,7218,13854.253255749514,0,100000,68.71648,40,16295,115,266,100000
33,avg-run,1000,true,uniform,READ,9927,6867771,4448700,4444699,44263,5,0,0,0,0,1382,354,753745,677265,2921946,16400450,5671547,4990,14063116628,30562429,1003678,61237,1,0,0,0,0,8246,12127.091923356778,0,100000,79.15153,64,12903,95,206,100000
34,extend,1000,true,zipfian,EXTEND,762309,133476707,59112699,58251369,1174201,340144,1150385,0,0,0,1382,354,753745,680367,2935825,16421583,5671547,4990,14207019295,30786260,1005995,61237,0,0,0,0,1,6651,1503.5333032626672,0,10000,635.9379,309,27695,1727,3307,10000
34,run,1000,true,uniform,READ,765723,137850428,61468791,60606388,1174201,340144,1150385,0,0,0,1382,354,753745,681876,2935825,16425067,5671547,4990,14207036811,30786547,1005995,61237,1,0,0,0,0,7847,12743.723716069835,0,100000,75.1166,45,17071,116,266,100000
34,reference,1000,true,uniform,READ,7620,10281307,3522129,3442098,1119,1,0,0,0,0,1382,354,753745,681928,2935825,16425371,5671547,4990,14207036861,30786548,1005995,61237,1,0,0,0,0,2654,37678.97513187641,0,100000,23.091,17,10159,47,91,100000
34,clean-run,1000,true,uniform,READ,4922,3495226,2393076,2391118,23793,1,0,0,0,0,1382,355,764859,682097,2940712,16434448,5671627,5036,14249967086,30838625,1006931,65074,1,0,0,0,0,7124,14037.05783267827,0,100000,67.97693,42,11999,110,274,100000
34,avg-run,1000,true,uniform,READ,10095,6890345,4496549,4492548,44793,5,0,0,0,0,1382,355,764859,682098,2948742,16439631,5671627,5036,14288015766,30881713,1006933,65074,1,0,0,0,0,8402,11901.9281123542,0,100000,80.7332,64,12863,98,201,100000
35,extend,1000,true,zipfian,EXTEND,792287,138827458,62258083,61372230,1240014,350144,1215693,0,0,0,1382,355,764859,684836,2962801,16463948,5671627,5036,14469790507,31114266,1016237,65074,0,0,0,0,1,6976,1433.48623853211,0,10000,668.1218,314,28847,1927,3501,10000
35,run,1000,true,uniform,READ,796360,143228328,64675654,63788732,1240014,350144,1215693,0,0,0,1382,355,764859,686605,2977026,16468008,5671627,5036,14469805011,31114501,1016237,65074,1,0,0,0,0,8114,12324.377618930244,0,100000,77.87421,45,12415,123,286,100000
35,reference,1000,true,uniform,READ,7959,10583430,3625382,3543328,1119,1,0,0,0,0,1382,355,764859,686774,2985124,16468299,5671627,5036,14469805061,31114502,1016237,65074,1,0,0,0,0,2673,37411.14852225963,0,100000,23.20465,17,10511,48,94,100000
35,clean-run,1000,true,uniform,READ,5040,3519723,2436376,2434418,24295,1,0,0,0,0,1382,356,776727,686951,3014928,16477695,5671714,5145,14513809264,31167731,1017173,65074,1,0,0,0,0,7387,13537.295248409368,0,100000,70.58815,41,15079,117,270,100000
35,avg-run,1000,true,uniform,READ,10214,6914829,4539845,4535844,45295,5,0,0,0,0,1382,356,776727,686962,3031305,16482877,5671714,5145,14585171341,31315763,1064188,65074,1,0,0,0,0,8501,11763.321962122103,0,100000,81.65717,66,12551,102,204,100000
36,extend,1000,true,zipfian,EXTEND,876548,144275968,65482991,64570786,1307289,360155,1282487,0,0,0,1382,356,776727,690162,3045290,16506128,5671714,5145,14739396661,31552051,1066667,65074,0,0,0,0,1,6692,1494.3215780035864,0,10000,641.0546,309,29183,1755,3299,10000
36,run,1000,true,uniform,READ,880651,148714976,67971986,67058706,1307289,360155,1282487,0,0,0,1382,356,776727,691795,3052074,16510410,5671714,5145,14739415581,31552361,1066667,65074,1,0,0,0,0,8114,12324.377618930244,0,100000,77.83006,44,14215,121,314,100000
36,reference,1000,true,uniform,READ,8305,10885619,3729519,3644572,1119,1,0,0,0,0,1382,356,776727,692031,3052074,16510746,5671714,5145,14739415581,31552361,1066667,65074,1,0,0,0,0,2620,38167.93893129771,0,100000,22.81801,17,10927,49,93,100000
36,clean-run,1000,true,uniform,READ,5209,3545453,2487586,2485628,24778,1,0,0,0,0,1382,357,787270,692223,3052075,16520115,5671765,5223,14784494209,31606717,1067603,69208,1,0,0,0,0,7418,13480.722566729577,0,100000,70.8252,42,11975,117,273,100000
36,avg-run,1000,true,uniform,READ,10385,6940547,4591059,4587058,45778,5,0,0,0,0,1382,357,787270,692223,3060101,16525318,5671765,5223,14824542889,31649805,1067605,69208,1,0,0,0,0,8729,11456.065986940084,0,100000,83.91425,69,12511,101,199,100000
37,extend,1000,true,zipfian,EXTEND,910926,149725166,68821350,67884637,1378329,370155,1353058,0,0,0,1382,357,787270,695064,3074452,16553204,5671765,5223,15019384666,31898069,1077072,69208,0,0,0,0,1,6995,1429.5925661186561,0,10000,671.29,312,33887,2031,3463,10000
37,run,1000,true,uniform,READ,915586,154181721,71349511,70411727,1378329,370155,1353058,0,0,0,1382,357,787270,697216,3104303,16557959,5671765,5223,15019400236,31898325,1077072,69208,1,0,0,0,0,8384,11927.480916030534,0,100000,80.26619,45,15711,125,299,100000
37,reference,1000,true,uniform,READ,8653,11187806,3833656,3745816,1119,1,0,0,0,0,1382,357,787270,698257,3111986,16558497,5671765,5223,15019400236,31898325,1077072,69208,1,0,0,0,0,2656,37650.60240963855,0,100000,23.21144,17,12735,47,87,100000
37,clean-run,1000,true,uniform,READ,5441,3551458,2527072,2525985,25232,1,0,0,0,0,1382,358,800295,698763,3144341,16568098,5671856,5348,15094332965,32061103,1117075,69208,1,0,0,0,0,7457,13410.218586562962,0,100000,71.24595,42,14647,117,285,100000
37,avg-run,1000,true,uniform,READ,10637,6951145,4631499,4627498,46245,5,0,0,0,0,1382,358,800295,698879,3144341,16573287,5671856,5348,15135522469,32106377,1117078,69208,1,0,0,0,0,8800,11363.636363636364,0,100000,84.69182,70,13231,100,210,100000
38,extend,1000,true,zipfian,EXTEND,1001453,155255326,72192489,71229453,1448724,380166,1422994,0,0,0,1382,358,800295,701914,3165950,16600388,5671856,5348,15303275476,32351981,1121483,69208,0,0,0,0,1,6885,1452.4328249818445,0,10000,659.3265,309,48383,1813,3477,10000
38,run,1000,true,uniform,READ,1005896,159747185,74774582,73810463,1448724,380166,1422994,0,0,0,1382,358,800295,703758,3165950,16604995,5671856,5348,15303294552,32352297,1121483,69208,1,0,0,0,0,8448,11837.121212121212,0,100000,80.83333,45,36479,128,295,100000
38,reference,1000,true,uniform,READ,8989,11489932,3936909,3847046,1119,1,0,0,0,0,1382,358,800295,703918,3165950,16605300,5671856,5348,15303294602,32352298,1121483,69208,1,0,0,0,0,2721,36751.19441381845,0,100000,23.77853,17,12255,49,97,100000
38,clean-run,1000,true,uniform,READ,5580,3595719,2587824,2585866,25712,1,0,0,0,0,1382,359,809831,704118,3168760,16615043,5671902,5405,15350515696,32408828,1122419,73230,1,0,0,0,0,7621,13121.63758037003,0,100000,72.95024,44,15175,119,274,100000
38,avg-run,1000,true,uniform,READ,10756,6990749,4691273,4687272,46712,5,0,0,0,0,1382,359,809831,704118,3176779,16620246,5671902,5405,15392564426,32451917,1122421,73230,1,0,0,0,0,9016,11091.39307897072,0,100000,86.89441,71,12687,106,211,100000
39,extend,1000,true,zipfian,EXTEND,1041156,160782882,75668060,74680623,1523814,390166,1497554,0,0,0,1382,359,809831,707043,3215029,16653234,5671902,5405,15593922027,32711754,1131591,73230,0,0,0,0,1,7199,1389.0818169190165,0,10000,690.9761,322,38687,2111,3639,10000
39,run,1000,true,uniform,READ,1098092,165358021,78277965,77288594,1523816,390177,1497556,0,0,0,1382,359,809831,708551,3246096,16658684,5671902,5405,15606433541,32785458,1148411,73230,1,0,0,0,0,8539,11710.973181871414,0,100000,81.9786,46,12623,135,304,100000
39,reference,1000,true,uniform,READ,9337,11792119,4041046,3948290,1119,1,0,0,0,0,1382,359,809831,708820,3246096,16658957,5671902,5405,15606433541,32785458,1148411,73230,1,0,0,0,0,2764,36179.4500723589,0,100000,24.22844,17,10063,48,97,100000
39,clean-run,1000,true,uniform,READ,5736,3611605,2621917,2619959,26244,1,0,0,0,0,1382,360,823524,709022,3250928,16668886,5671968,5564,15654731976,32843223,1149347,77384,1,0,0,0,0,7611,13138.877939823939,0,100000,72.63963,43,11727,116,284,100000
39,avg-run,1000,true,uniform,READ,12605,7373495,5725366,5721365,57244,5,0,0,0,0,1382,360,823524,709022,3258945,16675782,5671968,5564,15699111176,32906338,1149349,77384,1,0,0,0,0,9408,10629.251700680272,0,100000,90.69166,73,12695,113,227,100000
40,extend,1000,true,zipfian,EXTEND,1138946,166425485,79218308,78205596,1603118,400177,1576365,0,0,0,1382,360,823524,712143,3280902,16714287,5671968,5564,15916539946,33179949,1160445,77384,0,0,0,0,1,7234,1382.3610727121925,0,10000,694.9285,319,25679,2417,3491,10000
40,run,1000,true,uniform,READ,1144487,171020689,81906929,80893162,1603118,400177,1576365,0,0,0,1382,360,823524,713970,3287383,16719901,5671968,5564,15916571018,33180460,1160445,77384,1,0,0,0,0,9390,10649.627263045793,0,100000,90.48655,46,11879,159,343,100000
40,reference,1000,true,uniform,READ,9673,12094245,4144299,4049520,1119,1,0,0,0,0,1382,360,823524,714041,3287383,16720193,5671968,5564,15916571068,33180461,1160445,77384,1,0,0,0,0,2739,36509.67506389193,0,100000,23.90436,16,11159,49,102,100000
40,clean-run,1000,true,uniform,READ,5917,3632333,2664276,2662318,26736,1,0,0,0,0,1382,361,831867,714227,3287384,16730317,5672009,5661,15965944192,33239360,1161381,81867,1,0,0,0,0,7916,12632.642748863062,0,100000,75.74839,44,15639,128,300,100000
40,avg-run,1000,true,uniform,READ,12787,7393967,5767725,5763724,57736,5,0,0,0,0,1382,361,831867,714294,3328176,16737413,5672009,5661,16011323472,33302477,1161383,81867,1,0,0,0,0,11813,8465.250148141877,0,100000,114.53109,88,12919,166,295,100000
41,extend,1000,true,zipfian,EXTEND,1182937,172069375,82833746,81796702,1681060,410177,1653819,0,0,0,1382,361,831867,717838,3390333,16773149,5672009,5661,16194566928,33570314,1164933,81867,0,0,0,0,1,7297,1370.4262025489927,0,10000,700.0381,319,32255,2219,3541,10000
41,run,1000,true,uniform,READ,1257134,176687153,85550932,84511969,1681062,410188,1653821,0,0,0,1382,361,831867,719705,3398125,16778980,5672009,5661,16222898431,33678737,1202636,81867,1,0,0,0,0,8938,11188.185276348177,0,100000,85.84914,49,15631,137,321,100000
41,reference,1000,true,uniform,READ,10045,12396408,4248436,4150764,1119,1,0,0,0,0,1382,361,831867,719796,3398125,16779280,5672009,5661,16222898431,33678737,1202636,81867,1,0,0,0,0,2659,37608.1233546446,0,100000,23.12975,17,10239,47,92,100000
41,clean-run,1000,true,uniform,READ,6014,3644823,2717517,2716430,27214,1,0,0,0,0,1382,362,840843,719984,3403195,16789466,5672052,5854,16272995451,33733014,1203571,86723,1,0,0,0,0,7867,12711.32579128003,0,100000,75.38909,44,16415,121,288,100000
41,avg-run,1000,true,uniform,READ,12904,7419540,5821939,5817938,58227,5,0,0,0,0,1382,362,840843,719984,3411229,16796381,5672052,5854,16319759711,33802454,1203574,86723,1,0,0,0,0,11263,8878.629139660836,0,100000,109.20972,89,13495,137,245,100000
42,extend,1000,true,zipfian,EXTEND,1298993,177741762,86479787,85417522,1759259,420188,1731548,0,0,0,1382,362,840843,723108,3433185,16835346,5672052,5854,16535320411,34072503,1214423,86723,0,0,0,0,1,7523,1329.2569453675396,0,10000,720.6618,328,35711,2000,3797,10000
42,run,1000,true,uniform,READ,1305093,182349777,89257016,88193704,1759259,420188,1731548,0,0,0,1382,362,840843,724751,3463826,16842050,5672052,5854,16535341805,34072850,1214423,86723,1,0,0,0,0,8927,11201.97154699227,0,100000,85.9782,47,14807,139,328,100000
42,reference,1000,true,uniform,READ,10393,12698595,4352573,4252008,1119,1,0,0,0,0,1382,362,840843,724934,3463826,16842497,5672052,5854,16535341805,34072850,1214423,86723,1,0,0,0,0,2587,38654.81252415926,0,100000,22.55361,16,10335,45,91,100000
42,clean-run,1000,true,uniform,READ,6190,3680200,2787301,2785343,27698,1,0,0,0,0,1382,363,854180,726130,3497421,16852946,5675855,14281,16586861749,34133982,1215359,86831,1,0,0,0,0,8175,12232.415902140672,0,100000,78.41078,45,13975,128,315,100000
42,avg-run,1000,true,uniform,READ,13060,7441900,5890750,5886749,58698,5,0,0,0,0,1382,363,854180,727331,3513731,16859886,5675855,14281,16671019248,34325072,1273672,86831,1,0,0,0,0,11186,8939.746111210441,0,100000,108.45335,88,15583,129,244,100000
43,extend,1000,true,zipfian,EXTEND,1420822,183518150,90229840,89141455,1841218,430199,1813029,0,0,0,1382,363,854180,730863,3550147,16898402,5675855,14281,16860621609,34605312,1276863,86831,0,0,0,0,1,7989,1251.721116535236,0,10000,768.9855,321,69567,2839,4271,10000
43,run,1000,true,uniform,READ,1462232,188201566,93044986,91954687,1841220,430210,1813031,0,0,0,1382,363,854180,732598,3564810,16904495,5675855,14281,16863624399,34649596,1277793,86831,1,0,0,0,0,8889,11249.859376757791,0,100000,85.57528,50,14263,136,325,100000
43,reference,1000,true,uniform,READ,10738,13000785,4456710,4353252,1119,1,0,0,0,0,1382,363,854180,732845,3564810,16904766,5675855,14281,16863624399,34649596,1277793,86831,1,0,0,0,0,2648,37764.35045317221,0,100000,23.0433,16,10135,48,98,100000
43,clean-run,1000,true,uniform,READ,6330,3705180,2831265,2829307,28176,1,0,0,0,0,1382,364,865464,732985,3565639,16915288,5675908,14358,16916219134,34711836,1278729,91691,1,0,0,0,0,8206,12186.205215695833,0,100000,78.78355,45,13431,129,314,100000
43,avg-run,1000,true,uniform,READ,13200,7466778,5934714,5930713,59176,5,0,0,0,0,1382,364,865464,732985,3573711,16922182,5675908,14358,16964598414,34774953,1278731,91691,1,0,0,0,0,11330,8826.1253309797,0,100000,109.93885,91,13423,133,244,100000
44,extend,1000,true,zipfian,EXTEND,1504397,189270912,93985671,92872132,1920371,440210,1891664,0,0,0,1382,364,865464,736109,3595873,16962101,5675908,14358,17180364890,35047927,1289382,91691,0,0,0,0,1,7184,1391.9821826280624,0,10000,689.129,327,33311,1954,3707,10000
44,run,1000,true,uniform,READ,1510107,193919353,96859533,95744958,1920371,440210,1891664,0,0,0,1382,364,865464,737877,3602773,16967780,5675908,14358,17180382446,35048217,1289382,91691,1,0,0,0,0,9051,11048.502927853277,0,100000,87.10294,47,15263,139,330,100000
44,reference,1000,true,uniform,READ,11074,13302911,4559963,4454482,1119,1,0,0,0,0,1382,364,865464,737954,3602773,16968079,5675908,14358,17180382496,35048218,1289382,91691,1,0,0,0,0,2634,37965.072133637055,0,100000,22.89779,17,9911,47,90,100000
44,clean-run,1000,true,uniform,READ,6488,3720007,2873378,2871420,28695,1,0,0,0,0,1382,365,873723,738096,3602774,16978763,5675948,14436,17234054353,35111640,1290318,96645,1,0,0,0,0,8166,12245.897624295862,0,100000,78.30081,46,12399,127,304,100000
44,avg-run,1000,true,uniform,READ,13358,7481786,5976827,5972826,59695,5,0,0,0,0,1382,365,873723,738260,3643600,16985943,5675948,14436,17283433603,35174756,1290320,96645,1,0,0,0,0,11622,8604.371020478404,0,100000,112.87881,91,12615,135,255,100000
45,extend,1000,true,zipfian,EXTEND,1617739,195055700,97848172,96709512,2003737,450221,1974552,0,0,0,1382,365,873723,741999,3689911,17028821,5675948,14436,17509066266,35553332,1326550,96645,0,0,0,0,1,7520,1329.787234042553,0,10000,722.079,331,26751,2129,3941,10000
45,run,1000,true,uniform,READ,1624167,199721991,100780456,99640763,2003737,450221,1974552,0,0,0,1382,365,873723,743689,3697114,17035215,5675948,14436,17509086272,35553665,1326550,96645,1,0,0,0,0,9186,10886.13106901807,0,100000,88.55923,49,13111,143,354,100000
45,reference,1000,true,uniform,READ,11446,13605074,4664100,4555726,1119,1,0,0,0,0,1382,365,873723,743755,3697114,17035566,5675948,14436,17509086272,35553665,1326550,96645,1,0,0,0,0,2652,37707.39064856712,0,100000,23.08295,16,10879,48,85,100000
45,clean-run,1000,true,uniform,READ,6637,3716838,2905702,2904615,29161,1,0,0,0,0,1382,366,882444,743892,3700058,17046334,5675990,14645,17563445939,35611862,1327485,102012,1,0,0,0,0,8152,12266.92836113837,0,100000,77.96718,47,13815,127,310,100000
45,avg-run,1000,true,uniform,READ,13518,7479054,6010055,6006054,60161,5,0,0,0,0,1382,366,882444,743892,3708122,17053240,5675990,14645,17613825981,35674983,1327487,102012,1,0,0,0,0,11618,8607.33344809778,0,100000,112.77499,92,13311,140,252,100000
46,extend,1000,true,zipfian,EXTEND,1674736,200843858,101824527,100661647,2092190,460221,2062500,0,0,0,1382,366,882444,747195,3737792,17101290,5675990,14645,17856172616,35975433,1339199,102012,0,0,0,0,1,7679,1302.252897512697,0,10000,737.7533,332,29775,2437,4015,10000
46,run,1000,true,uniform,READ,1681591,205535090,104787512,103623410,2092190,460221,2062500,0,0,0,1382,366,882444,749018,3776794,17108625,5675990,14645,17856191870,35975762,1339199,102012,1,0,0,0,0,9404,10633.772862611655,0,100000,90.57573,50,15703,142,342,100000
46,reference,1000,true,uniform,READ,11794,13907261,4768237,4656970,1119,1,0,0,0,0,1382,366,882444,749423,3784651,17108953,5675990,14645,17856191870,35975762,1339199,102012,1,0,0,0,0,2651,37721.61448509996,0,100000,23.14356,16,10623,48,91,100000
46,clean-run,1000,true,uniform,READ,6747,3752566,2964281,2962323,29681,1,0,0,0,0,1382,367,896630,749894,3821015,17119918,5676056,14822,17944246199,36174983,1389588,102012,1,0,0,0,0,8512,11748.12030075188,0,100000,81.74738,47,12687,135,318,100000
46,avg-run,1000,true,uniform,READ,13617,7514263,6067730,6063729,60681,5,0,0,0,0,1382,367,896630,750176,3829121,17126817,5676056,14822,17995625429,36238099,1389590,102012,1,0,0,0,0,11653,8581.481163648847,0,100000,113.16286,93,14287,137,249,100000
47,extend,1000,true,zipfian,EXTEND,1806273,206735077,105821197,104632858,2179725,470232,2149498,0,0,0,1382,367,896630,753714,3850454,17171334,5676056,14822,18209667952,36535604,1395801,102012,0,0,0,0,1,7666,1304.4612575006522,0,10000,736.5977,320,30127,2313,4049,10000
47,run,1000,true,uniform,READ,1812933,211443220,108839064,107649697,2179725,470232,2149498,0,0,0,1382,367,896630,755433,3857046,17178202,5676056,14822,18209689076,36535962,1395801,102012,1,0,0,0,0,9391,10648.493238206795,0,100000,90.52548,51,20927,141,357,100000
47,reference,1000,true,uniform,READ,12130,14209387,4871490,4758200,1119,1,0,0,0,0,1382,367,896630,755586,3857046,17178494,5676056,14822,18209689126,36535963,1395801,102012,1,0,0,0,0,2699,37050.75954057058,0,100000,23.39107,17,10047,48,91,100000
47,clean-run,1000,true,uniform,READ,6926,3764610,3004871,3002913,30217,1,0,0,0,0,1382,368,904801,755725,3857047,17189626,5676103,14907,18266590504,36602868,1396737,106884,1,0,0,0,0,8415,11883.541295306,0,100000,80.82133,47,16447,129,313,100000
47,avg-run,1000,true,uniform,READ,13796,7526256,6108320,6104319,61217,5,0,0,0,0,1382,368,904801,756111,3905757,17196761,5676103,14907,18318969754,36665984,1396739,106884,1,0,0,0,0,12594,7940.289026520565,0,100000,122.41937,96,13831,167,265,100000
48,extend,1000,true,zipfian,EXTEND,1919716,212641525,109901078,108687675,2269603,480243,2238903,0,0,0,1382,368,904801,759862,3943339,17242423,5676103,14907,18559590327,37054561,1429593,106884,0,0,0,0,1,7737,1292.4906294429366,0,10000,740.4452,332,27487,2349,4139,10000
48,run,1000,true,uniform,READ,1926406,217384665,112981655,111767225,2269603,480243,2238903,0,0,0,1382,368,904801,761755,3943339,17249186,5676103,14907,18559616819,37055010,1429593,106884,1,0,0,0,0,9577,10441.683199331732,0,100000,92.19483,50,21823,147,373,100000
48,reference,1000,true,uniform,READ,12502,14511550,4975627,4859444,1119,1,0,0,0,0,1382,368,904801,761858,3943339,17249521,5676103,14907,18559616869,37055011,1429593,106884,1,0,0,0,0,2711,36886.75765400221,0,100000,23.63767,17,10367,48,96,100000
48,clean-run,1000,true,uniform,READ,7062,3789008,3059524,3057486,30692,17,0,0,0,0,1382,369,913630,761996,3949007,17260724,5676147,15045,18617595197,37123030,1430529,112011,1,0,0,0,0,8540,11709.6018735363,0,100000,82.13986,48,14295,135,331,100000
48,avg-run,1000,true,uniform,READ,13929,7550534,6162967,6158886,61692,21,0,0,0,0,1382,369,913630,761996,3957088,17267624,5676147,15045,18670974446,37186146,1430531,112011,1,0,0,0,0,11823,8458.09016324114,0,100000,114.90506,97,15199,134,240,100000
49,extend,1000,true,zipfian,EXTEND,1978206,218495975,114031518,112793937,2358381,490243,2327181,0,0,0,1382,369,913630,765405,3995057,17317280,5676147,15045,18908761009,37486286,1440038,112011,0,0,0,0,1,7753,1289.8232942086934,0,10000,746.0683,332,43007,2191,4179,10000
49,run,1000,true,uniform,READ,1985902,223221019,117130033,115891414,2358381,490243,2327181,0,0,0,1382,369,913630,767272,4033782,17325195,5676147,15045,18908779707,37486605,1440038,112011,1,0,0,0,0,9640,10373.443983402489,0,100000,93.02321,51,33311,146,342,100000
49,reference,1000,true,uniform,READ,12850,14813737,5079764,4960688,1119,1,0,0,0,0,1382,369,913630,768016,4041501,17325462,5676147,15045,18908779707,37486605,1440038,112011,1,0,0,0,0,2683,37271.71077152441,0,100000,23.45147,17,10671,47,92,100000
49,clean-run,1000,true,uniform,READ,7197,3805339,3109573,3107615,31192,1,0,0,0,0,1382,370,927649,768452,4064620,17336900,5676219,15230,18998075169,37668044,1478538,112011,1,0,0,0,0,8656,11552.68022181146,0,100000,83.11108,49,30207,132,317,100000
49,avg-run,1000,true,uniform,READ,14543,7808849,6213022,6209021,62192,5,0,0,0,0,1382,370,927649,768555,4072794,17344270,5676219,15230,19052454399,37731160,1478540,112011,1,0,0,0,0,12081,8277.46047512623,0,100000,117.45144,97,13743,144,272,100000
50,extend,1000,true,zipfian,EXTEND,2114779,224452852,118232636,116969979,2451898,500254,2420205,0,0,0,1382,370,927649,772188,4102156,17396464,5676219,15230,19295276410,38047072,1488036,112011,0,0,0,0,1,7857,1272.7504136438845,0,10000,756.1225,324,47519,2303,4327,10000
50,run,1000,true,uniform,READ,2122585,229216918,121388556,120124875,2451898,500254,2420205,0,0,0,1382,370,927649,773750,4102156,17404339,5676219,15230,19295301062,38047481,1488036,112011,1,0,0,0,0,9660,10351.966873706004,0,100000,93.27569,51,16167,147,353,100000
50,reference,1000,true,uniform,READ,13186,15115863,5183017,5061918,1119,1,0,0,0,0,1382,370,927649,773829,4108409,17404682,5676219,15230,19295301112,38047482,1488036,112011,1,0,0,0,0,2669,37467.216185837395,0,100000,23.34157,17,14287,46,94,100000
50,clean-run,1000,true,uniform,READ,7330,3809544,3145897,3143939,31685,1,0,0,0,0,1382,371,935985,774243,4144438,17416487,5676261,15247,19355417990,38117734,1488972,112011,1,0,0,0,0,8779,11390.818999886093,0,100000,84.53866,49,17967,136,328,100000
50,avg-run,1000,true,uniform,READ,14676,7813103,6249346,6245345,62685,5,0,0,0,0,1382,371,935985,776074,4184232,17423869,5676261,15247,19443372686,38295471,1527416,112011,1,0,0,0,0,12162,8222.331853313599,0,100000,118.23401,97,14543,143,271,100000
51,extend,1000,true,zipfian,EXTEND,2252254,230459193,122510243,121222538,2547064,510265,2514883,0,0,0,1382,371,935985,779943,4213118,17474624,5676261,15247,19667798394,38616197,1531576,112011,0,0,0,0,1,7990,1251.5644555694619,0,10000,769.2304,332,30863,2483,4439,10000
51,run,1000,true,uniform,READ,2259783,235237455,125714996,124426266,2547064,510265,2514883,0,0,0,1382,371,935985,781668,4220215,17482641,5676261,15247,19667825656,38616655,1531576,112011,1,0,0,0,0,9844,10158.472165786266,0,100000,95.1527,51,14607,152,362,100000
51,reference,1000,true,uniform,READ,13558,15418026,5287154,5163162,1119,1,0,0,0,0,1382,371,935985,781682,4220215,17482940,5676261,15247,19667825706,38616656,1531576,112011,1,0,0,0,0,2649,37750.09437523594,0,100000,22.92435,17,10391,46,97,100000
51,clean-run,1000,true,uniform,READ,7462,3838589,3235448,3233490,32173,1,0,0,0,0,1382,372,944374,781817,4230057,17494593,5676304,15294,19729015507,38688032,1532512,117808,1,0,0,0,0,8919,11212.01928467317,0,100000,85.92495,49,15023,144,348,100000
51,avg-run,1000,true,uniform,READ,14808,7842198,6338897,6334896,63173,5,0,0,0,0,1382,372,944374,781817,4230057,17502013,5676304,15294,19785394757,38751148,1532514,117808,1,0,0,0,0,12121,8250.144377526607,0,100000,117.79882,96,14279,143,252,100000
52,extend,1000,true,zipfian,EXTEND,2316584,236376013,126816061,125504178,2640487,520265,2607790,0,0,0,1382,372,944374,785404,4292348,17555893,5676304,15294,20026114028,39065275,1540696,117808,0,0,0,0,1,7915,1263.4238787113077,0,10000,761.7731,340,26831,2187,4363,10000
52,run,1000,true,uniform,READ,2392751,241231190,130087861,128774084,2640489,520276,2607792,0,0,0,1382,372,944374,788018,4330786,17565116,5676304,15294,20045105807,39145898,1565935,117808,1,0,0,0,0,10269,9738.0465478625,0,100000,99.28228,52,14263,164,379,100000
52,reference,1000,true,uniform,READ,13906,15720213,5391291,5264406,1119,1,0,0,0,0,1382,372,944374,788693,4330786,17565445,5676304,15294,20045105857,39145899,1565935,117808,1,0,0,0,0,2665,37523.4521575985,0,100000,23.25441,17,9647,48,87,100000
52,clean-run,1000,true,uniform,READ,7593,3851130,3269649,3267691,32697,1,0,0,0,0,1382,373,956100,788837,4342584,17577197,5676361,15518,20107376789,39218463,1566871,124097,1,0,0,0,0,9385,10655.301012253596,0,100000,90.36384,50,37919,157,354,100000
52,avg-run,1000,true,uniform,READ,14939,7854721,6373098,6369097,63697,5,0,0,0,0,1382,373,956100,788837,4342584,17584561,5676361,15518,20164756069,39281580,1566873,124097,1,0,0,0,0,12852,7780.89013383131,0,100000,124.94688,100,14759,171,298,100000
53,extend,1000,true,zipfian,EXTEND,2456699,242420335,131239571,129902651,2738400,530276,2705200,0,0,0,1382,373,956100,792812,4379691,17646106,5676361,15518,20444177569,39613170,1582274,124097,0,0,0,0,1,8865,1128.0315848843768,0,10000,855.7037,339,27055,2751,5499,10000
53,run,1000,true,uniform,READ,2466021,247304689,134562545,133224601,2738400,530276,2705200,0,0,0,1382,373,956100,794627,4410658,17655550,5676361,15518,20444234699,39614134,1582274,124097,1,0,0,0,0,11325,8830.022075055187,0,100000,109.6189,54,14543,194,433,100000
53,reference,1000,true,uniform,READ,14251,16022403,5495428,5365650,1119,1,0,0,0,0,1382,373,956100,795810,4417889,17655876,5676361,15518,20444234749,39614135,1582274,124097,1,0,0,0,0,2867,34879.66515521451,0,100000,25.12251,17,11343,50,100,100000
53,clean-run,1000,true,uniform,READ,7707,3871471,3331733,3329775,33193,1,0,0,0,0,1382,374,968405,796252,4464094,17668287,5676428,15738,20507578087,39687822,1583210,124097,1,0,0,0,0,9417,10619.093129446745,0,100000,90.45153,50,20111,152,374,100000
53,avg-run,1000,true,uniform,READ,15405,7801507,6435182,6431181,64193,5,0,0,0,0,1382,374,968405,796625,4480398,17676019,5676428,15738,20613182957,39904812,1653849,124097,1,0,0,0,0,12335,8107.012565869477,0,100000,119.8379,100,13759,145,258,100000
54,extend,1000,true,zipfian,EXTEND,2617017,248591273,135738001,134375198,2838315,540287,2804583,0,0,0,1382,374,968405,800453,4517360,17734352,5676428,15738,20843523725,40240013,1657171,124097,0,0,0,0,1,8016,1247.5049900199601,0,10000,772.3297,333,50783,2415,4519,10000
54,run,1000,true,uniform,READ,2625745,253427347,139120569,137756740,2838315,540287,2804583,0,0,0,1382,374,968405,802213,4517360,17743150,5676428,15738,20843554323,40240531,1657171,124097,1,0,0,0,0,10336,9674.922600619195,0,100000,99.94719,54,14183,161,386,100000
54,reference,1000,true,uniform,READ,14587,16324529,5598681,5466880,1119,1,0,0,0,0,1382,374,968405,802498,4517360,17743478,5676428,15738,20843554323,40240531,1657171,124097,1,0,0,0,0,2619,38182.512409316536,0,100000,22.70954,17,10079,47,96,100000
54,clean-run,1000,true,uniform,READ,7842,3887931,3357114,3355156,33725,1,0,0,0,0,1382,375,975770,802636,4530108,17755544,5676464,15742,20907976532,40315419,1658107,130807,1,0,0,0,0,9064,11032.656663724625,0,100000,87.26845,50,12223,137,341,100000
54,avg-run,1000,true,uniform,READ,15540,7817967,6460563,6456562,64725,5,0,0,0,0,1382,375,975770,803675,4578223,17763598,5676464,15742,20967355782,40378535,1658109,130807,1,0,0,0,0,12750,7843.137254901961,0,100000,124.07076,100,14799,154,271,100000
55,extend,1000,true,zipfian,EXTEND,2755231,254686283,140291716,138903873,2937930,550298,2903728,0,0,0,1382,375,975770,807842,4615921,17822433,5676464,15742,21235985281,40802836,1693535,130807,0,0,0,0,1,8447,1183.8522552385461,0,10000,814.9138,341,53439,2573,5059,10000
55,run,1000,true,uniform,READ,2763650,259551983,143714928,142326063,2937930,550298,2903728,0,0,0,1382,375,975770,809583,4623220,17830923,5676464,15742,21236015921,40803351,1693535,130807,1,0,0,0,0,10376,9637.625289128759,0,100000,100.31716,55,20879,155,387,100000
55,reference,1000,true,uniform,READ,14959,16626692,5702818,5568124,1119,1,0,0,0,0,1382,375,975770,810007,4623220,17831223,5676464,15742,21236015921,40803351,1693535,130807,1,0,0,0,0,2669,37467.216185837395,0,100000,23.33406,17,10087,47,90,100000
55,clean-run,1000,true,uniform,READ,7956,3910989,3417031,3415073,34195,1,0,0,0,0,1382,376,983379,810144,4634855,17843405,5676500,15843,21301508308,40879292,1694471,137682,1,0,0,0,0,9255,10804.970286331712,0,100000,89.21517,51,15559,145,362,100000
55,avg-run,1000,true,uniform,READ,15654,7841023,6520480,6516479,65195,5,0,0,0,0,1382,376,983379,810144,4643047,17851134,5676500,15843,21361887588,40942409,1694473,137682,1,0,0,0,0,12694,7877.737513786041,0,100000,123.56996,101,14319,150,275,100000
56,extend,1000,true,zipfian,EXTEND,2830962,260772531,144963883,143551880,3044614,560298,3009877,0,0,0,1382,376,983379,814150,4712897,17916117,5676500,15843,21635694059,41296783,1703433,137682,0,0,0,0,1,8553,1169.18040453642,0,10000,825.2626,343,34335,2771,5127,10000
56,run,1000,true,uniform,READ,2914026,265693678,148449856,147035959,3044616,560309,3009879,0,0,0,1382,376,983379,815987,4751938,17926112,5676500,15843,21655349723,41381139,1729749,137682,1,0,0,0,0,10520,9505.703422053231,0,100000,101.82592,57,14863,161,410,100000
56,reference,1000,true,uniform,READ,15307,16928879,5806955,5669368,1119,1,0,0,0,0,1382,376,983379,816392,4751938,17926460,5676500,15843,21655349773,41381140,1729749,137682,1,0,0,0,0,2643,37835.792659856226,0,100000,22.96521,17,9359,46,91,100000
56,clean-run,1000,true,uniform,READ,8091,3937517,3490855,3488897,34730,1,0,0,0,0,1382,377,995564,816526,4761583,17938756,5676559,16093,21721920265,41458288,1730685,144634,1,0,0,0,0,9364,10679.196924391286,0,100000,90.2007,52,16383,146,363,100000
56,avg-run,1000,true,uniform,READ,15789,7867551,6594304,6590303,65730,5,0,0,0,0,1382,377,995564,816526,4769772,17946480,5676559,16093,21783299515,41521404,1730687,144634,1,0,0,0,0,13964,7161.271841879117,0,100000,136.08594,104,14759,206,327,100000
57,extend,1000,true,zipfian,EXTEND,2985733,266926250,149678315,148241276,3149218,570309,3113978,0,0,0,1382,377,995564,820531,4799044,18015595,5676559,16093,22084154775,41874317,1747427,144634,0,0,0,0,1,9073,1102.1712774165105,0,10000,874.6034,341,30927,2879,5671,10000
57,run,1000,true,uniform,READ,2995948,271859921,153196294,151758233,3149218,570309,3113978,0,0,0,1382,377,995564,822709,4837528,18026095,5676559,16093,22084204999,41875154,1747427,144634,1,0,0,0,0,11426,8751.96919306844,0,100000,110.52727,56,28015,190,418,100000
57,reference,1000,true,uniform,READ,15652,17231069,5911092,5770612,1119,1,0,0,0,0,1382,377,995564,823982,4852533,18026687,5676559,16093,22084204999,41875154,1747427,144634,1,0,0,0,0,3209,31162.355874104083,0,100000,28.55561,17,10807,55,120,100000
57,clean-run,1000,true,uniform,READ,8220,3942472,3531051,3529093,35233,1,0,0,0,0,1382,378,1008496,824329,4905771,18040816,5676649,16318,22151852583,41953446,1748363,144634,1,0,0,0,0,10822,9240.436148586214,0,100000,104.58967,55,39071,184,418,100000
57,avg-run,1000,true,uniform,READ,15918,7872506,6634500,6630499,66233,5,0,0,0,0,1382,378,1008496,824374,4922111,18048609,5676649,16318,22260277831,42185366,1822818,144634,1,0,0,0,0,24365,4104.247896572953,0,100000,238.63919,109,16383,436,641,100000
58,extend,1000,true,zipfian,EXTEND,3167353,273202638,154472702,153009631,3258179,580320,3222400,0,0,0,1382,378,1008496,829104,4958751,18115615,5676649,16318,22516149710,42547757,1827179,144634,0,0,0,0,1,9886,1011.5314586283633,0,10000,949.6078,343,45823,3759,6375,10000
58,run,1000,true,uniform,READ,3234644,278175613,158056072,156591080,3258181,580331,3222402,0,0,0,1382,378,1008496,832430,4995999,18125598,5676649,16318,22520822487,42618867,1828404,144634,1,0,0,0,0,11357,8805.14220304658,0,100000,109.9992,57,16087,191,437,100000
58,reference,1000,true,uniform,READ,15997,17533259,6015229,5871856,1119,1,0,0,0,0,1382,378,1008496,832520,4995999,18125901,5676649,16318,22520822487,42618867,1828404,144634,1,0,0,0,0,2947,33932.8130302002,0,100000,25.98396,17,11135,55,114,100000
58,clean-run,1000,true,uniform,READ,8350,3961298,3564199,3562241,35772,1,0,0,0,0,1382,379,1020545,832656,5010181,18138520,5676707,16457,22589548312,42698360,1829340,151150,1,0,0,0,0,10926,9152.480322167306,0,100000,105.73977,55,12583,192,422,100000
58,avg-run,1000,true,uniform,READ,16048,7891332,6667648,6663647,66772,5,0,0,0,0,1382,379,1020545,832656,5018364,18146270,5676707,16457,22652927562,42761476,1829342,151150,1,0,0,0,0,14080,7102.272727272727,0,100000,137.3026,107,15007,201,333,100000
59,extend,1000,true,zipfian,EXTEND,3305998,279452542,159361043,157872886,3369653,590331,3333382,0,0,0,1382,379,1020545,836874,5047517,18214408,5676707,16457,22951748616,43133224,1842560,151150,0,0,0,0,1,9529,1049.42806170637,0,10000,921.5184,345,46495,3321,5999,10000
59,run,1000,true,uniform,READ,3315444,284368283,162996800,161507621,3369653,590331,3333382,0,0,0,1382,379,1020545,838603,5077960,18224714,5676707,16457,22951775012,43133662,1842560,151150,1,0,0,0,0,11174,8949.346697691068,0,100000,108.19258,56,18239,179,418,100000
59,reference,1000,true,uniform,READ,16342,17835449,6119366,5973100,1119,1,0,0,0,0,1382,379,1020545,839665,5086018,18225199,5676707,16457,22951775012,43133662,1842560,151150,1,0,0,0,0,2708,36927.62186115214,0,100000,23.70417,17,10511,52,93,100000
59,clean-run,1000,true,uniform,READ,8487,3977086,3608903,3606865,36264,1,0,0,0,0,1382,380,1032696,840159,5132791,18238407,5676766,16642,23055198313,43335460,1884815,151150,1,0,0,0,0,9858,10144.045445323594,0,100000,94.95114,53,24879,160,376,100000
59,avg-run,1000,true,uniform,READ,18714,7442173,7712346,7708265,77264,5,0,0,0,0,1382,380,1032696,840688,5140833,18248666,5676766,16642,23120912281,43418603,1884817,151150,1,0,0,0,0,13769,7262.691553489723,0,100000,134.27932,109,18399,174,296,100000
60,extend,1000,true,zipfian,EXTEND,3460366,285703327,164290017,162775848,3480015,600342,3443235,0,0,0,1382,380,1032696,844988,5177294,18316879,5676766,16642,23387062331,43785531,1890490,151150,0,0,0,0,1,8782,1138.6927806877704,0,10000,846.9573,339,49503,2805,5279,10000
60,run,1000,true,uniform,READ,3470351,290613920,167931852,166416661,3480015,600342,3443235,0,0,0,1382,380,1032696,846766,5177294,18326931,5676766,16642,23387094129,43786071,1890490,151150,1,0,0,0,0,11003,9088.430428065074,0,100000,106.63705,57,15239,173,402,100000
60,reference,1000,true,uniform,READ,16678,18137575,6222619,6074330,1119,1,0,0,0,0,1382,380,1032696,846971,5183336,18327299,5676766,16642,23387094179,43786072,1890490,151150,1,0,0,0,0,2718,36791.75864606328,0,100000,23.75734,17,10311,51,98,100000
60,clean-run,1000,true,uniform,READ,8618,3984554,3664113,3662155,36773,1,0,0,0,0,1382,381,1039310,847935,5243177,18340621,5676800,16662,23457964978,43867846,1891426,151150,1,0,0,0,0,13439,7441.029838529653,0,100000,130.11042,58,28479,243,509,100000
60,avg-run,1000,true,uniform,READ,18845,7449649,7767562,7763561,77773,5,0,0,0,0,1382,381,1039310,851114,5259291,18350917,5676800,16662,23557509146,44048902,1924382,151150,1,0,0,0,0,15255,6555.227794165848,0,100000,148.6081,109,15863,254,379,100000
61,extend,1000,true,zipfian,EXTEND,3613432,291968226,169278697,167739498,3595243,610353,3557944,0,0,0,1382,381,1039310,855793,5293381,18422367,5676800,16662,23833121302,44430936,1929538,151150,0,0,0,0,1,9553,1046.7915837956664,0,10000,921.8069,341,50175,3175,6095,10000
61,run,1000,true,uniform,READ,3623367,296900652,173018668,171478447,3595243,610353,3557944,0,0,0,1382,381,1039310,857454,5300473,18432267,5676800,16662,23833152464,44431459,1929538,151150,1,0,0,0,0,12404,8061.915511125443,0,100000,120.36141,59,16359,217,479,100000
61,reference,1000,true,uniform,READ,17050,18439738,6326756,6175574,1119,1,0,0,0,0,1382,381,1039310,857643,5300473,18432586,5676800,16662,23833152464,44431459,1929538,151150,1,0,0,0,0,2964,33738.19163292847,0,100000,26.05704,17,9975,53,110,100000
61,clean-run,1000,true,uniform,READ,8742,4002145,3713057,3711099,37292,1,0,0,0,0,1382,382,1045625,857810,5311227,18445906,5676833,16666,23905099606,44514392,1930474,158450,1,0,0,0,0,10822,9240.436148586214,0,100000,104.76397,54,14023,191,419,100000
61,avg-run,1000,true,uniform,READ,18969,7467240,7816506,7812505,78292,5,0,0,0,0,1382,382,1045625,859471,5383375,18456531,5676833,16666,23972813624,44597536,1930476,158450,1,0,0,0,0,14812,6751.282743721307,0,100000,144.42429,111,16511,207,332,100000
62,extend,1000,true,zipfian,EXTEND,3770434,298257241,174377726,172813497,3711525,620364,3673706,0,0,0,1382,382,1045625,864218,5420238,18529367,5676833,16666,24284421917,45084015,1969448,158450,0,0,0,0,1,9682,1032.8444536252841,0,10000,935.6002,339,38303,3217,6139,10000
62,run,1000,true,uniform,READ,3780508,303202850,178150163,176584912,3711525,620364,3673706,0,0,0,1382,382,1045625,865905,5427331,18539412,5676833,16666,24284450615,45084501,1969448,158450,1,0,0,0,0,11311,8840.951286358411,0,100000,109.50561,59,21119,180,413,100000
62,reference,1000,true,uniform,READ,17422,18741901,6430893,6276818,1119,1,0,0,0,0,1382,382,1045625,866251,5427331,18539773,5676833,16666,24284450665,45084502,1969448,158450,1,0,0,0,0,2783,35932.44699964068,0,100000,24.33015,17,10391,51,97,100000
62,clean-run,1000,true,uniform,READ,8873,4016951,3757051,3755093,37812,1,0,0,0,0,1382,383,1051721,866423,5437954,18553118,5676863,16829,24357474466,45168602,1970384,164248,1,0,0,0,0,10025,9975.062344139651,0,100000,96.61259,55,20383,162,382,100000
62,avg-run,1000,true,uniform,READ,19100,7482046,7860500,7856499,78812,5,0,0,0,0,1382,383,1051721,867292,5494675,18563854,5676863,16829,24426188534,45251747,1970386,164248,1,0,0,0,0,14266,7009.673349221926,0,100000,139.24052,113,15439,181,307,100000
63,extend,1000,true,zipfian,EXTEND,3930097,304573422,179536690,177947431,3830263,630375,3791917,0,0,0,1382,383,1051721,877328,5542717,18640281,5676863,16829,24744694537,45746475,2009698,164248,0,0,0,0,1,27409,364.8436644897661,0,10000,2702.0521,355,2228223,7679,24175,10000
63,run,1000,true,uniform,READ,3940236,309545991,183346774,181756493,3830263,630375,3791917,0,0,0,1382,383,1051721,879222,5556313,18650485,5676863,16829,24745330816,45757071,2009699,164248,1,0,0,0,0,13429,7446.570854121677,0,100000,129.46924,59,19567,248,526,100000
63,reference,1000,true,uniform,READ,17794,19044064,6535030,6378062,1119,1,0,0,0,0,1382,383,1051721,879530,5572393,18650861,5676863,16829,24745330866,45757072,2009699,164248,1,0,0,0,0,3235,30911.901081916538,0,100000,28.85088,17,12175,57,113,100000
63,clean-run,1000,true,uniform,READ,9014,4047869,3864837,3862879,38339,1,0,0,0,0,1382,384,1060065,880474,5622634,18665554,5676903,16959,24819434190,45842381,2010635,164248,1,0,0,0,0,11063,9039.139473922083,0,100000,106.77179,56,15119,185,441,100000
63,avg-run,1000,true,uniform,READ,19241,7512964,7968286,7964285,79339,5,0,0,0,0,1382,384,1060065,882775,5645466,18675852,5676903,16959,24925008383,46029164,2045596,164248,1,0,0,0,0,14772,6769.564040075819,0,100000,144.20412,114,17695,195,318,100000
64,extend,1000,true,zipfian,EXTEND,4085969,310897004,184688277,183073988,3944761,640386,3905878,0,0,0,1382,384,1060065,887102,5681841,18748863,5676903,16959,25199147468,46409400,2050527,164248,0,0,0,0,1,9117,1096.8520346605244,0,10000,880.9717,349,35423,2779,5659,10000
64,run,1000,true,uniform,READ,4096804,315896980,188582474,186967163,3944761,640386,3905878,0,0,0,1382,384,1060065,888874,5688955,18760499,5676903,16959,25199184976,46410036,2050527,164248,1,0,0,0,0,12054,8296.001327360213,0,100000,116.94515,58,14111,200,463,100000
64,reference,1000,true,uniform,READ,18166,19346227,6639167,6479306,1119,1,0,0,0,0,1382,384,1060065,888967,5688955,18760830,5676903,16959,25199184976,46410036,2050527,164248,1,0,0,0,0,2786,35893.754486719314,0,100000,24.45175,17,10199,48,107,100000
64,clean-run,1000,true,uniform,READ,9143,4058313,3887661,3885703,38876,1,0,0,0,0,1382,385,1066201,889144,5697047,18776154,5676933,17066,25274369222,46496554,2051463,171990,1,0,0,0,0,10523,9502.993442934525,0,100000,101.85994,57,14031,173,416,100000
64,avg-run,1000,true,uniform,READ,19370,7523408,7991110,7987109,79876,5,0,0,0,0,1382,385,1066201,890434,5761387,18786892,5676933,17066,25345083290,46579699,2051465,171990,1,0,0,0,0,14870,6724.949562878279,0,100000,145.14618,116,16287,194,313,100000
65,extend,1000,true,zipfian,EXTEND,4249933,317288836,190011270,188371951,4067342,650397,4027912,0,0,0,1382,385,1066201,895093,5814135,18866396,5676933,17066,25673700558,47084558,2090502,171990,0,0,0,0,1,9516,1050.8617065994115,0,10000,919.5017,352,32351,3191,5891,10000
65,run,1000,true,uniform,READ,4261969,322297047,193937723,192297381,4067342,650397,4027912,0,0,0,1382,385,1066201,896767,5814135,18878504,5676933,17066,25673741506,47085256,2090502,171990,1,0,0,0,0,11912,8394.895903290799,0,100000,115.63707,57,19935,196,440,100000
65,reference,1000,true,uniform,READ,18538,19648390,6743304,6580550,1119,1,0,0,0,0,1382,385,1066201,896768,5814135,18878862,5676933,17066,25673741506,47085256,2090502,171990,1,0,0,0,0,2813,35549.23569143264,0,100000,24.67753,17,10263,53,98,100000
65,clean-run,1000,true,uniform,READ,9246,4067360,3937553,3935595,39430,1,0,0,0,0,1382,386,1071982,896984,5827862,18895783,5676962,17071,25750010081,47173040,2091438,179728,1,0,0,0,0,10712,9335.324869305452,0,100000,103.46849,55,16895,175,421,100000
65,avg-run,1000,true,uniform,READ,19472,7532456,8041002,8037001,80430,5,0,0,0,0,1382,386,1071982,896990,5868814,18906077,5676962,17071,25821724099,47256184,2091440,179728,1,0,0,0,0,14841,6738.0904251735055,0,100000,144.88423,113,15815,186,314,100000
66,extend,1000,true,zipfian,EXTEND,4420663,323651214,195355295,193690944,4188690,660408,4148764,0,0,0,1382,386,1071982,901923,5946520,18987473,5676962,17071,26148286445,47758503,2132616,179728,0,0,0,0,1,9944,1005.6315366049879,0,10000,963.0624,354,49279,3385,6375,10000
66,run,1000,true,uniform,READ,4432303,328650199,199351123,197685750,4188690,660408,4148764,0,0,0,1382,386,1071982,903345,5953913,18999372,5676962,17071,26148314911,47758985,2132616,179728,1,0,0,0,0,13131,7615.56621734826,0,100000,127.6729,60,13495,229,502,100000
66,reference,1000,true,uniform,READ,18910,19950553,6847441,6681794,1119,1,0,0,0,0,1382,386,1071982,903498,5953913,18999706,5676962,17071,26148314911,47758985,2132616,179728,1,0,0,0,0,3217,31084.861672365558,0,100000,28.51577,17,11215,57,118,100000
66,clean-run,1000,true,uniform,READ,9353,4079268,3982851,3980893,39919,1,0,0,0,0,1382,387,1077824,903705,5966721,19017540,5676991,17328,26225656096,47847884,2133552,187755,1,0,0,0,0,11284,8862.105636299184,0,100000,109.27173,56,16343,200,453,100000
66,avg-run,1000,true,uniform,READ,19580,7544363,8086300,8082299,80919,5,0,0,0,0,1382,387,1077824,903707,5999490,19027866,5676991,17328,26298370114,47931028,2133554,187755,1,0,0,0,0,15469,6464.541987200207,0,100000,150.8855,117,17279,211,337,100000
67,extend,1000,true,zipfian,EXTEND,4520879,329975601,200794494,199105984,4312469,670408,4272046,0,0,0,1382,387,1077824,908610,6076828,19110127,5676991,17328,26608599787,48337559,2141868,187755,0,0,0,0,1,10050,995.0248756218906,0,10000,972.1544,348,40735,3253,6623,10000
67,run,1000,true,uniform,READ,4622784,335048148,204834954,203144550,4312471,670419,4272048,0,0,0,1382,387,1077824,910021,6092218,19123095,5676991,17328,26631918317,48442662,2177581,187755,1,0,0,0,0,13522,7395.355716609969,0,100000,131.33505,59,22063,232,525,100000
67,reference,1000,true,uniform,READ,19282,20252716,6951578,6783038,1119,1,0,0,0,0,1382,387,1077824,910030,6092218,19123444,5676991,17328,26631918317,48442662,2177581,187755,1,0,0,0,0,3263,30646.644192460924,0,100000,28.88229,17,11143,60,111,100000
67,clean-run,1000,true,uniform,READ,9437,4099574,4040078,4038120,40416,1,0,0,0,0,1382,388,1083555,910263,6102182,19142663,5677053,17337,26710331698,48532676,2178517,195579,1,0,0,0,0,12785,7821.666014861165,0,100000,124.24179,58,43071,237,497,100000
67,avg-run,1000,true,uniform,READ,19664,7564669,8143527,8139526,81416,5,0,0,0,0,1382,388,1083555,910264,6110346,19152978,5677053,17337,26784419852,48616982,2179092,195579,1,0,0,0,0,16661,6002.040693835904,0,100000,162.76263,120,19311,268,375,100000
68,extend,1000,true,zipfian,EXTEND,4718773,336363144,206279790,204565377,4436310,680430,4395406,0,0,0,1382,388,1083555,915245,6155053,19239496,5677053,17337,27115319456,49023674,2191247,195579,0,0,0,0,1,10517,950.8414947228297,0,10000,1018.5365,359,38975,3567,6959,10000
68,run,1000,true,uniform,READ,4732385,341352695,210349961,208634526,4436310,680430,4395406,0,0,0,1382,388,1083555,916591,6162646,19253481,5677053,17337,27115345272,49024113,2191247,195579,1,0,0,0,0,13278,7531.254707034192,0,100000,128.99869,63,22255,224,488,100000
68,reference,1000,true,uniform,READ,19654,20554879,7055715,6884282,1119,1,0,0,0,0,1382,388,1083555,916591,6162646,19253827,5677053,17337,27115345272,49024113,2191247,195579,1,0,0,0,0,3115,32102.728731942214,0,100000,27.53427,17,10959,56,116,100000
68,clean-run,1000,true,uniform,READ,9541,4112686,4113380,4111422,40897,1,0,0,0,0,1382,389,1088116,916753,6176268,19274030,5677076,17492,27194830412,49115220,2192183,203682,1,0,0,0,0,11280,8865.248226950354,0,100000,109.36765,58,16783,189,444,100000
68,avg-run,1000,true,uniform,READ,19768,7577781,8216829,8212828,81897,5,0,0,0,0,1382,389,1088116,916767,6200793,19284354,5677076,17492,27269544480,49198365,2192185,203682,1,0,0,0,0,15603,6409.023905659168,0,100000,152.41517,117,15743,216,337,100000
69,extend,1000,true,zipfian,EXTEND,4826912,342656675,211815681,210077109,4561989,690430,4520579,0,0,0,1382,389,1088116,921526,6319047,19369355,5677076,17492,27585627528,49608714,2199974,203682,0,0,0,0,1,9977,1002.3053021950486,0,10000,964.1817,349,29151,3385,6151,10000
69,run,1000,true,uniform,READ,4840460,347639134,215929383,214189788,4561989,690430,4520579,0,0,0,1382,389,1088116,922827,6366807,19384215,5677076,17492,27585647580,49609055,2199974,203682,1,0,0,0,0,12757,7838.8335815630635,0,100000,123.60975,64,21023,213,470,100000
69,reference,1000,true,uniform,READ,20046,20857022,7159852,6985526,1119,1,0,0,0,0,1382,389,1088116,923015,6383016,19384721,5677076,17492,27585647580,49609055,2199974,203682,1,0,0,0,0,3132,31928.480204342275,0,100000,27.90122,17,11007,55,109,100000
69,clean-run,1000,true,uniform,READ,9694,4126036,4170944,4168986,41403,1,0,0,0,0,1382,390,1097552,923348,6402233,19405269,5677154,17510,27704070799,49895822,2274022,203682,1,0,0,0,0,12622,7922.674694977024,0,100000,122.56424,59,14679,226,520,100000
69,avg-run,1000,true,uniform,READ,19927,7591125,8274393,8270392,82403,5,0,0,0,0,1382,390,1097552,923372,6418600,19415597,5677154,17510,27779784817,49978966,2274024,203682,1,0,0,0,0,15405,6491.398896462188,0,100000,150.5747,119,15647,201,332,100000
70,extend,1000,true,zipfian,EXTEND,5066416,349030237,217382909,215619305,4686419,700441,4644524,0,0,0,1382,390,1097552,928157,6496216,19501020,5677154,17510,28094516105,50386007,2282706,203682,0,0,0,0,1,9904,1009.6930533117932,0,10000,958.6897,359,26927,3135,6631,10000
70,run,1000,true,uniform,READ,5178574,354121986,221577609,219812112,4686421,700452,4644526,0,0,0,1382,390,1097552,929393,6527375,19514790,5677154,17510,28112492842,50492154,2317896,203682,1,0,0,0,0,13212,7568.876778686043,0,100000,128.60953,62,17455,221,499,100000
70,reference,1000,true,uniform,READ,20489,21159114,7263989,7086770,1119,1,0,0,0,0,1382,390,1097552,929397,6527375,19515185,5677154,17510,28112492842,50492154,2317896,203682,1,0,0,0,0,2963,33749.578130273374,0,100000,26.12271,17,10551,51,107,100000
70,clean-run,1000,true,uniform,READ,9822,4139157,4194864,4192906,41888,1,0,0,0,0,1382,391,1104207,929613,6540552,19535988,5677186,17840,28194127781,50585520,2318832,211860,1,0,0,0,0,11992,8338.892595063375,0,100000,116.12758,60,18015,211,483,100000
70,avg-run,1000,true,uniform,READ,20055,7604246,8298313,8294312,82888,5,0,0,0,0,1382,391,1104207,929613,6548730,19546312,5677186,17840,28270841829,50668665,2318834,211860,1,0,0,0,0,15028,6654.245408570668,0,100000,146.71413,119,21983,184,318,100000
71,extend,1000,true,zipfian,EXTEND,5279564,355478395,223115088,221326454,4818630,710452,4776241,0,0,0,1382,391,1104207,934288,6634395,19636978,5677186,17840,28612345635,51100053,2329671,211860,0,0,0,0,1,9793,1021.1375472276115,0,10000,948.25,350,63103,3249,6331,10000
71,run,1000,true,uniform,READ,5304790,360497314,227330269,225540613,4818630,710452,4776241,0,0,0,1382,391,1104207,938126,6687741,19663775,5677186,17840,28612370791,51100481,2329671,211860,1,0,0,0,0,12336,8106.355382619974,0,100000,119.91678,62,14055,200,465,100000
71,reference,1000,true,uniform,READ,20896,21461242,7368126,7188014,1119,1,0,0,0,0,1382,391,1104207,938373,6695677,19664254,5677186,17840,28612370791,51100481,2329671,211860,1,0,0,0,0,2785,35906.642728904844,0,100000,24.43486,17,9967,50,98,100000
71,clean-run,1000,true,uniform,READ,10078,4138090,4210188,4208230,42382,1,0,0,0,0,1382,392,1112435,938569,6707541,19684147,5677228,18179,28714918806,51301565,2366214,219971,1,0,0,0,0,10921,9156.670634557275,0,100000,105.69985,59,19215,172,406,100000
71,avg-run,1000,true,uniform,READ,20305,7603185,8313637,8309636,83382,5,0,0,0,0,1382,392,1112435,938569,6715699,19694422,5677228,18179,28792632824,51384709,2366216,219971,1,0,0,0,0,15256,6554.798112218144,0,100000,149.02575,121,15167,191,327,100000
72,extend,1000,true,zipfian,EXTEND,5518968,361986747,228878643,227064979,4951587,720463,4908703,0,0,0,1382,392,1112435,943277,6785159,19792676,5677228,18179,29155053456,51821376,2381642,219971,0,0,0,0,1,10036,996.4129135113591,0,10000,973.3437,353,42175,3373,6719,10000
72,run,1000,true,uniform,READ,5587593,367023468,233157791,231343104,4951587,720463,4908703,0,0,0,1382,392,1112435,948315,6837463,19861742,5677228,18179,29155087254,51821954,2381642,219971,1,0,0,0,0,12692,7878.9788843365895,0,100000,123.24239,62,16783,201,479,100000
72,reference,1000,true,uniform,READ,21268,21763405,7472263,7289258,1119,1,0,0,0,0,1382,393,1112454,948409,6854161,19862259,5677228,18179,29155087304,51821955,2381642,219971,1,0,0,0,0,2788,35868.00573888092,0,100000,24.47406,17,10855,51,97,100000
72,clean-run,1000,true,uniform,READ,10206,4161830,4284667,4282709,42877,1,0,0,0,0,1382,394,1117955,948618,6880429,19882185,5678039,18595,29269388376,52057766,2432594,219971,1,0,0,0,0,11161,8959.770629871875,0,100000,108.11275,61,19263,182,430,100000
72,avg-run,1000,true,uniform,READ,20433,7626925,8388116,8384115,83877,5,0,0,0,0,1382,394,1117955,948635,6888610,19892468,5678039,18595,29348102444,52140911,2432596,219971,1,0,0,0,0,15168,6592.827004219409,0,100000,148.25446,124,16127,186,315,100000
73,extend,1000,true,zipfian,EXTEND,5799349,368462349,234600784,232762088,5075045,730474,5031671,0,0,0,1382,394,1117955,953241,6941592,19988268,5678039,18595,29688123993,52549360,2447803,219971,0,0,0,0,1,9718,1029.0183165260341,0,10000,940.5793,361,37823,3063,6607,10000
73,run,1000,true,uniform,READ,5882251,373515927,238957412,237117672,5075045,730474,5031671,0,0,0,1382,394,1117955,958665,6993674,20071778,5678039,18595,29688154355,52549883,2447803,219971,1,0,0,0,0,12885,7760.962359332557,0,100000,124.99026,63,19775,205,491,100000
73,reference,1000,true,uniform,READ,21640,22065568,7576400,7390502,1119,1,0,0,0,0,1382,394,1117955,958848,7001329,20072610,5678039,18595,29688154355,52549883,2447803,219971,1,0,0,0,0,2891,34590.10722933241,0,100000,25.35986,17,12735,51,102,100000
73,clean-run,1000,true,uniform,READ,10339,4152902,4313436,4311478,43367,1,0,0,0,0,1382,395,1124940,959140,7048790,20093708,5678074,18812,29814740350,52799257,2506465,219971,1,0,0,0,0,11265,8877.05281846427,0,100000,109.13183,59,26783,181,421,100000
73,avg-run,1000,true,uniform,READ,20566,7617997,8416885,8412884,84367,5,0,0,0,0,1382,395,1124940,959174,7073332,20104037,5678074,18812,29894454452,52882403,2506467,219971,1,0,0,0,0,15359,6510.840549514943,0,100000,150.21121,124,15719,189,328,100000
74,extend,1000,true,zipfian,EXTEND,6133968,375024320,240504447,238639806,5207688,740496,5163796,0,0,0,1382,395,1124940,967105,7131827,20198699,5678074,18812,30227826700,53357738,2521947,219971,0,0,0,0,1,20554,486.52330446628395,0,10000,2020.4691,357,2021375,6083,19215,10000
74,run,1000,true,uniform,READ,6198410,380077313,244843846,242978183,5207688,740496,5163796,0,0,0,1382,395,1124940,969641,7145880,20263318,5678074,18812,30227858982,53358286,2521947,219971,1,0,0,0,0,12489,8007.046200656578,0,100000,121.44728,64,22207,203,463,100000
74,reference,1000,true,uniform,READ,22012,22367731,7680537,7491746,1119,1,0,0,0,0,1382,395,1124940,969646,7145880,20263885,5678074,18812,30227858982,53358286,2521947,219971,1,0,0,0,0,2689,37188.54592785422,0,100000,23.40669,16,10967,47,89,100000
74,clean-run,1000,true,uniform,READ,10483,4184182,4406131,4404093,43885,17,0,0,0,0,1382,396,1127305,969758,7154374,20283857,5678087,18913,30313798599,53456227,2522883,228515,1,0,0,0,0,11410,8764.241893076249,0,100000,110.74224,60,43807,185,457,100000
74,avg-run,1000,true,uniform,READ,20707,7649272,8509574,8505493,84885,21,0,0,0,0,1382,396,1127305,969758,7162555,20294166,5678087,18913,30394512617,53539371,2522885,228515,1,0,0,0,0,15203,6577.649148194435,0,100000,148.62164,123,17807,187,314,100000
75,extend,1000,true,zipfian,EXTEND,6306869,381465336,246433484,244544684,5344296,750496,5299941,0,0,0,1382,396,1127305,974758,7256067,20394865,5678087,18913,30751542512,53984804,2534842,228515,0,0,0,0,1,10240,976.5625,0,10000,992.8848,360,33407,3325,6891,10000
75,run,1000,true,uniform,READ,6394121,386481569,250846989,248957167,5344296,750496,5299941,0,0,0,1382,396,1127305,980013,7308218,20482596,5678087,18913,30751566782,53985214,2534842,228515,1,0,0,0,0,12839,7788.768595685022,0,100000,124.81104,64,17023,201,497,100000
75,reference,1000,true,uniform,READ,22384,22669894,7784674,7592990,1119,1,0,0,0,0,1382,397,1127468,980036,7321490,20482973,5678087,18913,30751566782,53985214,2534842,228515,1,0,0,0,0,2795,35778.17531305904,0,100000,24.57268,17,13207,51,97,100000
75,clean-run,1000,true,uniform,READ,10608,4187230,4444874,4442916,44348,1,0,0,0,0,1382,398,1133161,980669,7331171,20504000,5681248,22015,30889493760,54195359,2585505,228681,1,0,0,0,0,11537,8667.764583513912,0,100000,112.07632,60,20911,189,466,100000
75,avg-run,1000,true,uniform,READ,20835,7652325,8548323,8544322,85348,5,0,0,0,0,1382,398,1133161,980670,7347412,20514311,5681248,22015,30971207832,54278504,2585507,228681,1,0,0,0,0,15573,6421.370320426379,0,100000,152.3358,124,14679,192,319,100000
76,extend,1000,true,zipfian,EXTEND,6607469,387988918,252481578,250567748,5484951,760507,5440122,0,0,0,1382,399,1133372,985572,7437604,20613846,5681248,22015,31330908066,54735624,2595830,228681,0,0,0,0,1,10297,971.1566475672525,0,10000,998.2333,362,64639,3479,6967,10000
76,run,1000,true,uniform,READ,6780554,393123441,256931847,255016124,5484953,760518,5440124,0,0,0,1382,399,1133916,989327,7480422,20685740,5681248,22015,31407017143,54847991,2671914,228681,1,0,0,0,0,12897,7753.7411801194075,0,100000,125.45724,64,19631,209,490,100000
76,reference,1000,true,uniform,READ,22756,22972057,7888811,7694234,1119,1,0,0,0,0,1382,399,1133924,989341,7480422,20686487,5681248,22015,31407017143,54847991,2671914,228681,1,0,0,0,0,2685,37243.947858472995,0,100000,23.39392,17,9679,48,92,100000
76,clean-run,1000,true,uniform,READ,10713,4195783,4459084,4457126,44822,1,0,0,0,0,1382,400,1136537,989454,7488519,20707599,5697922,22148,31495092621,54948040,2672852,238237,1,0,0,0,0,11413,8761.938140716726,0,100000,110.74659,58,15183,182,442,100000
76,avg-run,1000,true,uniform,READ,20940,7660878,8562533,8558532,85822,5,0,0,0,0,1382,400,1136537,989454,7496702,20717852,5697922,22148,31577806669,55031185,2672854,238237,1,0,0,0,0,15480,6459.948320413437,0,100000,151.37627,127,16159,190,318,100000
77,extend,1000,true,zipfian,EXTEND,6893735,394541359,258566765,256627905,5625865,770518,5580530,0,0,0,1382,401,1136770,994268,7588038,20822204,5697922,22148,31958289638,55490412,2687507,238237,0,0,0,0,1,10297,971.1566475672525,0,10000,998.1367,360,43039,3415,6915,10000
77,run,1000,true,uniform,READ,7010144,399557685,263103923,261164041,5625865,770518,5580530,0,0,0,1382,401,1136861,999517,7643769,20939371,5697922,22148,31959955511,55490876,2687912,238237,1,0,0,0,0,13226,7560.864962951761,0,100000,128.53987,64,13719,209,537,100000
77,reference,1000,true,uniform,READ,23128,23274220,7992948,7795478,1119,1,0,0,0,0,1382,401,1136869,999550,7654971,20939854,5697922,22148,31959955511,55490876,2687912,238237,1,0,0,0,0,2765,36166.365280289334,0,100000,24.22407,17,11671,51,96,100000
77,clean-run,1000,true,uniform,READ,10851,4221862,4529664,4527706,45328,1,0,0,0,0,1382,402,1141702,999799,7680879,20961706,5715092,22541,32120519458,55714471,2770039,238247,1,0,0,0,0,11581,8634.832915983076,0,100000,112.28808,62,17695,185,469,100000
77,avg-run,1000,true,uniform,READ,21078,7686957,8633113,8629112,86328,5,0,0,0,0,1382,402,1141702,999802,7689074,20971985,5715092,22541,32204233476,55797615,2770041,238247,1,0,0,0,0,15513,6446.206407529169,0,100000,151.65962,128,18095,188,312,100000
78,extend,1000,true,zipfian,EXTEND,7237066,401056628,264722165,262758275,5764898,780529,5719078,0,0,0,1382,403,1142461,1004638,7763677,21075194,5715092,22541,32582005460,56249991,2784931,238247,0,0,0,0,1,9994,1000.6003602161297,0,10000,968.5255,361,33023,3115,6571,10000
78,run,1000,true,uniform,READ,7344951,406108908,269303835,267338922,5764898,780529,5719078,0,0,0,1382,403,1142533,1009649,7819597,21183091,5715092,22541,32583061127,56250627,2785198,238247,1,0,0,0,0,13401,7462.129691814043,0,100000,130.4097,64,15703,216,505,100000
78,reference,1000,true,uniform,READ,23500,23576383,8097085,7896722,1119,1,0,0,0,0,1382,403,1142539,1009693,7830548,21183940,5715092,22541,32583061127,56250627,2785198,238247,1,0,0,0,0,2687,37216.22627465575,0,100000,23.47634,17,10839,51,96,100000
78,clean-run,1000,true,uniform,READ,10971,4218997,4568660,4566702,45820,1,0,0,0,0,1382,404,1146638,1009877,7848439,21205422,5733033,22731,32727541109,56492129,2851261,238247,1,0,0,0,0,11850,8438.818565400843,0,100000,115.08356,65,16879,192,453,100000
78,avg-run,1000,true,uniform,READ,21197,7684093,8672109,8668108,86820,5,0,0,0,0,1382,404,1146638,1009877,7856633,21215697,5733033,22731,32812255127,56575273,2851263,238247,1,0,0,0,0,15725,6359.300476947536,0,100000,153.72468,127,16175,195,336,100000
79,extend,1000,true,zipfian,EXTEND,7568982,407633979,270945934,268957012,5906036,790540,5859713,0,0,0,1382,405,1147270,1014635,7927898,21323216,5733033,22731,33209168915,57035730,2868977,238247,0,0,0,0,1,10007,999.30048965724,0,10000,969.8638,363,55007,3103,6491,10000
79,run,1000,true,uniform,READ,7716729,412664328,275547934,273557985,5906036,790540,5859713,0,0,0,1382,405,1147286,1020061,7983164,21470088,5733033,22731,33210338941,57036285,2869269,238247,1,0,0,0,0,13449,7435.49706297866,0,100000,131.00754,65,15655,212,513,100000
79,reference,1000,true,uniform,READ,23872,23878546,8201222,7997966,1119,1,0,0,0,0,1382,405,1147294,1020178,7994188,21471863,5733033,22731,33210338991,57036286,2869269,238247,1,0,0,0,0,2791,35829.45180938732,0,100000,24.48797,17,12447,50,93,100000
79,clean-run,1000,true,uniform,READ,11103,4242434,4623142,4621184,46316,1,0,0,0,0,1382,406,1152682,1020388,8028416,21494971,5750940,23079,33362635865,57281518,2952851,238247,1,0,0,0,0,11816,8463.100880162492,0,100000,114.76351,63,20271,184,457,100000
79,avg-run,1000,true,uniform,READ,21432,8757126,9726591,9722590,97316,5,0,0,0,0,1382,406,1152682,1020389,8044801,21505350,5750940,23079,33449679141,57384690,2952853,238247,1,0,0,0,0,15956,6267.234895963901,0,100000,156.0405,131,21071,194,324,100000
80,extend,1000,true,zipfian,EXTEND,7954355,414238304,277285387,275271425,6055773,800551,6008943,0,0,0,1382,407,1153629,1025351,8111131,21616724,5750940,23079,33856923065,57870816,2968271,238247,0,0,0,0,1,10282,972.5734292939117,0,10000,998.4712,364,61183,3273,6455,10000
80,run,1000,true,uniform,READ,8122417,419268844,281954052,279939052,6055773,800551,6008943,0,0,0,1382,407,1153633,1030800,8168435,21785349,5750940,23079,33857618792,57871388,2968448,238247,1,0,0,0,0,13696,7301.401869158878,0,100000,133.41299,66,15327,221,522,100000
80,reference,1000,true,uniform,READ,24244,24180709,8305359,8099210,1119,1,0,0,0,0,1382,407,1153635,1030894,8178790,21785876,5750940,23079,33857618792,57871388,2968448,238247,1,0,0,0,0,2684,37257.824143070044,0,100000,23.42481,17,10223,51,96,100000
80,clean-run,1000,true,uniform,READ,11229,4250986,4698749,4696791,46823,1,0,0,0,0,1382,408,1158928,1031153,8213106,21809321,5769869,23407,34001427684,58115985,3042517,238247,1,0,0,0,0,11943,8373.105584861425,0,100000,115.96805,64,15295,189,490,100000
80,avg-run,1000,true,uniform,READ,21676,8764970,9802198,9798197,97823,5,0,0,0,0,1382,408,1158928,1031156,8229487,21819822,5769869,23407,34089470914,58219156,3042519,238247,1,0,0,0,0,16140,6195.786864931846,0,100000,157.96204,131,16119,196,331,100000
81,extend,1000,true,zipfian,EXTEND,8354612,420847719,283684129,281645105,6204865,810562,6157546,0,0,0,1382,409,1159734,1036160,8293751,21933404,5769869,23407,34495460256,58705407,3058318,238247,0,0,0,0,1,10442,957.6709442635511,0,10000,1013.09,365,53823,3733,6655,10000
81,run,1000,true,uniform,READ,8531638,425890792,288394965,286354893,6204865,810562,6157546,0,0,0,1382,409,1159745,1041441,8350276,22110937,5769869,23407,34496084710,58705943,3058482,238247,1,0,0,0,0,13642,7330.303474563847,0,100000,132.94275,66,36223,218,522,100000
81,reference,1000,true,uniform,READ,24616,24482872,8409496,8200454,1119,1,0,0,0,0,1382,409,1159745,1041497,8360435,22111349,5769869,23407,34496084710,58705943,3058482,238247,1,0,0,0,0,2705,36968.576709796675,0,100000,23.61631,17,9743,44,88,100000
81,clean-run,1000,true,uniform,READ,11358,4259139,4740592,4738634,47312,1,0,0,0,0,1382,410,1165472,1041803,8394720,22134553,5788641,23683,34638632929,58947355,3127239,238289,1,0,0,0,0,11935,8378.718056137412,0,100000,115.88418,63,17119,186,473,100000
81,avg-run,1000,true,uniform,READ,21971,8772127,9844041,9840040,98312,5,0,0,0,0,1382,410,1165472,1041805,8402908,22145187,5788641,23683,34727676155,59050526,3127241,238289,1,0,0,0,0,14632,6834.3357025697105,0,100000,142.95216,119,15919,186,308,100000
82,extend,1000,true,zipfian,EXTEND,8752764,427460468,290129695,288065589,6354284,820573,6306470,0,0,0,1382,411,1166470,1046805,8461191,22256556,5788641,23683,35138229258,59536558,3143462,238289,0,0,0,0,1,10381,963.2983334938831,0,10000,1006.2019,366,62943,3309,6759,10000
82,run,1000,true,uniform,READ,8954582,432497792,294927681,292862069,6354284,820573,6306470,0,0,0,1382,411,1166512,1052193,8518690,22458707,5788641,23683,35139068555,59537161,3143675,238289,1,0,0,0,0,13890,7199.424046076314,0,100000,135.45865,68,15431,219,578,100000
82,reference,1000,true,uniform,READ,24988,24785035,8513633,8301698,1119,1,0,0,0,0,1382,411,1166514,1052284,8528958,22459487,5788641,23683,35139068555,59537161,3143675,238289,1,0,0,0,0,2724,36710.71953010279,0,100000,23.84801,17,9943,49,94,100000
82,clean-run,1000,true,uniform,READ,11482,4242268,4772407,4770449,47807,1,0,0,0,0,1382,412,1172552,1052568,8571206,22483591,5807651,23931,35282102374,59798536,3222586,238289,1,0,0,0,0,12099,8265.145879824779,0,100000,117.55543,63,19903,194,478,100000
82,avg-run,1000,true,uniform,READ,22237,8754404,9875856,9871855,98807,5,0,0,0,0,1382,412,1172552,1052581,8579385,22494369,5807651,23931,35372145600,59901707,3222588,238289,1,0,0,0,0,14713,6796.71039217019,0,100000,143.80787,120,16447,174,309,100000
83,extend,1000,true,zipfian,EXTEND,9212703,434121080,296676670,294585695,6505019,830595,6456729,0,0,0,1382,413,1173418,1068507,8645591,22603407,5807651,23931,35776991057,60432452,3238651,238289,0,0,0,0,1,38427,260.23368985348844,0,10000,3800.2276,368,2398207,15327,38143,10000
83,run,1000,true,uniform,READ,9385821,439199627,301530393,299438396,6505019,830595,6456729,0,0,0,1382,413,1173427,1070468,8654130,22777657,5807651,23931,35777994498,60433128,3238914,238289,1,0,0,0,0,13766,7264.27429899753,0,100000,134.12433,67,22527,216,553,100000
83,reference,1000,true,uniform,READ,25360,25087198,8617770,8402942,1119,1,0,0,0,0,1382,413,1173428,1070471,8654130,22778553,5807651,23931,35777994498,60433128,3238914,238289,1,0,0,0,0,2642,37850.11355034065,0,100000,22.85919,17,10879,47,89,100000
83,clean-run,1000,true,uniform,READ,11608,4264022,4826619,4824661,48283,1,0,0,0,0,1382,414,1175162,1070590,8662225,22802456,5826206,24075,35873589961,60541037,3239852,248030,1,0,0,0,0,12099,8265.145879824779,0,100000,117.63554,63,15591,193,485,100000
83,avg-run,1000,true,uniform,READ,22495,8775396,9930068,9926067,99283,5,0,0,0,0,1382,414,1175162,1070590,8686789,22813430,5826206,24075,35964633237,60644209,3239854,248030,1,0,0,0,0,14957,6685.832720465334,0,100000,146.15347,119,16479,189,316,100000
84,extend,1000,true,zipfian,EXTEND,9515123,440696124,303347022,301231888,6662073,840595,6613258,0,0,0,1382,415,1175902,1075790,8791233,22931998,5826206,24075,36386268429,61150203,3254160,248030,0,0,0,0,1,10684,935.9790340696369,0,10000,1037.6645,357,56639,3823,6883,10000
84,run,1000,true,uniform,READ,9831244,445807157,308235571,306118544,6662075,840606,6613260,0,0,0,1382,415,1175922,1080381,8844537,23142318,5826206,24075,36444990831,61257636,3324404,248030,1,0,0,0,0,13860,7215.007215007215,0,100000,135.16575,65,18111,216,548,100000
84,reference,1000,true,uniform,READ,25732,25389361,8721907,8504186,1119,1,0,0,0,0,1382,415,1175922,1080395,8844537,23142863,5826206,24075,36444990831,61257636,3324404,248030,1,0,0,0,0,2714,36845.98378776713,0,100000,23.66678,16,9959,50,96,100000
84,clean-run,1000,true,uniform,READ,11730,4256113,4847484,4845526,48808,1,0,0,0,0,1382,416,1178267,1080517,8852632,23167362,5845162,25715,36541665096,61366733,3325342,258106,1,0,0,0,0,12220,8183.306055646482,0,100000,118.86066,65,18399,197,467,100000
84,avg-run,1000,true,uniform,READ,22824,8766245,9950933,9946932,99808,5,0,0,0,0,1382,416,1178267,1080517,8877198,23178557,5845162,25715,36633708372,61469905,3325344,258106,1,0,0,0,0,15062,6639.224538573894,0,100000,147.18492,122,16007,188,313,100000
85,extend,1000,true,zipfian,EXTEND,9960008,447313137,310066200,307926036,6820275,850606,6770959,0,0,0,1382,417,1179752,1085817,8982991,23296286,5845162,25715,37068001522,61980373,3343795,258106,0,0,0,0,1,10904,917.094644167278,0,10000,1059.4375,370,29663,3901,7087,10000
85,run,1000,true,uniform,READ,10284179,452430292,315003521,312861464,6820277,850617,6770961,0,0,0,1382,417,1179758,1088389,9024467,23504269,5845162,25715,37126657086,62108189,3427682,258106,1,0,0,0,0,14131,7076.640011322624,0,100000,137.68426,70,21087,221,546,100000
85,reference,1000,true,uniform,READ,26104,25691524,8826044,8605430,1119,1,0,0,0,0,1382,417,1179759,1088392,9024467,23506449,5845162,25715,37126657086,62108189,3427682,258106,1,0,0,0,0,2727,36670.333700036674,0,100000,23.8234,16,10655,49,94,100000
85,clean-run,1000,true,uniform,READ,11872,4287649,4962707,4960749,49309,1,0,0,0,0,1382,418,1181403,1088510,9032553,23530867,5865021,25729,37224407155,62218438,3428620,268245,1,0,0,0,0,12527,7982.757244352199,0,100000,121.93481,66,16623,204,528,100000
85,avg-run,1000,true,uniform,READ,22966,8797781,10066156,10062155,100309,5,0,0,0,0,1382,418,1181403,1088510,9057124,23542055,5865021,25729,37317450431,62321610,3428622,268245,1,0,0,0,0,15190,6583.278472679394,0,100000,148.50979,122,16255,191,317,100000
86,extend,1000,true,zipfian,EXTEND,10414005,453891025,316763514,314598320,6971864,860617,6922072,0,0,0,1382,419,1182340,1093710,9157427,23661352,5865021,25729,37734360880,62811494,3444484,268245,0,0,0,0,1,11095,901.3068949977468,0,10000,1077.9211,365,644095,3481,6983,10000
86,run,1000,true,uniform,READ,10750752,459006672,321745579,319578492,6971866,860628,6922074,0,0,0,1382,419,1182366,1096980,9201519,23893322,5865021,25729,37792525154,62940709,3528743,268245,1,0,0,0,0,14270,7007.70847932726,0,100000,138.80846,68,19855,224,579,100000
86,reference,1000,true,uniform,READ,26476,25993687,8930181,8706674,1119,1,0,0,0,0,1382,419,1182366,1096982,9201519,23893841,5865021,25729,37792525154,62940709,3528743,268245,1,0,0,0,0,2718,36791.75864606328,0,100000,23.79644,17,11415,47,101,100000
86,clean-run,1000,true,uniform,READ,11986,4295270,4984825,4982867,49785,1,0,0,0,0,1382,420,1184005,1097113,9209609,23919459,5884625,25744,37891345180,63052029,3529681,278739,1,0,0,0,0,12410,8058.017727639,0,100000,120.71775,66,15143,198,503,100000
86,avg-run,1000,true,uniform,READ,23497,8802906,10088274,10084273,100785,5,0,0,0,0,1382,420,1184005,1097113,9234176,23931064,5884625,25744,37985388406,63155200,3529683,278739,1,0,0,0,0,15263,6551.7919150887765,0,100000,149.33479,122,16431,190,326,100000
87,extend,1000,true,zipfian,EXTEND,10882753,460481641,323539301,321349077,7126584,870628,7076291,0,0,0,1382,421,1185207,1102513,9334594,24051698,5884625,25744,38409820085,63654418,3546870,278739,0,0,0,0,1,11035,906.2075215224287,0,10000,1068.6274,373,40799,3479,7575,10000
87,run,1000,true,uniform,READ,11246631,465600421,328588236,326396119,7126586,870639,7076293,0,0,0,1382,421,1185219,1105445,9375122,24294145,5884625,25744,38466011680,63779345,3628153,278739,1,0,0,0,0,14459,6916.107614634484,0,100000,139.98641,69,20255,226,557,100000
87,reference,1000,true,uniform,READ,26848,26295850,9034318,8807918,1119,1,0,0,0,0,1382,421,1185219,1105446,9375122,24294560,5884625,25744,38466011680,63779345,3628153,278739,1,0,0,0,0,2674,37397.15781600599,0,100000,23.33057,17,9895,47,89,100000
87,clean-run,1000,true,uniform,READ,12103,4281650,5009525,5007567,50286,1,0,0,0,0,1382,422,1186748,1105567,9383219,24320243,5904622,26181,38565909511,63891801,3629091,289466,1,0,0,0,0,13250,7547.169811320755,0,100000,128.9314,66,14535,228,562,100000
87,avg-run,1000,true,uniform,READ,23614,8789286,10112974,10108973,101286,5,0,0,0,0,1382,422,1186748,1105567,9415977,24331853,5904622,26181,38660952787,63994973,3629093,289466,1,0,0,0,0,15224,6568.575932737783,0,100000,148.43111,123,15607,187,309,100000
88,extend,1000,true,zipfian,EXTEND,11377608,467072737,330376061,328160807,7280676,880639,7229922,0,0,0,1382,423,1187680,1110680,9512727,24451505,5904622,26181,39080935122,64492018,3644349,289466,0,0,0,0,1,10487,953.5615523982073,0,10000,1018.1698,365,62687,3521,7187,10000
88,run,1000,true,uniform,READ,11747315,472178404,335453932,333236785,7280678,880650,7229924,0,0,0,1382,423,1187716,1113720,9549860,24698998,5904622,26181,39138626742,64619750,3722205,289466,1,0,0,0,0,14123,7080.6485874106065,0,100000,137.74252,68,20511,216,530,100000
88,reference,1000,true,uniform,READ,27220,26598013,9138455,8909162,1119,1,0,0,0,0,1382,423,1187716,1113725,9549860,24699524,5904622,26181,39138626742,64619750,3722205,289466,1,0,0,0,0,2678,37341.29947722181,0,100000,23.29814,17,9391,48,91,100000
88,clean-run,1000,true,uniform,READ,12204,4278465,5028866,5026908,50747,1,0,0,0,0,1382,424,1189271,1113844,9557957,24725039,5923941,26194,39239591026,64733224,3723143,300719,1,0,0,0,0,12340,8103.727714748785,0,100000,120.07606,67,13887,191,483,100000
88,avg-run,1000,true,uniform,READ,23715,8786101,10132315,10128314,101747,5,0,0,0,0,1382,424,1189271,1113844,9582518,24736677,5923941,26194,39335634252,64836395,3723145,300719,1,0,0,0,0,15244,6559.958016268696,0,100000,148.9397,122,16719,178,315,100000
89,extend,1000,true,zipfian,EXTEND,11884679,473724894,337378285,335138001,7447227,890650,7395960,0,0,0,1382,425,1190464,1119253,9691532,24863033,5923941,26194,39788282954,65371014,3739857,300719,0,0,0,0,1,11105,900.4952723998199,0,10000,1079.4257,375,67647,4039,7303,10000
89,run,1000,true,uniform,READ,12273018,478837329,342522363,340280186,7447229,890661,7395962,0,0,0,1382,425,1190469,1121921,9730337,25125890,5923941,26194,39842098401,65497664,3821583,300719,1,0,0,0,0,14160,7062.146892655367,0,100000,138.17761,71,19151,216,562,100000
89,reference,1000,true,uniform,READ,27592,26900176,9242592,9010406,1119,1,0,0,0,0,1382,425,1190469,1121924,9730337,25126614,5923941,26194,39842098401,65497664,3821583,300719,1,0,0,0,0,2647,37778.617302606726,0,100000,23.07246,17,11183,44,83,100000
89,clean-run,1000,true,uniform,READ,12318,4304414,5083821,5081863,51260,1,0,0,0,0,1382,426,1191862,1122043,9738435,25152994,5944103,26625,39944139722,65612290,3822521,311914,1,0,0,0,0,12465,8022.462896109106,0,100000,121.13209,67,13831,192,493,100000
89,avg-run,1000,true,uniform,READ,25079,8804549,10187270,10183269,102260,5,0,0,0,0,1382,426,1191862,1122049,9771192,25165857,5944103,26625,40041182998,65715462,3822523,311914,1,0,0,0,0,15698,6370.238246910434,0,100000,153.55907,127,16927,195,344,100000
90,extend,1000,true,zipfian,EXTEND,12410946,480384838,344446940,342181626,7613787,900661,7562034,0,0,0,1382,427,1192939,1127365,9875192,25291858,5944103,26625,40496652273,66250245,3839333,311914,0,0,0,0,1,10896,917.7679882525697,0,10000,1057.916,364,28495,3821,7267,10000
90,run,1000,true,uniform,READ,12825086,485499845,349647714,347380507,7613789,900672,7562036,0,0,0,1382,427,1192944,1130292,9918195,25574194,5944103,26625,40556525067,66386733,3929038,311914,1,0,0,0,0,14471,6910.372469076083,0,100000,141.19937,71,17567,218,597,100000
90,reference,1000,true,uniform,READ,27964,27202339,9346729,9111650,1119,1,0,0,0,0,1382,427,1192944,1130297,9918195,25574893,5944103,26625,40556525067,66386733,3929038,311914,1,0,0,0,0,2677,37355.24841240194,0,100000,23.27943,16,10119,47,89,100000
90,clean-run,1000,true,uniform,READ,12440,4321953,5176949,5174991,51746,1,0,0,0,0,1382,428,1194399,1130430,9926288,25601755,5964836,26822,40659628431,66502460,3929976,323050,1,0,0,0,0,12757,7838.8335815630635,0,100000,124.00894,67,17647,197,515,100000
90,avg-run,1000,true,uniform,READ,25201,8822088,10280398,10276397,102746,5,0,0,0,0,1382,428,1194399,1130435,9959030,25614636,5964836,26822,40757671711,66605632,3929978,323050,1,0,0,0,0,15482,6459.113809585325,0,100000,151.23277,123,19391,184,314,100000
91,extend,1000,true,zipfian,EXTEND,12964128,487034313,351552507,349262163,7778585,910672,7726341,0,0,0,1382,429,1195538,1135696,10068374,25740375,5964836,26822,41208056098,67134967,3946577,323050,0,0,0,0,1,11034,906.289650172195,0,10000,1072.4833,367,27103,3801,7311,10000
91,run,1000,true,uniform,READ,13388491,492133946,356778417,354486180,7778587,910683,7726343,0,0,0,1382,429,1195543,1138524,10108161,26033506,5964836,26822,41263760595,67272351,4032683,323050,1,0,0,0,0,14538,6878.525244187646,0,100000,141.96771,72,17119,222,570,100000
91,reference,1000,true,uniform,READ,28336,27504502,9450866,9212894,1119,1,0,0,0,0,1382,429,1195543,1138529,10108161,26034041,5964836,26822,41263760595,67272351,4032683,323050,1,0,0,0,0,2679,37327.36095558044,0,100000,23.34311,16,12919,48,87,100000
91,clean-run,1000,true,uniform,READ,12567,4331936,5221894,5219936,52244,1,0,0,0,0,1382,430,1196806,1138665,10116255,26060549,5985568,27269,41367939780,67389203,4033621,334131,1,0,0,0,0,12584,7946.598855689765,0,100000,122.35786,66,44447,184,483,100000
91,avg-run,1000,true,uniform,READ,25327,8832072,10325343,10321342,103244,5,0,0,0,0,1382,430,1196806,1138666,10132610,26073426,5985568,27269,41467358429,67493536,4034196,334131,1,0,0,0,0,15408,6490.134994807892,0,100000,150.70666,126,16271,171,306,100000
92,extend,1000,true,zipfian,EXTEND,13534222,493672118,358669522,356353277,7941907,920694,7889140,0,0,0,1382,431,1197862,1143866,10193820,26203690,5985568,27269,41938858894,68020748,4055311,334131,0,0,0,0,1,10660,938.0863039399625,0,10000,1035.2653,373,47487,3647,7127,10000
92,run,1000,true,uniform,READ,13865733,498661110,363929679,361612412,7941907,920694,7889140,0,0,0,1382,431,1197862,1145551,10203218,26532398,5985568,27269,41939137444,68021311,4055373,334131,1,0,0,0,0,14585,6856.359273225917,0,100000,142.11483,71,19583,221,568,100000
92,reference,1000,true,uniform,READ,28708,27806665,9555003,9314138,1119,1,0,0,0,0,1382,431,1197862,1145556,10203218,26535801,5985568,27269,41939137444,68021311,4055373,334131,1,0,0,0,0,2670,37453.183520599254,0,100000,23.23996,16,9839,48,85,100000
92,clean-run,1000,true,uniform,READ,12689,4356021,5300079,5298121,52760,1,0,0,0,0,1382,432,1198553,1145689,10211314,26563103,6006317,27503,42044393186,68139328,4056311,345665,1,0,0,0,0,12888,7759.155803848541,0,100000,125.57059,68,19055,196,565,100000
92,avg-run,1000,true,uniform,READ,25450,8856156,10403528,10399527,103760,5,0,0,0,0,1382,432,1198553,1145694,10260447,26575959,6006317,27503,42144436462,68242500,4056313,345665,1,0,0,0,0,15759,6345.5803033187385,0,100000,154.19222,125,16895,195,322,100000
93,extend,1000,true,zipfian,EXTEND,14006760,500180746,365837140,363496736,8106853,930694,8053553,0,0,0,1382,433,1199443,1151031,10406400,26704153,6006317,27503,42593977149,68770756,4071190,345665,0,0,0,0,1,10927,915.1642719868216,0,10000,1061.5318,378,61375,3627,7391,10000
93,run,1000,true,uniform,READ,14298313,505167091,371205085,368863659,8106853,930694,8053553,0,0,0,1382,433,1199449,1154202,10469308,26995142,6006317,27503,42594180396,68771136,4071233,345665,1,0,0,0,0,14826,6744.907594765952,0,100000,144.83738,74,22319,222,578,100000
93,reference,1000,true,uniform,READ,29080,28108828,9659140,9415382,1119,1,0,0,0,0,1382,433,1199449,1154213,10480020,26997117,6006317,27503,42594180396,68771136,4071233,345665,1,0,0,0,0,2634,37965.072133637055,0,100000,22.9311,17,9527,48,90,100000
93,clean-run,1000,true,uniform,READ,12800,4343660,5302687,5300729,53293,1,0,0,0,0,1382,434,1201670,1154384,10522181,27023550,6027262,27667,42765748734,69147270,4241444,345686,1,0,0,0,0,13052,7661.661048115231,0,100000,127.16833,71,16623,197,533,100000
93,avg-run,1000,true,uniform,READ,25561,8843795,10406136,10402135,104293,5,0,0,0,0,1382,434,1201670,1154452,10546709,27036446,6027262,27667,42866792010,69250442,4241446,345686,1,0,0,0,0,14702,6801.795674057951,0,100000,143.64606,119,17215,161,314,100000
94,extend,1000,true,zipfian,EXTEND,14621290,506859802,373217107,370851673,8281001,940705,8227206,0,0,0,1382,435,1202779,1163988,10658155,27169391,6027262,27667,43339420468,69807023,4257156,345686,0,0,0,0,1,25442,393.0508607813851,0,10000,2505.243,369,3600383,6951,25055,10000
94,run,1000,true,uniform,READ,15080206,511943579,378599575,376232248,8281003,940716,8227208,0,0,0,1382,435,1202779,1166363,10707781,27497806,6027262,27667,43372343288,69958146,4343269,345686,1,0,0,0,0,14951,6688.515818339911,0,100000,146.16103,73,27855,230,582,100000
94,reference,1000,true,uniform,READ,29452,28410991,9763277,9516626,1119,1,0,0,0,0,1382,435,1202779,1166363,10714821,27498437,6027262,27667,43372343288,69958146,4343269,345686,1,0,0,0,0,2732,36603.22108345534,0,100000,23.78922,15,10119,51,97,100000
94,clean-run,1000,true,uniform,READ,12925,4352867,5345326,5343368,53788,1,0,0,0,0,1382,436,1205064,1167020,10772935,27526651,6049135,27772,43479755015,70078468,4344208,345686,1,0,0,0,0,13195,7578.628268283441,0,100000,128.5413,70,23663,204,527,100000
94,avg-run,1000,true,uniform,READ,25686,8853002,10448775,10444774,104788,5,0,0,0,0,1382,436,1205064,1167872,10829434,27539496,6049135,27772,43614031040,70332310,4401794,345686,1,0,0,0,0,14911,6706.458319361545,0,100000,145.76573,122,16655,168,313,100000
95,extend,1000,true,zipfian,EXTEND,15352140,513631339,380606688,378215353,8454794,950727,8400442,0,0,0,1382,437,1206145,1173573,10893364,27673500,6049135,27772,44083800756,70889463,4417430,345686,0,0,0,0,1,11589,862.8872206402623,0,10000,1127.756,374,55615,4073,7515,10000
95,run,1000,true,uniform,READ,15701632,518640574,386063458,383671100,8454794,950727,8400442,0,0,0,1382,437,1206145,1175772,10907667,28021232,6049135,27772,44084149313,70889976,4417511,345686,1,0,0,0,0,15050,6644.518272425249,0,100000,147.06177,74,18271,232,597,100000
95,reference,1000,true,uniform,READ,29824,28713154,9867414,9617870,1119,1,0,0,0,0,1382,437,1206145,1175820,10918461,28023565,6049135,27772,44084149313,70889976,4417511,345686,1,0,0,0,0,2728,36656.89149560117,0,100000,23.79388,17,9975,49,91,100000
95,clean-run,1000,true,uniform,READ,13032,4378149,5419664,5417706,54345,1,0,0,0,0,1382,438,1208842,1177038,10975884,28051824,6071038,27860,44192638549,71011525,4418449,345686,1,0,0,0,0,13228,7559.721802237677,0,100000,128.93407,71,15751,202,530,100000
95,avg-run,1000,true,uniform,READ,25793,8878284,10523113,10519112,105345,5,0,0,0,0,1382,438,1208842,1177171,11016727,28064659,6071038,27860,44334243371,71264620,4484690,345686,1,0,0,0,0,14809,6752.650415288001,0,100000,144.71291,121,17215,162,313,100000
96,extend,1000,true,zipfian,EXTEND,15962710,520311553,388041393,385624047,8625681,960738,8570826,0,0,0,1382,439,1209843,1182471,11086598,28198313,6071038,27860,44802192797,71814097,4501140,345686,0,0,0,0,1,10929,914.9967975112087,0,10000,1062.105,367,48927,3777,7335,10000
96,run,1000,true,uniform,READ,16332326,525327767,393519562,391101194,8625681,960738,8570826,0,0,0,1382,439,1209843,1185002,11105724,28566987,6071038,27860,44802384793,71814698,4501180,345686,1,0,0,0,0,15100,6622.516556291391,0,100000,147.51804,74,26975,229,623,100000
96,reference,1000,true,uniform,READ,30196,29015317,9971551,9719114,1119,1,0,0,0,0,1382,439,1209843,1185072,11115789,28569617,6071038,27860,44802384793,71814698,4501180,345686,1,0,0,0,0,2605,38387.71593090211,0,100000,22.54879,16,10911,46,86,100000
96,clean-run,1000,true,uniform,READ,13160,4379353,5427619,5425661,54848,1,0,0,0,0,1382,440,1212647,1186386,11173211,28599372,6093164,27995,44911947267,71937393,4502118,345686,1,0,0,0,0,13192,7580.351728320194,0,100000,128.59318,71,15847,206,517,100000
96,avg-run,1000,true,uniform,READ,25921,8879488,10531068,10527067,105848,5,0,0,0,0,1382,440,1212647,1186441,11214106,28612184,6093164,27995,45058972440,72187705,4570376,345686,1,0,0,0,0,14976,6677.350427350428,0,100000,146.31044,122,16895,171,311,100000
97,extend,1000,true,zipfian,EXTEND,16591223,527046038,395582313,393138955,8804207,970749,8748833,0,0,0,1382,441,1213608,1192041,11280886,28752881,6093164,27995,45544359498,72760867,4586893,345686,0,0,0,0,1,11389,878.0402142418122,0,10000,1107.9731,371,99135,4035,7415,10000
97,run,1000,true,uniform,READ,16986969,532068780,401134038,398689658,8804207,970749,8748833,0,0,0,1382,441,1213608,1194634,11306651,29148935,6093164,27995,45544577926,72761499,4586941,345686,1,0,0,0,0,15274,6547.073458164201,0,100000,149.35382,76,16847,231,621,100000
97,reference,1000,true,uniform,READ,30568,29317480,10075688,9820358,1119,1,0,0,0,0,1382,441,1213608,1194655,11316893,29149333,6093164,27995,45544577926,72761499,4586941,345686,1,0,0,0,0,2693,37133.30857779428,0,100000,23.49459,16,13999,47,98,100000
97,clean-run,1000,true,uniform,READ,13292,4402879,5540986,5539028,55367,1,0,0,0,0,1382,442,1216694,1195718,11382743,29179143,6115783,28169,45655220355,72885370,4587879,345709,1,0,0,0,0,13516,7398.63865048831,0,100000,131.74683,70,15607,202,553,100000
97,avg-run,1000,true,uniform,READ,26053,8903014,10644435,10640434,106367,5,0,0,0,0,1382,442,1216694,1195838,11407202,29191944,6115783,28169,45806376823,73141159,4662735,345709,1,0,0,0,0,15056,6641.870350690754,0,100000,147.18104,123,17807,173,325,100000
98,extend,1000,true,zipfian,EXTEND,17247883,533787882,403194397,400725029,8982744,980760,8926867,0,0,0,1382,443,1217676,1201538,11479145,29334453,6115783,28169,46294616495,73714641,4679960,345709,0,0,0,0,1,11517,868.2816705739342,0,10000,1120.0127,374,33919,4019,7547,10000
98,run,1000,true,uniform,READ,17661501,538810581,408776954,406306564,8982744,980760,8926867,0,0,0,1382,443,1217676,1205067,11513974,29746778,6115783,28169,46294833242,73715301,4680009,345709,1,0,0,0,0,15335,6521.030322791001,0,100000,149.8547,76,19743,238,608,100000
98,reference,1000,true,uniform,READ,30940,29619643,10179825,9921602,1119,1,0,0,0,0,1382,443,1217676,1205205,11524108,29748792,6115783,28169,46294833242,73715301,4680009,345709,1,0,0,0,0,2696,37091.9881305638,0,100000,23.56939,17,10055,50,93,100000
98,clean-run,1000,true,uniform,READ,13409,4412124,5555225,5553267,55870,1,0,0,0,0,1382,444,1221160,1205973,11591016,29778487,6138932,28449,46406646167,73841290,4680955,345768,1,0,0,0,0,13514,7399.733609590055,0,100000,131.77336,71,14895,206,527,100000
98,avg-run,1000,true,uniform,READ,26170,8912259,10658674,10654673,106870,5,0,0,0,0,1382,444,1221160,1206015,11607361,29791314,6138932,28449,46560006851,74097256,4755569,345768,1,0,0,0,0,15124,6612.007405448294,0,100000,147.92042,123,17295,167,316,100000
99,extend,1000,true,zipfian,EXTEND,17916713,540496500,410773906,408278527,9155253,990771,9098844,0,0,0,1382,445,1222172,1211515,11675905,29929895,6138932,28449,47037519385,74652534,4773211,345768,0,0,0,0,1,11391,877.8860503906593,0,10000,1107.5099,374,68607,3889,7575,10000
99,run,1000,true,uniform,READ,18340507,545533595,416397873,413901472,9155253,990771,9098844,0,0,0,1382,445,1222172,1213496,11686196,30355722,6138932,28449,47037728217,74653232,4773253,345768,1,0,0,0,0,15928,6278.252134605726,0,100000,155.78417,75,14847,261,647,100000
99,reference,1000,true,uniform,READ,31312,29921806,10283962,10022846,1119,1,0,0,0,0,1382,445,1222172,1213508,11696883,30356153,6138932,28449,47037728267,74653233,4773253,345768,1,0,0,0,0,2619,38182.512409316536,0,100000,22.68348,16,9639,45,94,100000
99,clean-run,1000,true,uniform,READ,13523,4425925,5648789,5646831,56402,1,0,0,0,0,1382,446,1224483,1215048,11762378,30386807,6162322,28728,47150524455,74779426,4774191,345768,1,0,0,0,0,13807,7242.702976750924,0,100000,134.58342,72,16991,219,565,100000
99,avg-run,1000,true,uniform,READ,28811,8961101,11752238,11748237,117402,5,0,0,0,0,1382,446,1224483,1215524,11802925,30402191,6162322,28728,47302849702,75050878,4835485,345768,1,0,0,0,0,16193,6175.507935527698,0,100000,158.44084,126,19167,214,382,100000
100,extend,1000,true,zipfian,EXTEND,18601108,547213059,418394481,415873091,9327619,1000782,9270722,0,0,0,1382,447,1225542,1221165,11876116,30543081,6162322,28728,47783034320,75605903,4853635,345768,0,0,0,0,1,11409,876.5010079761591,0,10000,1107.5984,373,76223,3809,7683,10000
100,run,1000,true,uniform,READ,19037065,552273383,424084391,421561979,9327619,1000782,9270722,0,0,0,1382,447,1225542,1224075,11903431,30979205,6162322,28728,47783353783,75606655,4853702,345768,1,0,0,0,0,15735,6355.258976803305,0,100000,153.85407,75,21071,249,639,100000
100,reference,1000,true,uniform,READ,31684,30223969,10388099,10124090,1119,1,0,0,0,0,1382,447,1225542,1224104,11913515,30979663,6162322,28728,47783353783,75606655,4853702,345768,1,0,0,0,0,2698,37064.49221645664,0,100000,23.55769,17,13751,50,94,100000
100,clean-run,1000,true,uniform,READ,13665,4433864,5651303,5649265,56890,17,0,0,0,0,1382,448,1228891,1225012,11979715,31010313,6185870,28979,47897229526,75733995,4854640,345768,1,0,0,0,0,13753,7271.14084199811,0,100000,134.13006,70,32079,212,549,100000
100,avg-run,1000,true,uniform,READ,28950,8969038,11754747,11750666,117890,21,0,0,0,0,1382,448,1228891,1225661,12004201,31025708,6185870,28979,48053656048,76005412,4925442,345768,1,0,0,0,0,15567,6423.8453138048435,0,100000,152.22882,128,17407,166,323,100000
