Epoch,Phase,Recordcount,Readallfields,Requestdist,Operation,blks_read,blks_hit,tup_returned,tup_fetched,tup_inserted,tup_updated,tup_deleted,deadlocks,temp_files,temp_bytes,checkpoints_timed,checkpoints_req,buffers_checkpoint,buffers_clean,buffers_backend,buffers_alloc,checkpoint_write_time,checkpoint_sync_time,wal_bytes,wal_records,wal_fpi,wal_buffers_full,Readprop,Updateprop,Scanprop,Insertprop,Extendprop,Runtime(ms),Throughput(ops/sec),Operations,AverageLatency(us),MinLatency(us),MaxLatency(us),95thPercentileLatency(us),99thPercentileLatency(us),Return=OK
0,load,10000,true,uniform,INSERT,1624,37460,2135,1177,10119,1,0,0,0,0,1495,1550,5981168,9575544,119899172,500933653,21909605,1442402,442155675759,514404809,45911820,4500128,0,0,0,1,0,3467,2884.338044418806,10000,320.9192,243,27119,663,766,10000
1,extend,10000,true,uniform,EXTEND,7341,1159740,250525,224183,18611,100012,1526,0,0,0,1495,1550,5981168,9575594,119907068,500940921,21909605,1442402,442254463351,514788357,45911823,4500128,0,0,0,0,1,59442,1682.3121698462367,100000,588.63375,258,297471,1168,7871,100000
1,run,10000,true,uniform,READ,7347,1685429,442002,402892,18611,100012,1526,0,0,0,1495,1550,5981168,9575594,119907068,500940928,21909605,1442402,442254541227,514789631,45911823,4500128,1,0,0,0,0,2816,35511.36363636364,100000,24.99447,18,9911,48,79,100000
1,reference,10000,true,uniform,READ,1523,340533,113317,101485,10119,1,0,0,0,0,1495,1550,5981168,9575594,119907068,500940928,21909605,1442402,442254541287,514789632,45911823,4500128,1,0,0,0,0,2553,39169.60438699569,100000,22.40209,17,9831,44,76,100000
1,clean-run,10000,true,uniform,READ,3372,543511,178107,168015,16722,1,0,0,4,385024,1495,1551,5990486,9575594,119908148,500945233,21909651,1442411,442281039561,514807196,45912804,4501571,1,0,0,0,0,2763,36192.54433586681,100000,24.48161,18,10215,47,79,100000
1,avg-run,10000,true,uniform,READ,6313,1274580,410524,379518,36845,5,0,0,4,385024,1495,1551,5990486,9575594,119908148,500948174,21909651,1442411,442305525587,514860380,45912808,4501571,1,0,0,0,0,2849,35100.0351000351,100000,25.30322,19,9567,47,78,100000
2,extend,10000,true,uniform,EXTEND,11801,3446001,903326,816455,57319,200012,19425,0,0,0,1495,1551,5990486,9576480,119916338,500952302,21909651,1442411,442436198308,515318249,45919540,4501571,0,0,0,0,1,33885,2951.1583296443855,100000,335.27608,260,28015,654,855,100000
2,run,10000,true,uniform,READ,11821,4600482,1303882,1195403,57319,200012,19425,0,0,0,1495,1551,5990486,9577316,119916338,500952322,21909651,1442411,442436352706,515320719,45919540,4501571,1,0,0,0,0,3291,30385.90094196293,100000,29.75792,19,10471,51,91,100000
2,reference,10000,true,uniform,READ,1532,642844,234570,202715,10119,1,0,0,0,0,1495,1551,5990486,9577721,119916338,500952373,21909651,1442411,442438657711,515348742,45919614,4501571,1,0,0,0,0,2607,38358.26620636747,100000,22.92086,17,9911,49,70,100000
2,clean-run,10000,true,uniform,READ,5261,1239411,376150,366058,36532,1,0,0,4,385024,1495,1552,6001820,9578085,119918903,500959483,21909722,1442423,442478133327,515406054,45920595,4504340,1,0,0,0,0,3161,31635.558367605187,100000,28.46054,19,9927,54,77,100000
2,avg-run,10000,true,uniform,READ,9757,3096285,932544,901538,86705,5,0,0,4,385024,1495,1552,6001820,9578086,119926758,500963971,21909722,1442423,442517175026,515520356,45920599,4504340,1,0,0,0,0,3331,30021.014710297208,100000,30.08347,24,9455,56,90,100000
3,extend,10000,true,uniform,EXTEND,17756,7304654,2024254,1854431,109872,300023,55862,0,0,0,1495,1552,6001820,9581485,119932426,500969559,21909722,1442423,442668474578,516033647,45930002,4504340,0,0,0,0,1,35171,2843.251542463962,100000,348.08522,265,30575,670,921,100000
3,run,10000,true,uniform,READ,17954,8942438,2586384,2403904,109872,300023,55862,0,0,0,1495,1552,6001820,9582315,119932426,500969843,21909722,1442423,442668608076,516035794,45930002,4504340,1,0,0,0,0,3624,27593.818984547463,100000,33.13817,21,9871,59,103,100000
3,reference,10000,true,uniform,READ,3587,943182,356707,303959,10119,1,0,0,0,0,1495,1552,6001820,9583496,119932426,500971829,21909722,1442423,442668608076,516035794,45930002,4504340,1,0,0,0,0,2495,40080.160320641284,100000,21.93296,17,9895,43,73,100000
3,clean-run,10000,true,uniform,READ,6274,1786601,531208,521116,52071,1,0,0,4,385024,1495,1553,6015295,9584333,119933773,500981344,21909778,1442445,442720389540,516124358,45930982,4508841,1,0,0,0,0,3434,29120.559114735002,100000,31.35649,21,10655,57,89,100000
3,avg-run,10000,true,uniform,READ,12407,4375754,1295986,1264980,122296,5,0,0,4,385024,1495,1553,6015295,9584333,119941228,500987475,21909778,1442445,442772595939,516280732,45930986,4508841,1,0,0,0,0,3532,28312.570781426955,100000,32.30185,26,10239,52,91,100000
4,extend,10000,true,uniform,EXTEND,57835,12367579,3492412,3251924,170422,400034,105597,0,0,0,1495,1553,6015295,9594351,119959451,501003653,21909778,1442445,442964254904,516864278,45946070,4508841,0,0,0,0,1,47873,2088.8601090384977,100000,474.45178,268,88767,1044,1968,100000
4,run,10000,true,uniform,READ,73239,14863571,4163433,3898687,170422,400034,105597,0,0,0,1495,1553,6015295,9596378,119963076,501018153,21909778,1442445,442964389546,516866440,45946070,4508841,1,0,0,0,0,4008,24950.099800399203,100000,37.05442,24,9983,60,94,100000
4,reference,10000,true,uniform,READ,5358,1243804,478844,405203,10119,1,0,0,0,0,1495,1553,6015295,9596918,119969892,501020912,21909778,1442445,442965204343,516872943,45946072,4508841,1,0,0,0,0,2523,39635.35473642489,100000,22.21363,17,10359,44,77,100000
4,clean-run,10000,true,uniform,READ,9834,2166075,639264,629172,62841,1,0,0,4,385024,1495,1554,6023928,9597587,119977943,501033085,21909817,1442479,443028583166,516983209,45947052,4514207,1,0,0,0,0,3604,27746.94783573807,100000,33.06579,23,10951,59,96,100000
4,avg-run,10000,true,uniform,READ,17365,5056931,1485986,1454980,142841,5,0,0,4,385024,1495,1554,6023928,9597587,119985672,501040677,21909817,1442479,443091916611,517160530,45947056,4514207,1,0,0,0,0,3743,26716.53753673524,100000,34.3837,28,9919,51,87,100000
5,extend,10000,true,uniform,EXTEND,154122,19310681,5188540,4855535,236591,500045,164162,0,0,0,1495,1554,6023928,9615743,120011521,501082149,21909817,1442479,443305496221,517774474,45965843,4514207,0,0,0,0,1,37816,2644.3833298074887,100000,374.64263,272,31407,709,1155,100000
5,run,10000,true,uniform,READ,181992,22096466,5934213,5578717,236591,500045,164162,0,0,0,1495,1554,6023928,9617344,120016697,501100803,21909817,1442479,443305631413,517776640,45965843,4514207,1,0,0,0,0,4316,23169.601482854494,100000,40.11079,26,11135,61,133,100000
5,reference,10000,true,uniform,READ,7082,1544473,600981,506447,10119,1,0,0,0,0,1495,1554,6023928,9617536,120016697,501102740,21909817,1442479,443305631413,517776640,45965843,4514207,1,0,0,0,0,2546,39277.29772191673,100000,22.31719,17,10279,46,81,100000
5,clean-run,10000,true,uniform,READ,9923,2435409,714848,704756,70352,1,0,0,4,385024,1495,1555,6034000,9618219,120029554,501115518,21909883,1442532,443380125064,517902130,45966823,4520294,1,0,0,0,0,3999,25006.251562890724,100000,36.89659,25,10103,65,108,100000
5,avg-run,10000,true,uniform,READ,18710,5418934,1595194,1564188,150670,5,0,0,4,385024,1495,1555,6034000,9618219,120037370,501124368,21909883,1442532,443453813620,518075502,45966826,4520294,1,0,0,0,0,3861,25900.0259000259,100000,35.64822,28,10479,54,90,100000
6,extend,10000,true,uniform,EXTEND,324113,26844051,7040947,6620466,307621,600056,229597,0,0,0,1495,1555,6034000,9638965,120100009,501223513,21909883,1442532,443684294810,518711317,45988244,4520294,0,0,0,0,1,47379,2110.6397349036492,100000,469.60355,275,201343,1018,1906,100000
6,run,10000,true,uniform,READ,468341,29733627,7841596,7398901,307621,600056,229597,0,0,0,1495,1555,6034000,9641035,120121205,501397882,21909883,1442532,443684437266,518713591,45988244,4520294,1,0,0,0,0,4797,20846.362309776945,100000,44.95358,29,10399,74,129,100000
6,reference,10000,true,uniform,READ,8806,1845142,723118,607691,10119,1,0,0,0,0,1495,1555,6034000,9641069,120121205,501401492,21909883,1442532,443685620216,518722889,45988246,4520294,1,0,0,0,0,2501,39984.00639744102,100000,22.01417,17,10063,46,74,100000
6,clean-run,10000,true,uniform,READ,11071,2839307,831812,820849,76562,1,0,0,4,385024,1495,1556,6035666,9641488,120134214,501420348,21909893,1442626,443772280987,518870619,45989228,4528309,1,0,0,0,0,4026,24838.549428713362,100000,37.24356,27,11663,64,103,100000
6,avg-run,10000,true,uniform,READ,20720,5994932,1754634,1723628,166562,5,0,0,4,385024,1495,1556,6035666,9641488,120150481,501430078,21909893,1442626,443856634364,519060945,45989230,4528309,1,0,0,0,0,4087,24467.824810374357,100000,37.89597,30,10511,67,96,100000
7,extend,10000,true,uniform,EXTEND,723005,34630340,9005987,8500219,382158,700067,299823,0,0,0,1495,1556,6035666,9665371,120258122,501644834,21909893,1442626,444104944308,519712942,46012853,4528309,0,0,0,0,1,49863,2005.495056454686,100000,494.36521,279,241279,1098,1960,100000
7,run,10000,true,uniform,READ,916121,37641899,9849824,9321507,382158,700067,299823,0,0,0,1495,1556,6035666,9666274,120273267,501830875,21909893,1442626,444106428508,519725522,46012855,4528309,1,0,0,0,0,4970,20120.72434607646,100000,46.68451,30,11303,70,150,100000
7,reference,10000,true,uniform,READ,10530,2145811,845255,708935,10119,1,0,0,0,0,1495,1556,6035666,9666282,120273267,501833713,21909893,1442626,444106428508,519725522,46012855,4528309,1,0,0,0,0,2461,40633.888663145066,100000,21.66284,17,10423,43,71,100000
7,clean-run,10000,true,uniform,READ,12936,2799487,816789,806697,80571,1,0,0,4,385024,1495,1557,6037338,9667651,120295082,501895799,21909902,1442762,444202440204,519871828,46013835,4528309,1,0,0,0,0,4215,23724.79240806643,100000,39.13042,27,10855,65,104,100000
7,avg-run,10000,true,uniform,READ,24935,6130737,1789038,1758026,170993,5,0,0,4,385024,1495,1557,6037338,9670372,120332498,501916332,21909902,1442762,444383205009,520141273,46038532,4528309,1,0,0,0,0,4171,23975.065931431312,100000,38.71403,31,10463,55,113,100000
8,extend,10000,true,uniform,EXTEND,1314672,42871858,11102978,10517291,460667,800089,374464,0,0,0,1495,1557,6037338,9698788,120459760,502167704,21909902,1442762,444556250761,520811085,46039772,4528309,0,0,0,0,1,58061,1722.3265186614078,100000,576.28599,275,221823,1219,7735,100000
8,run,10000,true,uniform,READ,1546620,45989647,11983344,11385796,460667,800089,374464,0,0,0,1495,1557,6037338,9700201,120467352,502389756,21909902,1442762,444556349145,520812674,46039772,4528309,1,0,0,0,0,5142,19447.68572539868,100000,48.4748,31,11767,69,121,100000
8,reference,10000,true,uniform,READ,12263,2446544,968276,810193,10119,1,0,0,0,0,1495,1557,6037338,9700219,120467352,502398594,21909902,1442762,444556349145,520812674,46039772,4528309,1,0,0,0,0,2484,40257.648953301126,100000,21.84459,17,9831,43,63,100000
8,clean-run,10000,true,uniform,READ,13025,2940311,856215,846123,84540,1,0,0,4,385024,1495,1558,6038273,9700557,120478566,502438692,21909908,1442859,444662944417,520966967,46040752,4538437,1,0,0,0,0,4265,23446.658851113716,100000,39.69621,28,10751,57,102,100000
8,avg-run,10000,true,uniform,READ,26040,6137542,1789023,1758017,175013,5,0,0,4,385024,1495,1558,6038273,9700557,120494712,502451699,21909908,1442859,444768408206,521160313,46040755,4538437,1,0,0,0,0,4183,23906.28735357399,100000,38.88604,31,13455,55,106,100000
9,extend,10000,true,uniform,EXTEND,1908995,50825244,13171119,12526172,540942,900089,451869,0,0,0,1495,1558,6038273,9721463,120646185,502790374,21909908,1442859,445054170580,521771630,46065635,4538437,0,0,0,0,1,42425,2357.100766057749,100000,420.54344,281,31279,757,1324,100000
9,run,10000,true,uniform,READ,2296710,54157104,14122103,13454646,541354,900100,452260,0,0,0,1495,1558,6038273,9722671,120661775,503109966,21909908,1442859,445060862441,521843901,46066889,4538437,1,0,0,0,0,5485,18231.54056517776,100000,51.80308,33,13535,70,142,100000
9,reference,10000,true,uniform,READ,13984,2747216,1090413,911437,10119,1,0,0,0,0,1495,1558,6038273,9722672,120661775,503115396,21909908,1442859,445060862441,521843901,46066889,4538437,1,0,0,0,0,2527,39572.615749901066,100000,22.30394,17,10471,43,75,100000
9,clean-run,10000,true,uniform,READ,14270,3053119,889486,879394,87843,1,0,0,4,385024,1495,1559,6039092,9722928,120678021,503165539,21909920,1443032,445178045136,522006461,46067870,4550513,1,0,0,0,0,4405,22701.475595913733,100000,41.05915,29,10951,60,110,100000
9,avg-run,10000,true,uniform,READ,29353,6785621,1974499,1943493,188365,5,0,0,4,385024,1495,1559,6039092,9722934,120694165,503180614,21909920,1443032,445295818473,522231863,46067874,4550513,1,0,0,0,0,4377,22846.69865204478,100000,40.7548,33,9943,57,110,100000
10,extend,10000,true,uniform,EXTEND,2758735,59022638,15341630,14617979,624092,1000100,532513,0,0,0,1495,1560,6039829,9745034,120869541,503605837,21909920,1443032,445634733198,522850780,46102980,4550513,0,0,0,0,1,44640,2240.1433691756274,100000,442.35076,285,95039,781,1417,100000
10,run,10000,true,uniform,READ,3221297,62324413,16306423,15560413,624513,1000111,532925,0,0,0,1495,1560,6039871,9747172,120895216,503998521,21909920,1443032,445723817060,522932310,46126397,4550513,1,0,0,0,0,5749,17394.329448599758,100000,54.54395,34,13895,79,141,100000
10,reference,10000,true,uniform,READ,15708,3047885,1212550,1012681,10119,1,0,0,0,0,1495,1560,6039871,9747172,120895216,504002528,21909920,1443032,445723817060,522932310,46126397,4550513,1,0,0,0,0,2477,40371.41703673799,100000,21.77529,17,10351,42,62,100000
10,clean-run,10000,true,uniform,READ,15994,3129994,914582,904490,90387,1,0,0,4,385024,1495,1561,6040710,9747589,120911306,504062197,21920641,1443201,445851281198,523098546,46127379,4563659,1,0,0,0,0,4492,22261.79875333927,100000,41.97897,31,11007,65,107,100000
10,avg-run,10000,true,uniform,READ,30946,6666979,1937039,1906033,190399,5,0,0,4,385024,1495,1561,6040710,9747589,120919382,504077141,21920641,1443201,445977742392,523319028,46127383,4563659,1,0,0,0,0,4394,22758.30678197542,100000,41.02386,33,11223,61,101,100000
11,extend,10000,true,uniform,EXTEND,3805522,67371846,17578062,16776027,710550,1100122,615873,0,0,0,1495,1562,6041417,9771550,121120316,504557074,21920641,1443201,446458034362,524023657,46194882,4563659,0,0,0,0,1,49024,2039.817232375979,100000,486.00593,285,292607,1037,1699,100000
11,run,10000,true,uniform,READ,4236865,70560413,18543439,17719878,710550,1100122,615873,0,0,0,1495,1562,6041417,9772491,121135355,504976230,21920641,1443201,446458544801,524030403,46194923,4563659,1,0,0,0,0,5817,17190.9919202338,100000,55.17111,35,11775,66,131,100000
11,reference,10000,true,uniform,READ,17432,3348554,1334687,1113925,10119,1,0,0,0,0,1495,1562,6041417,9772491,121135355,504981893,21920641,1443201,446458544851,524030404,46194923,4563659,1,0,0,0,0,2517,39729.83710766786,100000,22.1834,17,10407,44,69,100000
11,clean-run,10000,true,uniform,READ,20232,3198344,943570,933478,93261,1,0,0,4,385024,1495,1563,6042244,9774421,121151441,505048968,21938724,1443373,446596424065,524202533,46195905,4577970,1,0,0,0,0,4547,21992.522542335606,100000,42.52784,32,11055,54,109,100000
11,avg-run,10000,true,uniform,READ,49388,6790653,1983572,1952566,193713,5,0,0,4,385024,1495,1563,6042244,9777095,121180212,505077848,21938724,1443373,446734167725,524429925,46195909,4577970,1,0,0,0,0,4528,22084.805653710246,100000,42.31148,34,12487,55,115,100000
12,extend,10000,true,uniform,EXTEND,4873563,75650715,19849158,18970931,801276,1200133,702465,0,0,0,1495,1564,6042691,9802895,121395465,505603976,21938724,1443373,447253321448,525151665,46266090,4577970,0,0,0,0,1,51961,1924.520313311907,100000,515.25774,288,77951,1132,1886,100000
12,run,10000,true,uniform,READ,5361886,78868737,20856117,19956528,801276,1200133,702465,0,0,0,1495,1564,6042691,9803739,121409854,506081092,21938724,1443373,447255431483,525171356,46266210,4577970,1,0,0,0,0,6139,16289.297931259163,100000,58.33674,37,31279,77,164,100000
12,reference,10000,true,uniform,READ,19156,3649223,1456824,1215169,10119,1,0,0,0,0,1495,1564,6042691,9803739,121409854,506084325,21938724,1443373,447255431483,525171356,46266210,4577970,1,0,0,0,0,2505,39920.159680638724,100000,22.02518,17,10951,42,71,100000
12,clean-run,10000,true,uniform,READ,40690,3331092,995120,984157,97878,1,0,0,4,385024,1495,1565,6043545,9806982,121440296,506176371,21971211,1446103,447405874310,525370145,46267194,4591236,1,0,0,0,0,4780,20920.50209205021,100000,44.82989,33,10647,62,118,100000
12,avg-run,10000,true,uniform,READ,69718,6840021,2018354,1987348,197878,5,0,0,4,385024,1495,1565,6043545,9809538,121469763,506205347,21971211,1446103,447551717847,525580500,46267196,4591236,1,0,0,0,0,4597,21753.317380900586,100000,43.00272,35,11663,61,108,100000
13,extend,10000,true,uniform,EXTEND,6056174,84015648,22211409,21258781,897669,1300144,793603,0,0,0,1495,1566,6043809,9847533,121693038,506779676,21971211,1446103,448096754849,526335689,46341269,4591236,0,0,0,0,1,77915,1283.4499133671309,100000,774.25951,288,276223,1505,8147,100000
13,run,10000,true,uniform,READ,6573701,87283804,23268855,22295997,897669,1300144,793603,0,0,0,1495,1566,6043809,9850579,121722210,507281581,21971211,1446103,448096819893,526336791,46341269,4591236,1,0,0,0,0,6356,15733.165512901196,100000,60.48203,37,11391,73,153,100000
13,reference,10000,true,uniform,READ,20889,3949956,1579845,1316427,10119,1,0,0,0,0,1495,1566,6043809,9851015,121728645,507291703,21971211,1446103,448096819893,526336791,46341269,4591236,1,0,0,0,0,2496,40064.10256410256,100000,21.91325,17,10031,43,61,100000
13,clean-run,10000,true,uniform,READ,59385,3341551,1039389,1029297,102906,1,0,0,4,385024,1495,1567,6049534,9854400,121777094,507407088,22040662,1446293,448306076689,526622426,46356386,4591254,1,0,0,0,0,4924,20308.692120227457,100000,46.26997,34,12767,65,131,100000
13,avg-run,10000,true,uniform,READ,133992,6818414,2061816,2030810,202919,5,0,0,4,385024,1495,1567,6049534,9857049,121815243,507481605,22040662,1446293,448462073406,526835176,46356389,4591254,1,0,0,0,0,4713,21217.90791427965,100000,44.17953,35,11071,61,111,100000
14,extend,10000,true,uniform,EXTEND,7317481,92642781,24696805,23671422,1001917,1400166,891485,0,0,0,1495,1568,6050076,9890650,122020921,508050972,22040662,1446293,448955879940,527598122,46416553,4591254,0,0,0,0,1,69516,1438.5177513090512,100000,690.04942,290,348927,1365,8139,100000
14,run,10000,true,uniform,READ,7854546,95957685,25819195,24782584,1001917,1400166,891485,0,0,0,1495,1568,6050076,9891447,122030657,508574638,22040662,1446293,448956024628,527600438,46416553,4591254,1,0,0,0,0,6348,15752.99306868305,100000,60.497,38,11639,72,164,100000
14,reference,10000,true,uniform,READ,22610,4250628,1701982,1417671,10119,1,0,0,0,0,1495,1568,6050076,9891447,122030657,508588418,22040662,1446293,448956024628,527600438,46416553,4591254,1,0,0,0,0,2473,40436.71653861707,100000,21.74402,17,10111,43,64,100000
14,clean-run,10000,true,uniform,READ,79329,3406074,1107905,1096945,109578,1,0,0,4,385024,1495,1569,6050982,9894050,122069768,508727913,22099143,1446347,449126154651,527805079,46417535,4608487,1,0,0,0,0,5127,19504.583577140627,100000,48.22715,36,10583,64,132,100000
14,avg-run,10000,true,uniform,READ,165109,6867591,2129268,2098265,209578,5,0,0,4,385024,1495,1569,6050982,9896759,122108482,508812155,22099143,1446347,449291998210,528015435,46417537,4608487,1,0,0,0,0,4999,20004.000800160033,100000,47.00503,37,12615,61,127,100000
15,extend,10000,true,uniform,EXTEND,8601302,101244557,27317912,26240425,1113001,1500177,995222,0,0,0,1495,1570,6051576,9933994,122386190,509437987,22099143,1446347,449866632983,528809752,46489839,4608487,0,0,0,0,1,77728,1286.5376698229725,100000,771.44537,291,189183,1522,8171,100000
15,run,10000,true,uniform,READ,9235631,104648641,28517673,27418299,1113464,1500188,995683,0,0,0,1495,1570,6051576,9934822,122398877,509992574,22099143,1446347,449874186355,528893354,46490230,4608487,1,0,0,0,0,6542,15285.84530724549,100000,62.45082,39,11975,76,170,100000
15,reference,10000,true,uniform,READ,24367,4551337,1825003,1518929,10119,1,0,0,0,0,1495,1570,6051576,9934824,122398877,510005102,22099143,1446347,449874186355,528893354,46490230,4608487,1,0,0,0,0,2517,39729.83710766786,100000,22.12133,17,9943,44,64,100000
15,clean-run,10000,true,uniform,READ,99530,3454311,1181949,1171857,117120,1,0,0,4,385024,1495,1571,6052533,9937895,122445072,510166699,22177040,1446558,450055338406,529113112,46491212,4627454,1,0,0,0,0,5402,18511.662347278787,100000,51.00607,37,11479,65,131,100000
15,avg-run,10000,true,uniform,READ,256118,6890482,2207289,2176283,217597,5,0,0,4,385024,1495,1571,6052533,9940684,122492342,510321033,22177040,1446558,450232913740,529336837,46491216,4627454,1,0,0,0,0,5069,19727.756954034325,100000,47.71148,36,12863,64,129,100000
16,extend,10000,true,uniform,EXTEND,10022672,109984242,30107837,28956601,1233328,1600199,1107253,0,0,0,1495,1572,6053046,9974575,122738471,510973997,22177040,1446558,450819887720,530183686,46559867,4627454,0,0,0,0,1,69618,1436.4101238185526,100000,691.18761,292,363519,1439,8223,100000
16,run,10000,true,uniform,READ,10634577,113299525,31386867,30214493,1233328,1600199,1107253,0,0,0,1495,1572,6053046,9975510,122748677,511566963,22177040,1446558,450820052930,530186358,46559867,4627454,1,0,0,0,0,6734,14850.01485001485,100000,64.39365,40,13991,77,161,100000
16,reference,10000,true,uniform,READ,26091,4852006,1947140,1620173,10119,1,0,0,0,0,1495,1572,6053046,9976013,122755628,511577849,22177040,1446558,450820052930,530186358,46559867,4627454,1,0,0,0,0,2519,39698.292973402145,100000,22.23748,17,10551,44,67,100000
16,clean-run,10000,true,uniform,READ,124088,3482305,1266351,1256259,125524,1,0,0,4,385024,1495,1573,6056831,9979368,122827588,511768390,22247661,1446671,451012352840,530423200,46560850,4627454,1,0,0,0,0,6040,16556.29139072848,100000,57.41643,38,11847,74,147,100000
16,avg-run,10000,true,uniform,READ,278806,6905400,2291181,2260175,226008,5,0,0,4,385024,1495,1573,6056831,9982043,122907441,511919919,22247661,1446671,451336148049,530747531,46594359,4627454,1,0,0,0,0,5318,18804.0616773223,100000,50.2197,39,12215,68,132,100000
17,extend,10000,true,uniform,EXTEND,11529165,118742101,33083427,31859258,1363328,1700221,1228207,0,0,0,1495,1574,6057214,10016243,123152698,512595168,22247661,1446671,451805825318,531608059,46641248,4627454,0,0,0,0,1,71573,1397.1749123272743,100000,710.43132,295,163839,1409,8255,100000
17,run,10000,true,uniform,READ,12156441,122067724,34451917,33216628,1363328,1700221,1228207,0,0,0,1495,1574,6057214,10017157,123162371,513218312,22247661,1446671,451806015070,531611168,46641248,4627454,1,0,0,0,0,6859,14579.384749963552,100000,65.62116,40,11959,78,165,100000
17,reference,10000,true,uniform,READ,27848,5152715,2070161,1721431,10119,1,0,0,0,0,1495,1574,6057214,10017157,123162371,513223351,22247661,1446671,451806015070,531611168,46641248,4627454,1,0,0,0,0,2443,40933.27875562833,100000,21.47269,16,9959,44,65,100000
17,clean-run,10000,true,uniform,READ,150194,3499441,1357422,1346462,134594,1,0,0,4,385024,1495,1575,6058252,10021433,123231877,513444778,22328630,1453134,452009522747,531866230,46642230,4639376,1,0,0,0,0,6391,15647.003598810828,100000,60.92511,39,11431,78,157,100000
17,avg-run,10000,true,uniform,READ,302458,6908114,2378785,2347782,234594,5,0,0,4,385024,1495,1575,6058252,10024090,123327530,513597041,22328630,1453134,452347630946,532177693,46677882,4639384,1,0,0,0,0,5431,18412.815319462345,100000,51.33357,39,10751,62,140,100000
18,extend,10000,true,uniform,EXTEND,13078983,127561286,36259161,34981271,1502876,1800243,1358428,0,0,0,1495,1576,6058490,10059811,123568566,514294201,22328630,1453134,452814636783,533080664,46721172,4639384,0,0,0,0,1,75517,1324.2051458611968,100000,749.49898,298,485119,1436,8071,100000
18,run,10000,true,uniform,READ,13738335,130874852,37721588,36432443,1502876,1800243,1358428,0,0,0,1495,1576,6058534,10060710,123577018,514944947,22328630,1453134,452814787785,533083120,46721172,4639384,1,0,0,0,0,7024,14236.902050113895,100000,67.30215,42,13087,79,170,100000
18,reference,10000,true,uniform,READ,29605,5453424,2193182,1822689,10119,1,0,0,0,0,1495,1576,6058534,10060710,123577018,514955087,22328630,1453134,452814787835,533083121,46721172,4639384,1,0,0,0,0,2484,40257.648953301126,100000,21.83126,17,9575,43,73,100000
18,clean-run,10000,true,uniform,READ,172180,3520067,1449266,1439174,143890,1,0,0,4,385024,1495,1577,6059556,10062670,123625083,515198160,22413354,1453141,453029538969,533356877,46722154,4662261,1,0,0,0,0,6528,15318.627450980392,100000,62.27989,40,11119,77,152,100000
18,avg-run,10000,true,uniform,READ,304415,7302438,2573041,2541955,253897,21,0,0,4,385024,1495,1577,6059556,10065086,123679168,515332753,22413354,1453141,453236841949,533587305,46722156,4662261,1,0,0,0,0,6247,16007.683688170322,100000,59.52455,46,13295,70,150,100000
19,extend,10000,true,uniform,EXTEND,14644883,136268150,39640881,38309002,1651313,1900254,1497322,0,0,0,1495,1578,6059999,10101805,124008722,516085858,22413354,1453141,453833544294,534520138,46792761,4662261,0,0,0,0,1,77043,1297.9764547071115,100000,764.9037,300,202239,1513,8191,100000
19,run,10000,true,uniform,READ,15424200,139635705,41202294,39858178,1651788,1900265,1497798,0,0,0,1495,1578,6060074,10102641,124019374,516781936,22413354,1453141,453842443511,534623673,46793189,4662261,1,0,0,0,0,7134,14017.381553125877,100000,68.38224,43,24159,79,161,100000
19,reference,10000,true,uniform,READ,31362,5754133,2316203,1923947,10119,1,0,0,0,0,1495,1578,6060103,10102642,124019374,516790905,22413354,1453141,453842443511,534623673,46793189,4662261,1,0,0,0,0,2517,39729.83710766786,100000,22.18134,17,10159,43,74,100000
19,clean-run,10000,true,uniform,READ,197615,3540091,1543734,1533642,153335,1,0,0,4,385024,1495,1579,6061092,10104494,124074999,517065025,22497065,1453400,454068461587,534916506,46794171,4686767,1,0,0,0,0,6803,14699.397324709687,100000,65.05494,41,11919,79,164,100000
19,avg-run,10000,true,uniform,READ,442935,8513893,3666162,3635156,363348,5,0,0,4,385024,1495,1579,6061092,10106752,124138672,517311381,22497065,1453400,454299235646,535349851,46794174,4686767,1,0,0,0,0,6740,14836.79525222552,100000,64.4548,49,11295,79,161,100000
20,extend,10000,true,uniform,EXTEND,16392552,145080252,43234095,41847425,1809422,2000276,1646344,0,0,0,1495,1580,6061575,10143646,124465316,518117574,22565807,1453734,454923894649,536332332,46861720,4686767,0,0,0,0,1,78192,1278.90321260487,100000,776.21379,302,367871,1535,8139,100000
20,run,10000,true,uniform,READ,17143732,148349490,44883031,43475216,1809422,2000276,1646344,0,0,0,1495,1580,6061575,10146889,124503365,518860385,22565807,1453734,454924033377,536334578,46861720,4686767,1,0,0,0,0,8241,12134.449702705982,100000,79.28339,43,12255,95,176,100000
20,reference,10000,true,uniform,READ,33119,6054842,2439224,2025205,10119,1,0,0,0,0,1495,1580,6061575,10147093,124510917,518862304,22565807,1453734,454930707318,536439466,46861819,4686767,1,0,0,0,0,2499,40016.006402561026,100000,21.99528,17,11071,45,76,100000
20,clean-run,10000,true,uniform,READ,222896,4466772,1634320,1624228,162362,1,0,0,4,385024,1495,1581,6064542,10149583,124572971,519166274,22565822,1453970,455167942284,536750555,46862801,4711900,1,0,0,0,0,7111,14062.71972999578,100000,68.12208,44,11423,80,167,100000
20,avg-run,10000,true,uniform,READ,472994,9453066,3757829,3726823,372627,5,0,0,4,385024,1495,1581,6064542,10151968,124643571,519411319,22565822,1453970,455409660514,537191365,46862805,4711900,1,0,0,0,0,5915,16906.170752324597,100000,56.22306,44,12823,66,139,100000
21,extend,10000,true,uniform,EXTEND,18232974,153917721,47023373,45561393,1975652,2100298,1804124,0,0,0,1495,1583,6065286,10177052,124952496,520250253,22606904,1454238,456045529652,538172956,46931755,4711900,0,0,0,0,1,51933,1925.5579304103364,100000,515.0608,300,446207,929,1679,100000
21,run,10000,true,uniform,READ,19007907,157202687,48759140,47275883,1975652,2100298,1804124,0,0,0,1495,1583,6065321,10178043,124971342,521012761,22606904,1454238,456058689286,538210340,46934303,4711900,1,0,0,0,0,8898,11238.480557428637,100000,86.03853,50,11959,106,193,100000
21,reference,10000,true,uniform,READ,34843,6355511,2561361,2126449,10119,1,0,0,0,0,1495,1583,6065321,10178043,124971342,521017675,22606904,1454238,456058689286,538210340,46934303,4711900,1,0,0,0,0,2515,39761.431411530815,100000,22.1184,17,11199,44,74,100000
21,clean-run,10000,true,uniform,READ,247612,4498315,1719963,1709003,170849,1,0,0,4,385024,1495,1584,6066441,10179842,125027604,521348158,22619961,1454388,456307062641,538538636,46935285,4737145,1,0,0,0,0,7198,13892.747985551541,100000,69.04874,44,11767,83,169,100000
21,avg-run,10000,true,uniform,READ,493640,9465801,3841326,3810323,380849,5,0,0,4,385024,1495,1584,6066441,10182117,125098550,521594231,22619961,1454388,456557666320,538969294,46935287,4737145,1,0,0,0,0,7328,13646.288209606986,100000,70.32086,56,11255,83,160,100000
22,extend,10000,true,uniform,EXTEND,20054080,162691789,50994585,49459911,2148805,2200309,1969591,0,0,0,1495,1586,6067468,10219183,125485872,522456332,22687810,1454736,457231852366,539997386,47016262,4737145,0,0,0,0,1,79648,1255.5243069505825,100000,790.6843,304,648703,1540,8099,100000
22,run,10000,true,uniform,READ,20940612,166082043,52808421,51261749,2148912,2200320,1969738,0,0,0,1495,1586,6067468,10220099,125497735,523252283,22687810,1454736,457318426675,540109060,47031503,4737145,1,0,0,0,0,9106,10981.770261366133,100000,88.09696,52,14127,106,199,100000
22,reference,10000,true,uniform,READ,36600,6656220,2684382,2227707,10119,1,0,0,0,0,1495,1586,6067468,10220099,125497735,523257745,22687810,1454736,457318426725,540109061,47031503,4737145,1,0,0,0,0,2484,40257.648953301126,100000,21.86065,17,10055,43,74,100000
22,clean-run,10000,true,uniform,READ,265821,4551024,1796264,1786172,178524,1,0,0,4,385024,1495,1587,6068614,10223758,125576149,523610886,22703704,1455030,457577834074,540452748,47032485,4764894,1,0,0,0,0,7196,13896.609227348526,100000,69.00555,46,13071,83,168,100000
22,avg-run,10000,true,uniform,READ,523169,9552323,3919145,3888139,388625,5,0,0,4,385024,1495,1587,6068614,10226267,125639593,523857317,22703704,1455030,457839893685,540904778,47032490,4764894,1,0,0,0,0,6955,14378.145219266715,100000,66.60379,52,12103,79,156,100000
23,extend,10000,true,uniform,EXTEND,22044627,171633565,55130517,53542593,2328514,2300342,2142469,0,0,0,1495,1589,6069406,10260034,125986837,524754487,22775043,1455490,458701813287,541992696,47150314,4764894,0,0,0,0,1,92726,1078.446174751418,100000,922.62831,304,1167359,1574,8091,100000
23,run,10000,true,uniform,READ,22891481,174938719,57012587,55403693,2328514,2300342,2142469,0,0,0,1495,1589,6069406,10260946,125996045,525583213,22775043,1455490,458702128497,541995862,47150372,4764894,1,0,0,0,0,8813,11346.873936230568,100000,85.17564,52,13303,101,195,100000
23,reference,10000,true,uniform,READ,38357,6956929,2807403,2328965,10119,1,0,0,0,0,1495,1589,6069406,10260947,125996045,525594856,22775043,1455490,458702128497,541995862,47150372,4764894,1,0,0,0,0,2507,39888.31272437176,100000,22.05937,17,10495,44,73,100000
23,clean-run,10000,true,uniform,READ,288592,4609187,1866125,1855165,185443,1,0,0,4,385024,1495,1590,6070585,10263335,126059857,525974300,22801459,1458537,458972463378,542353377,47151354,4790523,1,0,0,0,0,7520,13297.872340425532,100000,72.26016,51,11615,87,160,100000
23,avg-run,10000,true,uniform,READ,534413,9576266,3987488,3956485,395443,5,0,0,4,385024,1495,1591,6070725,10265740,126135387,526220500,22801459,1458537,459254888036,542795422,47155770,4790523,1,0,0,0,0,7581,13190.871916633689,100000,72.8499,58,12063,88,172,100000
24,extend,10000,true,uniform,EXTEND,23954468,180420383,59411599,57753123,2513367,2400353,2321526,0,0,0,1495,1592,6071071,10305165,126469028,527167565,22870700,1458950,459996219305,543754961,47239768,4790523,0,0,0,0,1,82894,1206.35992954858,100000,823.16882,316,311807,1538,8179,100000
24,run,10000,true,uniform,READ,24978850,183847922,61352058,59671808,2513409,2400364,2321583,0,0,0,1495,1592,6071071,10306889,126501207,528049499,22870700,1458950,460168552510,543917032,47294791,4790523,1,0,0,0,0,9477,10551.862403714256,100000,91.82412,58,11423,107,198,100000
24,reference,10000,true,uniform,READ,40114,7257638,2930424,2430223,10119,1,0,0,0,0,1495,1592,6071071,10306889,126501207,528057194,22870700,1458950,460168552510,543917032,47294791,4790523,1,0,0,0,0,2490,40160.642570281125,100000,21.91269,17,10807,42,62,100000
24,clean-run,10000,true,uniform,READ,306168,4684564,1924722,1914630,191352,1,0,0,4,385024,1495,1593,6072244,10312357,126594184,528455572,22900477,1464103,460449689131,544286326,47295773,4815122,1,0,0,0,0,7810,12804.097311139565,100000,75.1019,54,11535,89,175,100000
24,avg-run,10000,true,uniform,READ,570103,9702907,4047333,4016327,401393,5,0,0,4,385024,1495,1594,6072476,10314829,126665759,528705838,22900477,1464103,460732714311,544750883,47295850,4815122,1,0,0,0,0,7132,14021.312394840157,100000,68.37903,54,11295,80,162,100000
25,extend,10000,true,uniform,EXTEND,26232954,189506409,63816932,62086741,2702903,2500386,2506003,0,0,0,1495,1595,6072874,10361597,127025845,529704358,22970331,1464479,461676936738,545889652,47444493,4815122,0,0,0,0,1,102395,976.6101860442404,100000,1017.45613,307,280063,1805,8583,100000
25,run,10000,true,uniform,READ,27182502,192859714,65807215,64056160,2702903,2500386,2506003,0,0,0,1495,1595,6072874,10362504,127034227,530636780,22970331,1464479,461677061988,545891700,47444493,4815122,1,0,0,0,0,9617,10398.253093480294,100000,93.21872,59,11807,108,204,100000
25,reference,10000,true,uniform,READ,41871,7558347,3053445,2531481,10119,1,0,0,0,0,1495,1595,6072874,10362504,127034227,530648022,22970331,1464479,461677061988,545891700,47444493,4815122,1,0,0,0,0,2495,40080.160320641284,100000,21.94669,17,9863,44,71,100000
25,clean-run,10000,true,uniform,READ,326142,4756179,1975935,1965843,196502,1,0,0,4,385024,1495,1596,6074033,10366639,127121149,531073483,23019633,1464524,461968897377,546271193,47445475,4845177,1,0,0,0,0,6693,14940.983116689078,100000,64.02637,46,11831,82,175,100000
25,avg-run,10000,true,uniform,READ,587786,9767564,4098499,4067493,406531,5,0,0,4,385024,1495,1597,6074260,10369265,127201458,531321531,23019633,1464524,462270540946,546741817,47449715,4845177,1,0,0,0,0,7573,13204.80654958405,100000,72.77065,60,11671,82,177,100000
26,extend,10000,true,uniform,EXTEND,28480171,198586272,68326826,66526081,2896267,2600408,2695111,0,0,0,1495,1598,6074572,10416692,127558715,532363959,23086480,1464912,463222031268,547876181,47601589,4845177,0,0,0,0,1,99211,1007.9527471752124,100000,985.73877,319,226047,1721,8431,100000
26,run,10000,true,uniform,READ,29458494,201987194,70359187,68547666,2896267,2600408,2695111,0,0,0,1495,1598,6074572,10418059,127571608,533328841,23086480,1464912,463222185876,547878571,47601591,4845177,1,0,0,0,0,10551,9477.774618519572,100000,102.47527,63,136703,114,221,100000
26,reference,10000,true,uniform,READ,43628,7859056,3176466,2632739,10119,1,0,0,0,0,1495,1598,6074572,10418228,127572046,533341209,23086480,1464912,463222919805,547889035,47601625,4845177,1,0,0,0,0,2521,39666.79888932963,100000,22.10974,17,10279,43,77,100000
26,clean-run,10000,true,uniform,READ,344815,4816645,2019701,2009609,200872,1,0,0,4,385024,1495,1599,6077106,10421996,127658833,533790069,23137456,1464937,463525348783,548277168,47602607,4876772,1,0,0,0,0,7244,13804.527885146328,100000,69.48978,45,11943,87,188,100000
26,avg-run,10000,true,uniform,READ,667193,10069846,4142240,4111234,410895,5,0,0,4,385024,1495,1600,6077721,10424507,127735208,534100466,23137456,1464937,463827613453,548730154,47602661,4876772,1,0,0,0,0,7764,12879.958784131892,100000,74.70522,58,11687,87,177,100000
27,extend,10000,true,uniform,EXTEND,30810618,207786526,72927339,71070591,3092996,2700441,2888028,0,0,0,1495,1601,6078373,10468678,128122929,535190301,23253947,1467951,464825192665,549880191,47753919,4876772,0,0,0,0,1,119572,836.3161944267889,100000,1190.03606,312,2191359,1769,8775,100000
27,run,10000,true,uniform,READ,31835158,211202839,74997833,73130204,3092996,2700441,2888028,0,0,0,1495,1601,6078373,10469661,128130421,536208865,23253947,1467951,464825332075,549882542,47753919,4876772,1,0,0,0,0,9962,10038.14495081309,100000,96.64228,63,12007,113,212,100000
27,reference,10000,true,uniform,READ,45418,8159805,3300371,2734011,10119,1,0,0,0,0,1495,1601,6078373,10469661,128130421,536215310,23253947,1467951,464825332075,549882542,47753919,4876772,1,0,0,0,0,2491,40144.520272982736,100000,21.88886,16,10487,44,67,100000
27,clean-run,10000,true,uniform,READ,364263,4862671,2059071,2048984,204807,1,0,0,0,0,1495,1602,6079272,10473580,128220823,536690116,23253953,1468005,465138290494,550278376,47754901,4908394,1,0,0,0,0,8028,12456.402590931739,100000,77.35186,57,11735,92,184,100000
27,avg-run,10000,true,uniform,READ,693718,10073912,4181584,4150583,414824,5,0,0,0,0,1495,1603,6080215,10475954,128300426,537007585,23253953,1468005,465450425057,550729737,47754949,4908394,1,0,0,0,0,7858,12725.884448969204,100000,75.60882,61,11751,85,165,100000
28,extend,10000,true,uniform,EXTEND,33194492,217027450,77606731,75701926,3293011,2800452,3084695,0,0,0,1495,1604,6081608,10521309,128785720,538113501,23332273,1479180,466393361846,551868682,47897709,4908394,0,0,0,0,1,102706,973.6529511420949,100000,1021.25266,327,617471,1657,8359,100000
28,run,10000,true,uniform,READ,34374338,220588231,79712067,77785972,3293013,2800463,3084699,0,0,0,1495,1604,6081608,10522276,128800946,539147635,23332273,1479180,466442662900,552029828,47916986,4908394,1,0,0,0,0,10173,9829.942003342181,100000,98.76015,66,11759,117,220,100000
28,reference,10000,true,uniform,READ,47175,8460514,3423392,2835269,10119,1,0,0,0,0,1495,1604,6081608,10522276,128800946,539149380,23332273,1479180,466442662900,552029828,47916986,4908394,1,0,0,0,0,2474,40420.37186742118,100000,21.76498,17,9991,43,64,100000
28,clean-run,10000,true,uniform,READ,383010,4896273,2092821,2082734,208225,1,0,0,0,0,1495,1605,6082649,10527141,128903143,539641319,23332280,1479337,466766075833,552432240,47917968,4942731,1,0,0,0,0,8220,12165.450121654501,100000,79.27014,59,12071,96,183,100000
28,avg-run,10000,true,uniform,READ,719071,10123463,4215302,4184301,418238,5,0,0,0,0,1495,1606,6083488,10529830,128985816,539960984,23332280,1479337,467094617664,552904006,47922209,4942731,1,0,0,0,0,7980,12531.328320802006,100000,76.83723,61,12167,87,177,100000
29,extend,10000,true,uniform,EXTEND,35782011,226460369,82360170,80387667,3496027,2900485,3284602,0,0,0,1495,1607,6084242,10577064,129357138,541100629,23426635,1483898,468066013870,554043598,48064994,4942731,0,0,0,0,1,107390,931.1853990129434,100000,1067.64014,328,415231,1698,8567,100000
29,run,10000,true,uniform,READ,36851742,229911784,84495300,82512453,3496027,2900485,3284602,0,0,0,1495,1607,6084242,10579486,129403426,542166391,23426635,1483898,468066150726,554045898,48064994,4942731,1,0,0,0,0,10282,9725.734292939116,100000,99.86632,65,11895,120,210,100000
29,reference,10000,true,uniform,READ,48951,8761277,3547297,2936541,10119,1,0,0,0,0,1495,1607,6084242,10579559,129411380,542168185,23426635,1483898,468066150726,554045898,48064994,4942731,1,0,0,0,0,2541,39354.58480913026,100000,22.355,17,10511,44,78,100000
29,clean-run,10000,true,uniform,READ,401325,4912413,2124509,2114422,211371,1,0,0,0,0,1495,1608,6086240,10583230,129538722,542679061,23426646,1484108,468399981168,554454443,48065976,4942731,1,0,0,0,0,8451,11832.919181161993,100000,81.55044,59,12311,97,190,100000
29,avg-run,10000,true,uniform,READ,805171,9793908,4246990,4215989,421384,5,0,0,0,0,1495,1609,6086954,10586405,129679597,543080157,23426646,1484108,468904683970,555073226,48129237,4942731,1,0,0,0,0,8201,12193.634922570418,100000,79.00515,62,12271,93,194,100000
30,extend,10000,true,uniform,EXTEND,38361343,235949168,87178822,85150667,3702098,3000507,3487475,0,0,0,1495,1611,6087742,10630816,130074870,544221864,23517250,1493786,469795628004,556161659,48251403,4942731,0,0,0,0,1,99106,1009.0206445623877,100000,985.17729,320,619007,1648,8703,100000
30,run,10000,true,uniform,READ,39435510,239412383,89345370,87306860,3702098,3000507,3487475,0,0,0,1495,1611,6087744,10633622,130123949,545292349,23517250,1493786,469797435618,556163087,48251763,4942731,1,0,0,0,0,10673,9369.4368968425,100000,103.70493,67,13191,124,230,100000
30,reference,10000,true,uniform,READ,50705,9061989,3670318,3037799,10119,1,0,0,0,0,1495,1611,6087744,10633693,130130840,545297394,23517250,1493786,469959040350,556308539,48300547,4942731,1,0,0,0,0,2507,39888.31272437176,100000,22.00863,17,9567,43,65,100000
30,clean-run,10000,true,uniform,READ,415627,4920123,2157981,2147026,214589,1,0,0,0,0,1495,1612,6089189,10635359,130219723,545824380,23534962,1514673,470307742528,556731998,48305654,4953068,1,0,0,0,0,8564,11676.786548341895,100000,82.69212,61,12207,98,183,100000
30,avg-run,10000,true,uniform,READ,812899,9783014,4279343,4248345,424589,5,0,0,0,0,1495,1613,6089680,10637867,130321335,546223802,23534962,1514673,470648565492,557162657,48305697,4953068,1,0,0,0,0,8296,12054.00192864031,100000,80.00769,63,11335,96,184,100000
31,extend,10000,true,uniform,EXTEND,41015877,245478128,92069921,89994538,3911683,3100551,3693656,0,0,0,1495,1615,6090695,10685813,130713502,547400352,23611849,1521813,471696367326,558337413,48459323,4953068,0,0,0,0,1,106828,936.0841726888082,100000,1062.35572,326,486911,1750,8671,100000
31,run,10000,true,uniform,READ,42126953,248946604,94270724,92184402,3911683,3100551,3693656,0,0,0,1495,1615,6090695,10687003,130722777,548507834,23611849,1521813,471700490415,558340159,48460224,4953068,1,0,0,0,0,10805,9254.974548819991,100000,105.12087,68,11679,123,221,100000
31,reference,10000,true,uniform,READ,52495,9362738,3794223,3139071,10119,1,0,0,0,0,1495,1615,6090695,10687006,130722777,548513917,23611849,1521813,471700490415,558340159,48460224,4953068,1,0,0,0,0,2489,40176.77782241864,100000,21.94663,17,10199,44,70,100000
31,clean-run,10000,true,uniform,READ,430765,4927117,2191062,2180975,218004,1,0,0,0,0,1495,1616,6091623,10688987,130811629,549061552,23633177,1521885,472055250415,558762194,48461210,4991774,1,0,0,0,0,8752,11425.959780621572,100000,84.58233,61,12207,99,190,100000
31,avg-run,10000,true,uniform,READ,833904,9802712,4313543,4282542,428017,5,0,0,0,0,1495,1617,6092656,10691562,130917762,549458976,23633177,1521885,472406607580,559201766,48461255,4991774,1,0,0,0,0,8211,12178.784557301182,100000,79.15203,64,14519,95,183,100000
32,extend,10000,true,uniform,EXTEND,43597810,254858743,97036012,94915075,4125585,3200562,3903660,0,0,0,1495,1619,6093584,10734315,131431183,550668195,23687016,1529506,473579284903,560385676,48651201,4991774,0,0,0,0,1,95353,1048.7347015825408,100000,947.98558,333,755711,1597,8495,100000
32,run,10000,true,uniform,READ,44855585,258461149,99277197,97145192,4125587,3200573,3903662,0,0,0,1495,1619,6093584,10735919,131465956,551777633,23687016,1529506,473717606676,560557042,48698708,4991774,1,0,0,0,0,11226,8907.892392659896,100000,109.27668,69,13135,129,236,100000
32,reference,10000,true,uniform,READ,54252,9663447,3917244,3240329,10119,1,0,0,0,0,1495,1619,6093584,10735919,131465956,551782635,23687016,1529506,473717606676,560557042,48698708,4991774,1,0,0,0,0,2464,40584.41558441558,100000,21.64235,17,10159,41,71,100000
32,clean-run,10000,true,uniform,READ,441380,4932126,2230218,2220131,221905,1,0,0,0,0,1495,1620,6094749,10740292,131584733,552338152,23721850,1529512,474082883011,560987266,48699690,5030213,1,0,0,0,0,7499,13335.111348179757,100000,72.06151,51,13479,92,197,100000
32,avg-run,10000,true,uniform,READ,862650,9841388,4352699,4321698,431918,5,0,0,0,0,1495,1621,6095041,10743045,131693098,552741805,23721850,1529512,474449606316,561461330,48703948,5030213,1,0,0,0,0,8111,12328.936012822094,100000,78.15354,61,12351,94,187,100000
33,extend,10000,true,uniform,EXTEND,46375298,264402850,102092739,99926264,4344149,3300595,4117877,0,0,0,1495,1623,6095817,10792837,132132944,553964461,23802046,1530327,475770523009,562694281,48919408,5030213,0,0,0,0,1,107768,927.9192339098805,100000,1071.06841,323,319999,1806,8615,100000
33,run,10000,true,uniform,READ,47515575,267848864,104377677,102200234,4344151,3300606,4117879,0,0,0,1495,1623,6095817,10794263,132145587,555092360,23802046,1530327,475771630227,562704559,48919697,5030213,1,0,0,0,0,11436,8744.316194473593,100000,111.39572,70,12127,129,236,100000
33,reference,10000,true,uniform,READ,56009,9964156,4040265,3341587,10119,1,0,0,0,0,1495,1623,6095817,10794264,132145587,555094201,23802046,1530327,475771630227,562704559,48919697,5030213,1,0,0,0,0,2475,40404.0404040404,100000,21.75152,17,9991,42,72,100000
33,clean-run,10000,true,uniform,READ,455302,4938662,2273448,2263361,226257,1,0,0,0,0,1495,1624,6096990,10799813,132271282,555665822,23848817,1530410,476147508775,563143909,48920679,5069808,1,0,0,0,0,9286,10768.899418479432,100000,89.82379,63,12287,107,211,100000
33,avg-run,10000,true,uniform,READ,878085,9853678,4395929,4364928,436270,5,0,0,0,0,1495,1625,6098996,10802419,132372235,556066912,23848817,1530410,476520585929,563613100,48920719,5069808,1,0,0,0,0,8203,12190.661952944045,100000,79.05158,64,11951,91,181,100000
34,extend,10000,true,uniform,EXTEND,49045763,273803453,107248110,105026474,4567606,3400628,4336276,0,0,0,1495,1627,6099751,10844865,132811420,557299000,23926374,1548821,477732522847,564850768,49117073,5069808,0,0,0,0,1,119712,835.3381448810478,100000,1191.73894,331,2568191,1660,8575,100000
34,run,10000,true,uniform,READ,50219952,277262515,109581863,107350095,4567606,3400628,4336276,0,0,0,1495,1627,6099751,10846279,132822059,558471021,23926374,1548821,477733180299,564854397,49117187,5069808,1,0,0,0,0,11798,8476.012883539583,100000,115.01529,71,12383,132,240,100000
34,reference,10000,true,uniform,READ,57799,10264905,4164170,3442859,10119,1,0,0,0,0,1495,1627,6099751,10846281,132822059,558476080,23926374,1548821,477733180299,564854397,49117187,5069808,1,0,0,0,0,2500,40000.0,100000,21.98111,17,9927,43,71,100000
34,clean-run,10000,true,uniform,READ,468329,4947153,2324340,2314253,231317,1,0,0,0,0,1495,1628,6100699,10848997,132926397,559067372,23958282,1548912,478119744130,565304087,49118169,5110524,1,0,0,0,0,9465,10565.240359218173,100000,91.72367,63,12199,106,200,100000
34,avg-run,10000,true,uniform,READ,875697,9828008,4446821,4415820,441330,5,0,0,0,0,1495,1629,6102125,10851850,133058862,559463991,23958282,1548912,478501341722,565748511,49118204,5110524,1,0,0,0,0,8535,11716.461628588166,100000,82.30936,65,11527,96,190,100000
35,extend,10000,true,uniform,EXTEND,51819804,283257247,112516288,110250361,4797206,3500650,4560288,0,0,0,1495,1631,6103993,10907176,133491117,560753862,24020454,1550929,479824475377,567025535,49348246,5110524,0,0,0,0,1,116984,854.8177528550913,100000,1163.52022,344,381695,1968,8791,100000
35,run,10000,true,uniform,READ,53040320,286698973,114906073,112620098,4797206,3500650,4560288,0,0,0,1495,1631,6104312,10909999,133540617,561966458,24077988,1550958,479824697902,567027673,49348273,5110524,1,0,0,0,0,12284,8140.670791273201,100000,119.86963,74,12479,141,246,100000
35,reference,10000,true,uniform,READ,59589,10565654,4288075,3544131,10119,1,0,0,0,0,1495,1631,6104312,10910089,133548570,561968333,24077988,1550958,479824697902,567027673,49348273,5110524,1,0,0,0,0,2532,39494.47077409163,100000,22.36744,17,10383,44,73,100000
35,clean-run,10000,true,uniform,READ,484847,4957779,2380209,2370122,236905,1,0,0,0,0,1495,1632,6105959,10913401,133699930,562583107,24077998,1551059,480222006556,567488569,49349255,5112355,1,0,0,0,0,9871,10130.68584743187,100000,95.74471,65,12143,113,214,100000
35,avg-run,10000,true,uniform,READ,890416,9834639,4502690,4471689,446918,5,0,0,0,0,1495,1633,6107015,10920988,133846389,562982087,24098564,1557221,480926689595,568170492,49461810,5112410,1,0,0,0,0,10633,9404.683532399134,100000,103.32474,64,411135,95,205,100000
36,extend,10000,true,uniform,EXTEND,54869084,292870566,117911667,115580836,5033092,3600683,4790104,0,0,0,1495,1636,6108360,10968818,134301570,564308711,24172734,1562236,482217721214,569446762,49663074,5112410,0,0,0,0,1,106377,940.0528309691005,100000,1057.93292,333,439551,1751,8719,100000
36,run,10000,true,uniform,READ,56127082,296315657,120363717,118011982,5033094,3600694,4790106,0,0,0,1495,1636,6108360,10970294,134314611,565548707,24172734,1562236,482222789832,569457203,49665574,5112410,1,0,0,0,0,12723,7859.781498074353,100000,124.2243,74,587775,135,227,100000
36,reference,10000,true,uniform,READ,61355,10866427,4411980,3645403,10119,1,0,0,0,0,1495,1636,6108360,10970294,134314611,565551829,24172734,1562236,482222864729,569457230,49665585,5112410,1,0,0,0,0,2464,40584.41558441558,100000,21.67866,17,10367,43,60,100000
36,clean-run,10000,true,uniform,READ,500342,4975780,2440904,2430818,242949,1,0,0,0,0,1495,1637,6109142,10974452,134434102,566184367,24201560,1562298,482630946776,569930155,49666570,5156327,1,0,0,0,0,9922,10078.613182826042,99989,96.24916740841492,65,14599,110,213,99989,11
36,avg-run,10000,true,uniform,READ,916118,9873092,4563383,4532385,452962,5,0,0,0,0,1495,1638,6112151,10977150,134538450,566581705,24201560,1562298,483033150354,570387030,49666597,5156327,1,0,0,0,0,8736,11446.886446886447,100000,84.45298,69,12767,100,191,100000
37,extend,10000,true,uniform,EXTEND,57819855,302347792,123442965,121047509,5275856,3700712,5026450,0,0,0,1495,1641,6113503,11027762,135029796,567949519,24323152,1570523,484500105678,571714720,49910292,5156327,0,0,0,0,1,134810,741.7847340701728,99996,1341.0624424977,357,5779455,2041,8615,99996,4
37,run,10000,true,uniform,READ,59089510,305788045,125958418,123552049,5275858,3700723,5026452,0,0,0,1495,1641,6113503,11029465,135043129,569206451,24323152,1570523,484507163110,571725579,49913694,5156327,1,0,0,0,0,12793,7816.774798718049,99997,124.94986849605488,75,86463,139,259,99997,3
37,reference,10000,true,uniform,READ,63118,11167203,4535885,3746675,10119,1,0,0,0,0,1495,1641,6113503,11029466,135043129,569208328,24323152,1570523,484507163110,571725579,49913694,5156327,1,0,0,0,0,2472,40453.074433656955,100000,21.77397,17,9751,44,68,100000
37,clean-run,10000,true,uniform,READ,515362,5000611,2505631,2495545,249393,1,0,0,0,0,1495,1642,6114351,11034298,135170257,569854319,24345384,1570550,484926104278,572211670,49914676,5201890,1,0,0,0,0,10169,9833.80863408398,99990,98.6959195919592,67,12207,115,219,99990,10
37,avg-run,10000,true,uniform,READ,935804,9904699,4628110,4597112,459406,5,0,0,0,0,1495,1643,6116625,11037283,135275395,570250629,24345384,1570550,485338641044,572674270,49914703,5201890,1,0,0,0,0,8907,11227.124733355788,100000,86.11877,70,12991,100,194,100000
38,extend,10000,true,uniform,EXTEND,60789571,311844623,129115292,126665624,5524934,3800739,5269018,0,0,0,1495,1645,6118356,11085174,135747189,571618058,24434821,1582842,486677991174,574019565,50150805,5201890,0,0,0,0,1,108432,922.2369780138705,99994,1078.186371182271,336,1162239,1750,8575,99994,6
38,run,10000,true,uniform,READ,62080360,315289332,131695140,129235396,5524934,3800739,5269018,0,0,0,1495,1645,6118356,11086550,135754781,572897285,24434821,1582842,486678287300,574022956,50150829,5201890,1,0,0,0,0,12724,7859.163784973279,99990,124.27397739773977,75,13607,139,245,99990,10
38,reference,10000,true,uniform,READ,64872,11467915,4658906,3847933,10119,1,0,0,0,0,1495,1645,6118356,11086550,135754781,572913350,24434821,1582842,486678287300,574022956,50150829,5201890,1,0,0,0,0,2477,40371.41703673799,100000,21.8318,17,11367,44,74,100000
38,clean-run,10000,true,uniform,READ,530530,5031200,2570169,2559215,255903,1,0,0,0,0,1495,1646,6118620,11088383,135864147,573576121,24434825,1582923,487108095275,574522089,50151811,5247810,1,0,0,0,0,10194,9809.691975671964,99990,98.99134913491349,70,12679,111,219,99990,10
38,avg-run,10000,true,uniform,READ,927671,9893938,4691529,4660534,465903,5,0,0,0,0,1495,1647,6120036,11091193,135996519,573978112,24434825,1582923,487528711055,574952747,50151836,5247810,1,0,0,0,0,9082,11010.790574763269,100000,87.84289,70,12487,102,203,100000
39,extend,10000,true,uniform,EXTEND,63829827,321369837,134930195,132436479,5780611,3900751,5518261,0,0,0,1495,1650,6121736,11146399,136469872,575377272,24553014,1584265,489029729133,576330230,50417143,5247810,0,0,0,0,1,117885,848.2843449124147,99990,1172.2239523952396,350,272127,1942,8791,99990,10
39,run,10000,true,uniform,READ,65163164,324794067,137574707,135060968,5780611,3900751,5518261,0,0,0,1495,1650,6121736,11149280,136528188,576695479,24553014,1584265,489033154243,576333868,50417953,5247810,1,0,0,0,0,13024,7678.132678132678,99993,127.17553228726011,72,12751,148,263,99993,7
39,reference,10000,true,uniform,READ,66662,11768664,4782811,3949205,10119,1,0,0,0,0,1495,1650,6121736,11149351,136538358,576704218,24553014,1584265,489033154243,576333868,50417953,5247810,1,0,0,0,0,2503,39952.05753096285,100000,22.03202,17,10055,43,69,100000
39,clean-run,10000,true,uniform,READ,547164,5060323,2634715,2624629,262337,1,0,0,0,0,1495,1651,6123032,11153302,136699629,577393348,24573952,1584358,489473816553,576845880,50418935,5247810,1,0,0,0,0,10740,9310.986964618249,99986,104.30971335987039,68,70911,125,248,99986,14
39,avg-run,10000,true,uniform,READ,1193041,10317168,5757194,5726196,572350,5,0,0,0,0,1495,1653,6123194,11159416,136888467,578028391,24580567,1602373,489921489513,577499912,50422545,5247810,1,0,0,0,0,16328,6124.448799608035,100000,160.22496,74,3880959,109,202,100000
40,extend,10000,true,uniform,EXTEND,67153603,331099121,140888269,138328893,6042468,4000785,5773751,0,0,0,1495,1655,6124225,11210109,137369384,579467162,24651943,1615036,491628361948,579111273,50774029,5247810,0,0,0,0,1,120024,833.1666999933346,99990,1193.9708470847086,358,1413119,1768,8567,99990,10
40,run,10000,true,uniform,READ,68513237,334544950,143595831,141025980,6042468,4000785,5773751,0,0,0,1495,1655,6124225,11211574,137380071,580825454,24651943,1615036,491630242865,579115369,50774438,5247810,1,0,0,0,0,12917,7741.735697143299,99990,126.2010501050105,83,12951,145,259,99990,10
40,reference,10000,true,uniform,READ,68452,12069413,4906716,4050477,10119,1,0,0,0,0,1495,1655,6124225,11211575,137380071,580830262,24651943,1615036,491630242865,579115369,50774438,5247810,1,0,0,0,0,2453,40766.40847941297,100000,21.50783,17,9959,44,62,100000
40,clean-run,10000,true,uniform,READ,561590,5094213,2698009,2687923,268704,1,0,0,0,0,1495,1656,6124960,11215255,137508091,581535416,24691976,1615216,492081740460,579639848,50775420,5296357,1,0,0,0,0,10516,9509.319132750095,99990,102.23599359935993,69,12935,117,217,99990,10
40,avg-run,10000,true,uniform,READ,1210081,10361116,5820488,5789490,578717,5,0,0,0,0,1495,1657,6127444,11218315,137657203,582168645,24691976,1615216,492536971736,580292993,50775445,5296357,1,0,0,0,0,10919,9158.347834050737,100000,106.28722,88,12495,116,212,100000
41,extend,10000,true,uniform,EXTEND,70333176,340664471,146982178,144377988,6310312,4100800,6035549,0,0,0,1495,1660,6129193,11267151,138149589,583641852,24780488,1618488,494160371826,581699327,51041169,5296357,0,0,0,0,1,111261,898.7875356144561,99993,1106.442650985569,359,450815,1742,8551,99993,7
41,run,10000,true,uniform,READ,71736374,344087343,149751352,147137132,6310312,4100800,6035549,0,0,0,1495,1660,6129193,11269838,138189948,585041391,24780488,1618488,494162117699,581703762,51041564,5296357,1,0,0,0,0,13260,7541.478129713424,99993,129.64052483673856,86,12975,148,250,99993,7
41,reference,10000,true,uniform,READ,70218,12370186,5030621,4151749,10119,1,0,0,0,0,1495,1660,6129193,11269886,138199365,585043255,24780488,1618488,494162117699,581703762,51041564,5296357,1,0,0,0,0,2545,39292.73084479371,100000,22.43049,17,9847,45,74,100000
41,clean-run,10000,true,uniform,READ,582820,5120425,2760491,2749457,274750,1,0,0,0,0,1495,1662,6130848,11272536,138370268,585773629,24821236,1622204,494624432337,582240359,51042548,5296357,1,0,0,0,0,10887,9185.266832001469,99990,105.85269526952695,77,13351,120,213,99990,10
41,avg-run,10000,true,uniform,READ,1216816,10356509,5881851,5850776,584750,5,0,0,0,0,1495,1663,6131109,11276338,138570245,586405849,24829153,1623035,495088260865,582871293,51042554,5296357,1,0,0,0,0,11393,8777.319406653209,100000,110.93045,91,12775,127,217,100000
42,extend,10000,true,uniform,EXTEND,73793316,350438719,153211624,150552341,6583971,4200834,6303317,0,0,0,1495,1665,6132252,11342084,139063043,587912345,24919975,1626939,496862941349,584550572,51405357,5296357,0,0,0,0,1,140989,709.2751916816205,99990,1402.3860686068606,359,774655,2451,9015,99990,10
42,run,10000,true,uniform,READ,75208271,353874130,156038450,153367274,6583971,4200834,6303317,0,0,0,1495,1665,6132354,11343546,139072903,589323021,24919975,1626939,496863615000,584554900,51405466,5296357,1,0,0,0,0,13307,7514.841812579845,99996,130.08163326533062,85,14759,147,241,99996,4
42,reference,10000,true,uniform,READ,72005,12670938,5154526,4253021,10119,1,0,0,0,0,1495,1665,6132374,11343547,139072903,589327181,24919975,1626939,496863615000,584554900,51405466,5296357,1,0,0,0,0,2520,39682.53968253968,100000,22.23029,17,9695,44,70,100000
42,clean-run,10000,true,uniform,READ,601583,5147231,2818115,2808029,280641,1,0,0,0,0,1495,1666,6132777,11347593,139208643,590073945,24978864,1626997,497336705293,585103559,51406448,5347486,1,0,0,0,0,10844,9221.689413500553,99988,105.48503820458455,77,12279,120,222,99988,12
42,avg-run,10000,true,uniform,READ,1252827,10417398,5940594,5909596,590654,5,0,0,0,0,1495,1667,6134639,11351033,139346529,590706857,24978864,1626997,497812108426,585759950,51406466,5347486,1,0,0,0,0,11201,8927.774305865547,100000,109.05124,89,13015,121,227,100000
43,extend,10000,true,uniform,EXTEND,77104260,360057651,159565840,156858037,6862678,4300857,6576536,0,0,0,1495,1670,6136490,11412459,139858400,592247054,25121218,1628147,499468238574,587230297,51670522,5347486,0,0,0,0,1,166319,601.2542162951918,99990,1656.7455745574557,372,1809407,2881,8871,99990,10
43,run,10000,true,uniform,READ,78550878,363479816,162448289,159730430,6862678,4300857,6576536,0,0,0,1495,1670,6136490,11413950,139869331,593682246,25121218,1628147,499469203738,587234626,51670704,5347486,1,0,0,0,0,13807,7242.702976750924,99991,135.0650258523267,89,41631,153,271,99991,9
43,reference,10000,true,uniform,READ,73795,12971687,5278431,4354293,10119,1,0,0,0,0,1495,1670,6136490,11413950,139869331,593694683,25121218,1628147,499469203738,587234626,51670704,5347486,1,0,0,0,0,2492,40128.41091492777,100000,21.99643,17,10367,43,65,100000
43,clean-run,10000,true,uniform,READ,624731,5169730,2873106,2862152,286129,1,0,0,0,0,1495,1671,6136949,11415792,139998676,594472082,25168447,1628170,499953008853,587794000,51671686,5400903,1,0,0,0,0,11089,9017.945711966813,99986,107.91176764747064,80,12815,122,225,99986,14
43,avg-run,10000,true,uniform,READ,1256117,10408675,5994466,5963471,596129,5,0,0,0,0,1495,1673,6138508,11419300,140196013,595098781,25175170,1628748,500436853867,588424936,51671697,5400903,1,0,0,0,0,11430,8748.906386701663,100000,111.23139,91,13135,126,221,100000
44,extend,10000,true,uniform,EXTEND,80479178,369659142,166038326,163286549,7146638,4400868,6855470,0,0,0,1495,1675,6140335,11479206,140777260,596643351,25302959,1630910,502087655143,589954988,51974591,5400903,0,0,0,0,1,138803,720.4455235117397,99989,1380.7424316674835,364,630783,2169,8975,99989,11
44,run,10000,true,uniform,READ,81926644,373063386,168970578,166198780,7146638,4400868,6855470,0,0,0,1495,1676,6140537,11482188,140843491,598083977,25302959,1630910,502088393988,589957303,51974742,5400903,1,0,0,0,0,13826,7232.749891508752,99993,135.18845319172343,86,13215,157,262,99993,7
44,reference,10000,true,uniform,READ,75585,13272436,5402336,4455565,10119,1,0,0,0,0,1495,1676,6140568,11482218,140854250,598087203,25302959,1630910,502088393988,589957303,51974742,5400903,1,0,0,0,0,2550,39215.686274509804,100000,22.50874,16,10047,44,78,100000
44,clean-run,10000,true,uniform,READ,643370,5192947,2922515,2912429,291155,1,0,0,0,0,1495,1677,6141593,11486024,141008836,598880533,25316093,1631376,502899560099,590790951,52097708,5401026,1,0,0,0,0,11375,8791.208791208792,99993,110.78178472493074,82,13167,127,235,99993,7
44,avg-run,10000,true,uniform,READ,1294673,10461103,6044994,6013996,601168,5,0,0,0,0,1495,1678,6142138,11489135,141149336,599512168,25326822,1631848,503394840873,591446136,52097716,5401026,1,0,0,0,0,11342,8816.787162757892,100000,110.39086,92,12991,122,220,100000
45,extend,10000,true,uniform,EXTEND,83906617,379293937,172621340,169804708,7435016,4500905,7139041,0,0,0,1495,1681,6143367,11535981,141684007,601096228,25420741,1643703,504803957615,592725985,52278923,5401026,0,0,0,0,1,119788,834.8081610845827,99988,1192.3721046525584,354,1905663,1911,8623,99988,12
45,run,10000,true,uniform,READ,85583531,382863465,175603004,172774464,7435018,4500916,7139043,0,0,0,1495,1681,6143367,11538006,141714816,602557456,25420741,1643703,505100498912,592917884,52369985,5401026,1,0,0,0,0,13884,7202.535292422933,99985,135.85212781917286,90,15599,153,286,99985,15
45,reference,10000,true,uniform,READ,77375,13573185,5526241,4556837,10119,1,0,0,0,0,1495,1681,6143367,11538006,141714816,602567795,25420741,1643703,505100498912,592917884,52369985,5401026,1,0,0,0,0,2489,40176.77782241864,100000,21.90559,17,11887,44,69,100000
45,clean-run,10000,true,uniform,READ,662652,5213831,2971025,2960939,295955,1,0,0,0,0,1495,1682,6144097,11542907,141869463,603385613,25420747,1643823,505605609837,593496936,52370967,5454059,1,0,0,0,0,11294,8854.258898530194,99997,109.97504925147754,79,14383,125,226,99997,3
45,avg-run,10000,true,uniform,READ,1320728,10493248,6093504,6062506,605968,5,0,0,0,0,1495,1683,6145620,11545822,142010071,604016127,25420747,1643823,506114254260,594168002,52374412,5454059,1,0,0,0,0,11512,8686.587908269632,100000,112.0763,93,13935,124,242,100000
46,extend,10000,true,uniform,EXTEND,87402166,388906087,179307058,176443619,7727414,4600922,7427024,0,0,0,1495,1687,6147072,11599217,142620855,605657199,25526113,1650717,507615234244,595467091,52567745,5454059,0,0,0,0,1,116057,861.6455707109437,99984,1154.3745499279885,371,189439,1881,8743,99984,16
46,run,10000,true,uniform,READ,89153059,392462462,182332888,179448557,7727416,4600933,7427026,0,0,0,1495,1687,6147072,11600770,142643006,607155003,25526113,1650717,508078714153,595743069,52737802,5454059,1,0,0,0,0,14108,7088.176920895946,99993,138.04842338963726,92,12871,159,294,99993,7
46,reference,10000,true,uniform,READ,79165,13873934,5650146,4658109,10119,1,0,0,0,0,1495,1687,6147072,11600772,142643006,607157726,25526113,1650717,508078714153,595743069,52737802,5454059,1,0,0,0,0,2520,39682.53968253968,100000,22.2068,17,11399,43,73,100000
46,clean-run,10000,true,uniform,READ,680621,5232697,3014443,3004357,300370,1,0,0,0,0,1495,1688,6147846,11605259,142794491,607995303,25548123,1651075,508594426661,596331238,52738784,5509180,1,0,0,0,0,11421,8755.800717975659,99983,111.25621355630457,80,12479,128,222,99983,17
46,avg-run,10000,true,uniform,READ,1336958,10507880,6136922,6105924,610383,5,0,0,0,0,1495,1689,6148785,11608634,142933766,608629457,25560183,1651547,509113082711,597000242,52742737,5509180,1,0,0,0,0,11747,8512.811781731505,100000,114.49317,95,13447,128,248,100000
47,extend,10000,true,uniform,EXTEND,90988270,398477522,186087464,183160120,8024081,4700934,7719458,0,0,0,1495,1693,6150161,11657191,143476008,610289968,25636070,1665994,510631003010,598304405,52943463,5509180,0,0,0,0,1,107437,930.7780373614304,99990,1068.2118611861185,370,710655,1717,8455,99990,10
47,run,10000,true,uniform,READ,92542500,401858858,189155658,186207423,8024083,4700945,7719460,0,0,0,1495,1693,6150255,11659968,143534419,611824243,25636070,1665994,510643288481,598315087,52949626,5509180,1,0,0,0,0,14403,6942.997986530584,99991,141.01291116200457,91,98879,166,299,99991,9
47,reference,10000,true,uniform,READ,80931,14174707,5774051,4759381,10119,1,0,0,0,0,1495,1693,6150255,11660007,143543506,611828673,25636070,1665994,510643343710,598315121,52949635,5509180,1,0,0,0,0,2525,39603.960396039605,100000,22.19489,17,9743,44,74,100000
47,clean-run,10000,true,uniform,READ,704346,5246911,3057012,3046059,304570,1,0,0,0,0,1495,1695,6151922,11664218,143722191,612694324,25654668,1672199,511730540718,599230561,53153186,5510184,1,0,0,0,0,13099,7634.1705473700285,99977,127.96808265901157,86,334079,139,254,99977,23
47,avg-run,10000,true,uniform,READ,1377559,10528775,6179450,6147587,614583,5,0,0,0,0,1495,1696,6151999,11677177,143886782,613326717,25719116,1672259,512257102374,599903607,53153247,5510184,1,0,0,0,0,11756,8506.294658046954,100000,114.59556,95,13335,130,235,100000
48,extend,10000,true,uniform,EXTEND,94913855,408327600,192963171,189970032,8324718,4800960,8016014,0,0,0,1495,1699,6154142,11719799,144414071,614984981,25800925,1678242,514078603944,601407603,53494708,5510184,0,0,0,0,1,94992,1052.720229071922,99982,944.3083755075913,368,331007,1583,8535,99982,18
48,run,10000,true,uniform,READ,96453692,411720882,196070367,193067112,8324718,4800960,8016014,0,0,0,1495,1699,6154142,11721413,144425419,616511653,25800925,1678242,514081753124,601412405,53495426,5510184,1,0,0,0,0,14789,6761.78240584218,99976,144.93115347683445,93,66943,160,281,99976,24
48,reference,10000,true,uniform,READ,82718,14475459,5897956,4860653,10119,1,0,0,0,0,1495,1699,6154142,11721413,144425419,616525623,25800925,1678242,514081753124,601412405,53495426,5510184,1,0,0,0,0,2477,40371.41703673799,100000,21.7813,17,9767,43,64,100000
48,clean-run,10000,true,uniform,READ,720549,5264192,3097362,3087277,308684,1,0,0,0,0,1495,1700,6154461,11726345,144584544,617408234,25829893,1678265,514618521151,602017224,53496408,5565390,1,0,0,0,0,11826,8455.94452900389,99980,115.30348069613923,84,13551,131,244,99980,20
48,avg-run,10000,true,uniform,READ,1379728,10543005,6219839,6188844,618697,5,0,0,0,0,1495,1702,6154950,11729821,144750190,618041917,25836211,1678608,515154257647,602681699,53496417,5565390,1,0,0,0,0,12178,8211.528986697323,100000,118.76616,97,13687,139,240,100000
49,extend,10000,true,uniform,EXTEND,98549102,418004769,199924518,196887290,8629341,4900962,8316702,0,0,0,1495,1705,6156998,11789860,145360370,619702149,25944501,1683748,516961598915,604270950,53824270,5565390,0,0,0,0,1,134693,742.4290794621844,99980,1340.347399479896,375,314623,2155,8951,99980,20
49,run,10000,true,uniform,READ,100124552,421392582,203070872,200023182,8629341,4900962,8316702,0,0,0,1495,1705,6156998,11793131,145419792,621274100,25944501,1683748,516965660497,604274664,53825214,5565390,1,0,0,0,0,14751,6779.201410073893,99977,144.52373045800533,97,13759,163,287,99977,23
49,reference,10000,true,uniform,READ,84519,14776271,6021901,4961965,10119,1,0,0,0,0,1495,1705,6156998,11793266,145430570,621279523,25944501,1683748,516965660547,604274665,53825214,5565390,1,0,0,0,0,2548,39246.46781789639,100000,22.46402,17,10191,45,74,100000
49,clean-run,10000,true,uniform,READ,739605,5281496,3137075,3126990,312619,1,0,0,0,0,1495,1707,6158812,11797117,145624391,622183993,25969269,1684028,517513621078,604887364,53826307,5565390,1,0,0,0,0,12558,7963.051441312311,99975,122.54295573893474,88,182783,141,255,99975,25
49,avg-run,10000,true,uniform,READ,1474841,10737112,6259552,6228557,622632,5,0,0,0,0,1495,1708,6158911,11806463,145807570,622904615,25993324,1689413,518470871217,605830790,53984864,5565390,1,0,0,0,0,12198,8198.065256599442,100000,118.88081,98,13071,132,236,100000
50,extend,10000,true,uniform,EXTEND,102306522,427716726,206974383,203891503,8938332,5000979,8621476,0,0,0,1495,1711,6159975,11861186,146336758,624632862,26110118,1691336,520099949318,607183535,54197288,5565390,0,0,0,0,1,128985,775.283947745862,99984,1282.8826012161946,373,2205695,2281,10591,99984,16
50,run,10000,true,uniform,READ,103905615,431093940,210163069,207070145,8938332,5000979,8621476,0,0,0,1495,1711,6160131,11863647,146381199,626227762,26110118,1691336,520101400023,607186493,54197611,5565390,1,0,0,0,0,15790,6333.122229259025,99982,154.8135864455602,99,222847,166,293,99982,18
50,reference,10000,true,uniform,READ,86309,15077020,6145806,5063237,10119,1,0,0,0,0,1495,1711,6160214,11863739,146384409,626233154,26110118,1691336,520101400023,607186493,54197611,5565390,1,0,0,0,0,2541,39354.58480913026,100000,22.36643,16,12679,45,75,100000
50,clean-run,10000,true,uniform,READ,761873,5295226,3180822,3169869,316836,1,0,0,0,0,1495,1713,6161184,11865907,146572095,627161946,26152079,1693077,521079905048,608055509,54346123,5565390,1,0,0,0,0,12420,8051.529790660225,99984,121.19551128180508,91,13407,139,256,99984,16
50,avg-run,10000,true,uniform,READ,1480982,10726997,6302180,6271188,626836,5,0,0,0,0,1495,1714,6161251,11871112,146712039,627877398,26169820,1695552,521633890984,608686445,54346170,5565390,1,0,0,0,0,12117,8252.867871585377,100000,118.1671,98,16151,129,248,100000
51,extend,10000,true,uniform,EXTEND,106366560,437614262,214118348,210989781,9251487,5101002,8930366,0,0,0,1495,1718,6163381,11924668,147338543,629651538,26285300,1700262,523721191436,610302331,54706450,5565390,0,0,0,0,1,115020,869.4140149539211,99979,1144.2405505156082,388,591359,1831,8743,99979,21
51,run,10000,true,uniform,READ,108005497,440985153,217350978,214212167,9251487,5101002,8930366,0,0,0,1495,1718,6163381,11926142,147348639,631273832,26285300,1700262,523731500560,610306171,54708916,5565390,1,0,0,0,0,14941,6692.992436918546,99977,146.46227632355442,98,13839,165,287,99977,23
51,reference,10000,true,uniform,READ,88099,15377769,6269711,5164509,10119,1,0,0,0,0,1495,1718,6163381,11926142,147348639,631291309,26285300,1700262,523731500560,610306171,54708916,5565390,1,0,0,0,0,2506,39904.229848363924,100000,22.04006,17,10447,44,88,100000
51,clean-run,10000,true,uniform,READ,781320,5308284,3221788,3211703,321101,1,0,0,0,0,1495,1720,6163616,11931464,147524870,632240336,26305306,1700334,524300036384,610935584,54709929,5627004,1,0,0,0,0,12216,8185.985592665357,99982,119.20041607489348,89,16655,134,244,99982,18
51,avg-run,10000,true,uniform,READ,1532892,10790737,6344265,6313270,631114,5,0,0,0,0,1495,1721,6163683,11935246,147673635,632957441,26325660,1700869,524869628240,611615574,54714053,5627004,1,0,0,0,0,12309,8124.136810463889,100000,120.05682,98,13471,132,233,100000
52,extend,10000,true,uniform,EXTEND,110268180,447304447,221356996,218183213,9568865,5201012,9243239,0,0,0,1495,1724,6165899,11998313,148312930,634758500,26474551,1704544,527024496003,613252071,55102500,5627004,0,0,0,0,1,147157,679.5463348668429,99977,1464.40548326115,388,3760127,2593,10647,99977,23
52,run,10000,true,uniform,READ,111941325,450673382,224634161,221440360,9568865,5201012,9243239,0,0,0,1495,1724,6165899,12000660,148335203,636426427,26474551,1704544,527025832072,613258005,55102751,5627004,1,0,0,0,0,15053,6643.1940476981335,99984,147.5271443430949,98,12487,163,282,99984,16
52,reference,10000,true,uniform,READ,89889,15678518,6393616,5265781,10119,1,0,0,0,0,1495,1724,6165899,12000734,148343139,636428318,26474551,1704544,527025900694,613258038,55102763,5627004,1,0,0,0,0,2523,39635.35473642489,100000,22.27954,16,10095,45,70,100000
52,clean-run,10000,true,uniform,READ,800141,5322256,3267732,3256780,325574,1,0,0,0,0,1495,1726,6167228,12002798,148555609,637398174,26474560,1704713,527605059421,613896413,55103788,5627004,1,0,0,0,0,12680,7886.435331230284,99977,123.86074797203356,93,13687,139,260,99977,23
52,avg-run,10000,true,uniform,READ,1521489,10751891,6389088,6358099,635574,5,0,0,0,0,1495,1727,6167303,12010755,148769907,638125300,26494508,1709668,528179062296,614527348,55103836,5627004,1,0,0,0,0,12439,8039.23144947343,100000,121.43656,100,13119,133,239,100000
53,extend,10000,true,uniform,EXTEND,114432163,457291881,228696622,225457941,9891625,5301025,9561299,0,0,0,1495,1730,6169021,12076020,149385522,639904394,26626740,1723517,530277724674,616454620,55565627,5627004,0,0,0,0,1,145477,687.393883569224,99969,1447.9737218537746,372,443391,2685,9167,99969,31
53,run,10000,true,uniform,READ,116101186,460683367,232019817,228770688,9891625,5301025,9561299,0,0,0,1495,1730,6169021,12077836,149393214,641569007,26626740,1723517,530279168249,616461191,55565898,5627004,1,0,0,0,0,15164,6594.566077552097,99965,148.75117291051868,102,13383,166,287,99965,35
53,reference,10000,true,uniform,READ,91712,15979307,6518405,5367067,10119,1,0,0,0,0,1495,1730,6169021,12077836,149393214,641573978,26626740,1723517,530279168249,616461191,55565898,5627004,1,0,0,0,0,2483,40273.862263391056,100000,21.9138,17,9695,44,57,100000
53,clean-run,10000,true,uniform,READ,820320,5336159,3315209,3304257,330306,1,0,0,0,0,1495,1732,6169266,12080991,149575113,642568833,26626783,1724583,530868976277,617109043,55566927,5687217,1,0,0,0,0,12714,7865.345288658172,99979,124.16370437791936,94,13207,139,259,99979,21
53,avg-run,10000,true,uniform,READ,1534716,10683533,6436582,6405593,640306,5,0,0,0,0,1495,1733,6169349,12087145,149789583,643284423,26645328,1725114,531452974761,617739979,55566974,5687217,1,0,0,0,0,12468,8020.532563362207,100000,121.68193,99,13167,139,249,100000
54,extend,10000,true,uniform,EXTEND,118349198,467080906,236138626,232855192,10219407,5401022,9884195,0,0,0,1495,1737,6170831,12148758,150410654,645081901,26780969,1732168,533409917582,619397759,55903639,5687217,0,0,0,0,1,136261,733.8857046403593,99975,1355.8287071767943,383,851455,2171,8919,99975,25
54,run,10000,true,uniform,READ,120272091,470659410,239514393,236219151,10219411,5401044,9884199,0,0,0,1495,1737,6170865,12151612,150471798,646733417,26780969,1732168,533779228220,619652401,56035295,5687217,1,0,0,0,0,15407,6490.5562406698255,99975,151.06630657664417,102,13759,173,293,99975,25
54,reference,10000,true,uniform,READ,93502,16280056,6642310,5468339,10119,1,0,0,0,0,1495,1737,6170865,12151612,150471798,646745615,26780969,1732168,533779228220,619652401,56035295,5687217,1,0,0,0,0,2478,40355.12510088781,100000,21.83447,17,10063,41,67,100000
54,clean-run,10000,true,uniform,READ,839766,5345848,3363901,3352949,335192,1,0,0,0,0,1495,1739,6171567,12155811,150621912,647751720,26800397,1737424,534380226362,620310038,56036405,5744275,1,0,0,0,0,12681,7885.813421654444,99967,123.88314143667411,94,13607,139,261,99967,33
54,avg-run,10000,true,uniform,READ,1557035,10690326,6485257,6454268,645192,5,0,0,0,0,1495,1740,6171631,12159336,150770787,648475198,26819646,1737924,534974258314,620940972,56036465,5744275,1,0,0,0,0,12356,8093.234056328909,100000,120.59429,100,13391,133,262,100000
55,extend,10000,true,uniform,EXTEND,122290621,476833511,243693103,240354723,10552547,5501026,10212108,0,0,0,1495,1743,6172712,12206653,151325355,650309738,26941645,1741490,536728223073,622379196,56255181,5744275,0,0,0,0,1,127715,782.9933837059077,99971,1271.5905312540638,387,2107391,1696,8895,99971,29
55,run,10000,true,uniform,READ,123968180,480187735,247118264,243759868,10552547,5501026,10212108,0,0,0,1495,1743,6172712,12210130,151389866,651979775,26941645,1741490,536730234560,622382785,56255628,5744275,1,0,0,0,0,15700,6369.426751592357,99974,153.98818692860144,108,50975,174,299,99974,26
55,reference,10000,true,uniform,READ,95298,16580872,6767099,5569625,10119,1,0,0,0,0,1495,1743,6172712,12210154,151399834,651981623,26941645,1741490,536730234560,622382785,56255628,5744275,1,0,0,0,0,2539,39385.584875935405,100000,22.34436,17,9567,44,85,100000
55,clean-run,10000,true,uniform,READ,861733,5357112,3414442,3404358,340419,1,0,0,0,0,1495,1745,6174265,12214062,151620244,653016837,26971328,1745387,537341988361,623050891,56256748,5744737,1,0,0,0,0,15402,6492.663290481755,99969,150.95871720233274,95,508159,145,273,99969,31
55,avg-run,10000,true,uniform,READ,1593404,10737047,6536917,6505925,650432,5,0,0,0,0,1495,1746,6174347,12220721,151801926,653727197,26995687,1748411,538425095581,624018438,56448067,5744765,1,0,0,0,0,13126,7618.467164406521,100000,128.16228,103,15343,155,284,100000
56,extend,10000,true,uniform,EXTEND,126295822,486573238,251361033,247957893,10890813,5601017,10545102,0,0,0,1495,1750,6175845,12274251,152451674,655566880,27107512,1758191,540132099833,625464519,56670075,5744765,0,0,0,0,1,121314,824.3071698237632,99958,1207.5972808579604,385,1094655,1887,8703,99958,42
56,run,10000,true,uniform,READ,128275955,490150290,254839158,251424808,10890815,5601028,10545104,0,0,0,1495,1750,6175845,12276123,152475259,657240180,27107512,1758191,540606504937,625773058,56855207,5744765,1,0,0,0,0,15824,6319.5146612740145,99979,155.18161813980936,107,13799,179,301,99979,21
56,reference,10000,true,uniform,READ,97088,16881621,6891004,5670897,10119,1,0,0,0,0,1495,1750,6175845,12276123,152475259,657258341,27107512,1758191,540606504937,625773058,56855207,5744765,1,0,0,0,0,2484,40257.648953301126,100000,21.88602,17,10063,43,81,100000
56,clean-run,10000,true,uniform,READ,876350,5365801,3467958,3457874,345691,1,0,0,0,0,1495,1752,6176517,12282191,152678242,658311565,27133686,1758217,541228418436,626451721,56856245,5811300,1,0,0,0,0,12807,7808.229874287499,99969,125.07814422470966,96,13855,138,251,99969,31
56,avg-run,10000,true,uniform,READ,1633383,10777714,6590433,6559441,655704,5,0,0,0,0,1495,1753,6176581,12285990,152834974,659021193,27154136,1758544,541848623845,627143700,56860260,5811300,1,0,0,0,0,12692,7878.9788843365895,100000,123.84587,104,13847,137,248,100000
57,extend,10000,true,uniform,EXTEND,130356831,496354106,259143530,255694984,11234533,5701017,10883365,0,0,0,1495,1757,6178082,12339904,153506178,660906536,27255091,1795931,543667525798,628615884,57092920,5811300,0,0,0,0,1,142834,700.1134183737765,99967,1422.614372743005,400,5079039,1886,8999,99967,33
57,run,10000,true,uniform,READ,132398616,499919036,262677143,259217397,11234535,5701028,10883367,0,0,0,1495,1757,6178082,12342352,153575785,662632076,27255091,1795931,544191480438,628953985,57299944,5811300,1,0,0,0,0,15879,6297.625795075257,99974,155.79684718026687,107,14071,175,281,99974,26
57,reference,10000,true,uniform,READ,98878,17182370,7014909,5772169,10119,1,0,0,0,0,1495,1757,6178082,12342353,153575786,662637139,27255091,1795931,544191480438,628953985,57299944,5811300,1,0,0,0,0,2481,40306.32809351068,100000,21.70961,17,9567,42,78,100000
57,clean-run,10000,true,uniform,READ,894304,5377510,3522822,3512738,351148,1,0,0,0,0,1495,1759,6178746,12347309,153770115,663711090,27277001,1799926,544824030449,629643709,57300968,5880215,1,0,0,0,0,13091,7638.835841417768,99962,127.89987195134151,98,14175,146,272,99962,38
57,avg-run,10000,true,uniform,READ,1639891,10774885,6645512,6614520,661161,12,0,0,0,0,1495,1760,6178811,12353917,153923855,664425863,27298555,1801961,545453472086,630322589,57304992,5880215,1,0,0,0,0,12715,7864.726700747149,100000,124.17836,103,14023,138,245,100000
58,extend,10000,true,uniform,EXTEND,134514104,506126327,267048839,263554907,11583924,5801022,11227288,0,0,0,1495,1764,6180321,12402834,154569407,666336460,27408227,1811671,547274031301,631808434,57545484,5880215,0,0,0,0,1,112502,888.8730867006809,99972,1119.2537210418918,401,1181695,1698,8527,99972,28
58,run,10000,true,uniform,READ,136280302,509467541,270636160,267131676,11583924,5801022,11227288,0,0,0,1495,1764,6180339,12405493,154634959,668091660,27408227,1811671,547288089364,631812381,57548851,5880215,1,0,0,0,0,14593,6852.600561913246,99966,142.90812876377967,93,14887,170,288,99966,34
58,reference,10000,true,uniform,READ,100668,17483119,7138814,5873441,10119,1,0,0,0,0,1495,1764,6180339,12405595,154645233,668103437,27408227,1811671,547288089364,631812381,57548851,5880215,1,0,0,0,0,2506,39904.229848363924,100000,21.90567,16,9071,44,67,100000
58,clean-run,10000,true,uniform,READ,906388,5387062,3577656,3566704,356616,1,0,0,0,0,1495,1766,6181306,12411068,154830407,669193937,27427136,1812167,548474697101,632849341,57754943,5880816,1,0,0,0,0,13299,7519.362358072036,99965,130.0147951783124,99,14039,145,273,99965,35
58,avg-run,10000,true,uniform,READ,1651921,10766640,6700092,6668232,666629,5,0,0,0,0,1495,1767,6181371,12424084,155001064,669904676,27488926,1812324,549110563642,633511677,57754997,5880816,1,0,0,0,0,12904,7749.535027898326,100000,125.96086,103,13711,145,261,100000
59,extend,10000,true,uniform,EXTEND,138779945,515930760,275075181,271535418,11938700,5901018,11576431,0,0,0,1495,1771,6182783,12474779,155568312,671878750,27583146,1822153,551072955039,634939790,58021333,5880816,0,0,0,0,1,111064,900.3817618670316,99974,1104.7005121331547,371,228607,1733,8519,99974,26
59,run,10000,true,uniform,READ,140608569,519270095,278718613,275161339,11938702,5901029,11576433,0,0,0,1495,1771,6182783,12477051,155626076,673687309,27583146,1822153,551080293091,634950987,58024211,5880816,1,0,0,0,0,14727,6790.249202145718,99971,144.21999379820147,95,14175,171,303,99971,29
59,reference,10000,true,uniform,READ,102491,17783908,7263603,5974727,10119,1,0,0,0,0,1495,1771,6182783,12477086,155632359,673697013,27583146,1822153,551080293091,634950987,58024211,5880816,1,0,0,0,0,2548,39246.46781789639,100000,22.39831,17,9375,44,69,100000
59,clean-run,10000,true,uniform,READ,921507,5389295,3633445,3623361,362249,1,0,0,0,0,1495,1773,6183981,12480960,155861910,674808477,27613469,1826988,551734231426,635662992,58025221,5880816,1,0,0,0,0,11664,8573.388203017832,99963,113.65880375739023,74,14183,130,238,99963,37
59,avg-run,10000,true,uniform,READ,1898196,10313638,7755920,7724928,772262,5,0,0,0,0,1495,1774,6184054,12492143,156093838,675759760,27632516,1831230,552982503853,636888132,58256418,5880816,1,0,0,0,0,13229,7559.1503515004915,100000,129.32839,105,14127,141,271,100000
60,extend,10000,true,uniform,EXTEND,143123464,525739419,283224763,279626536,12299159,6001018,11931341,0,0,0,1495,1778,6185375,12543061,156762967,677729058,27723839,1874226,554787759148,638424205,58492414,5880816,0,0,0,0,1,139634,716.157955798731,99967,1390.4587713945602,384,2014207,1911,8663,99967,33
60,run,10000,true,uniform,READ,144910930,529072760,286922795,283304552,12299159,6001018,11931341,0,0,0,1495,1778,6185697,12545698,156820848,679507804,27723839,1874226,554794723308,638428436,58494082,5880816,1,0,0,0,0,14633,6833.868653044488,99958,143.34129334320414,96,20799,163,291,99958,42
60,reference,10000,true,uniform,READ,104281,18084657,7387508,6075999,10119,1,0,0,0,0,1495,1778,6185697,12545703,156829386,679509646,27756433,1874775,554794723472,638428438,58494082,5880816,1,0,0,0,0,2515,39761.431411530815,100000,22.16531,17,9759,43,79,100000
60,clean-run,10000,true,uniform,READ,935482,5391789,3689677,3678725,367798,1,0,0,0,0,1495,1780,6186461,12547854,157028069,680624260,27756440,1874833,555955063327,639488742,58700749,5880816,1,0,0,0,0,12718,7862.871520679352,99966,124.07364503931336,89,13863,165,289,99966,34
60,avg-run,10000,true,uniform,READ,1891543,10286301,7811033,7780044,777798,5,0,0,0,0,1495,1781,6186509,12554296,157224504,681586848,27774884,1876334,556622351026,640319956,58700793,5880816,1,0,0,0,0,13257,7543.184732594102,100000,129.47771,106,13607,146,273,100000
61,extend,10000,true,uniform,EXTEND,147451533,535579832,291496267,287833280,12665349,6101017,12292101,0,0,0,1495,1785,6188519,12613916,157940767,683581706,27869316,1902321,558579616888,641884616,58959585,5880816,0,0,0,0,1,147986,675.7395969889044,99966,1474.0496968969449,387,992767,2295,12631,99966,34
61,run,10000,true,uniform,READ,149295102,538905076,295250054,291566180,12665351,6101028,12292103,0,0,0,1495,1785,6189133,12616036,157998891,685404253,27912288,1902827,558584580053,641895902,58961226,5880816,1,0,0,0,0,14563,6866.717022591499,99962,142.62553770432766,89,15231,161,285,99962,38
61,reference,10000,true,uniform,READ,106104,18385446,7512297,6177285,10119,1,0,0,0,0,1495,1786,6189137,12616078,158014784,685409392,27912288,1902827,558584644100,641895940,58961237,5880816,1,0,0,0,0,2532,39494.47077409163,100000,22.19479,17,9903,44,73,100000
61,clean-run,10000,true,uniform,READ,944761,5393788,3744585,3733634,373191,1,0,0,0,0,1495,1788,6189908,12621004,158196933,686537161,27912744,1902880,559805757735,642956729,59166279,5931499,1,0,0,0,0,11937,8377.314233056883,99956,116.45855176277563,88,14031,132,250,99956,44
61,avg-run,10000,true,uniform,READ,1898744,10290376,7865939,7834953,783191,5,0,0,0,0,1495,1789,6189957,12626458,158394346,687495570,27934340,1903134,560482952190,643787945,59166323,5931499,1,0,0,0,0,13268,7536.930961712391,100000,129.72038,106,14111,141,270,100000
62,extend,10000,true,uniform,EXTEND,151845597,545407701,299886004,296159407,13036550,6201011,12658028,0,0,0,1495,1793,6191382,12679978,159118123,689507386,28061361,1916684,562401080839,645357120,59430070,5931499,0,0,0,0,1,141510,706.6638400113067,99961,1409.1932853812987,379,4288511,1985,8575,99961,39
62,run,10000,true,uniform,READ,153679548,548739723,303691485,299954728,13036550,6201011,12658028,0,0,0,1495,1793,6191823,12682570,159175617,691326009,28061361,1916684,562404022207,645361862,59430740,5931499,1,0,0,0,0,15949,6269.9855790331685,99965,156.48546991447006,96,128703,169,297,99965,35
62,reference,10000,true,uniform,READ,107894,18686195,7636202,6278557,10119,1,0,0,0,0,1495,1793,6191829,12682576,159175982,691342504,28081707,1921911,562911831715,645720846,59637433,5931499,1,0,0,0,0,2503,39952.05753096285,100000,22.07791,16,10479,43,79,100000
62,clean-run,10000,true,uniform,READ,957509,5392323,3796724,3785773,378502,1,0,0,0,0,1495,1795,6192273,12688809,159362770,692487024,28081727,1922399,563601594314,646474038,59642648,5996103,1,0,0,0,0,11989,8340.979230961715,99955,116.96053223950778,89,16023,132,248,99955,45
62,avg-run,10000,true,uniform,READ,1912068,10288335,7918078,7887092,788502,5,0,0,0,0,1495,1796,6192321,12692969,159561490,693441345,28101976,1922905,564288788303,647305253,59642692,5996103,1,0,0,0,0,13221,7563.72437788367,100000,129.18708,108,13887,141,243,100000
63,extend,10000,true,uniform,EXTEND,156299630,555303402,308391476,304618960,13412742,6301015,13029074,0,0,0,1495,1800,6194183,12753398,160321432,695489051,28205401,1950107,566288653316,648908066,59905546,5996103,0,0,0,0,1,171908,581.706494171301,99960,1713.3798519407762,377,1270783,2221,14503,99960,40
63,run,10000,true,uniform,READ,158172119,558619953,312248273,308464182,13412742,6301015,13029074,0,0,0,1495,1801,6194483,12755626,160383247,697351393,28240202,1952146,566292207773,648911221,59906409,5996103,1,0,0,0,0,16000,6250.0,99951,156.913677702074,99,175359,173,318,99951,49
63,reference,10000,true,uniform,READ,109717,18986984,7760991,6379843,10119,1,0,0,0,0,1495,1801,6194514,12755674,160393486,697362775,28240202,1952146,566859847270,649271071,60130264,5996103,1,0,0,0,0,2530,39525.691699604744,100000,22.24359,17,10479,44,73,100000
63,clean-run,10000,true,uniform,READ,968725,5369667,3847805,3837722,383648,1,0,0,0,0,1495,1803,6195308,12760484,160607782,698521367,28249303,1952424,567557131837,650026841,60131356,6070182,1,0,0,0,0,12279,8143.985666585227,99958,119.77197422917625,80,14031,137,263,99958,42
63,avg-run,10000,true,uniform,READ,1957784,10308911,7970278,7939289,793661,5,0,0,0,0,1495,1804,6195358,12764980,160813516,699483460,28269458,1952687,568259220603,650902688,60134528,6070182,1,0,0,0,0,13513,7400.2812106860065,100000,132.16075,108,14447,144,245,100000
64,extend,10000,true,uniform,EXTEND,160839819,565173710,317008110,313187716,13793896,6400999,13405232,0,0,0,1495,1808,6196818,12822937,161521065,701571348,28370346,1958174,570348744401,652516163,60414878,6070182,0,0,0,0,1,128689,777.0671930001787,99951,1280.8275154825865,396,591359,1961,8791,99951,49
64,run,10000,true,uniform,READ,162781343,568488679,320914754,317083580,13793896,6400999,13405232,0,0,0,1495,1809,6197069,12825271,161580114,703496254,28408638,1958206,570351760790,652519905,60415585,6070182,1,0,0,0,0,16467,6072.751563733527,99952,161.69412317912597,101,117823,171,340,99952,48
64,reference,10000,true,uniform,READ,111507,19287733,7884896,6481115,10119,1,0,0,0,0,1495,1809,6197071,12825303,161590782,703513979,28408638,1958206,570351760790,652519905,60415585,6070182,1,0,0,0,0,2549,39231.07100823853,100000,22.47682,17,9511,44,79,100000
64,clean-run,10000,true,uniform,READ,981817,5361465,3897819,3887736,388644,1,0,0,0,0,1495,1811,6197981,12830384,161879905,704691093,28411738,1958382,571062917397,653293380,60420343,6070182,1,0,0,0,0,47740,2094.679514034353,99956,474.3557665372764,81,4362239,152,365,99956,44
64,avg-run,10000,true,uniform,READ,1996110,10339017,8020315,7989320,798657,5,0,0,0,0,1495,1813,6198134,12842937,162175822,705652456,28472599,1966114,572406508730,654587222,60670516,6070182,1,0,0,0,0,13759,7267.970055963369,100000,134.57662,110,14311,152,273,100000
65,extend,10000,true,uniform,EXTEND,165530180,575081333,325735643,321868962,14179972,6500986,13786257,0,0,0,1495,1817,6199694,12901258,162769217,707796496,28587377,1975815,574526421487,656205423,60956187,6070182,0,0,0,0,1,123751,808.074278187651,99965,1231.1663382183765,391,351999,1984,8711,99965,35
65,run,10000,true,uniform,READ,167538285,578401022,329693292,325815690,14179974,6500997,13786259,0,0,0,1495,1817,6199695,12904481,162832349,709792234,28587377,1975815,574540671902,656218080,60961738,6070182,1,0,0,0,0,15653,6388.551715326135,99954,153.5438001480681,93,139391,173,267,99954,46
65,reference,10000,true,uniform,READ,113306,19588546,8009685,6582401,10119,1,0,0,0,0,1495,1817,6199695,12904486,162834003,709794132,28587377,1975815,574540671902,656218080,60961738,6070182,1,0,0,0,0,2491,40144.520272982736,100000,21.75945,16,9879,42,74,100000
65,clean-run,10000,true,uniform,READ,994904,5339344,3947904,3936953,393695,1,0,0,0,0,1495,1819,6200714,12909874,163076735,710993271,28610453,1978553,575259178415,656995234,60962802,6070604,1,0,0,0,0,12572,7954.183900731785,99949,122.71508469319353,90,14287,140,247,99949,51
65,avg-run,10000,true,uniform,READ,1950304,10234535,8069274,8038288,803695,5,0,0,0,0,1495,1821,6201932,12922493,163354806,711948673,28644208,1986348,575976600334,657826452,60962900,6070604,1,0,0,0,0,15288,6541.077969649398,100000,149.82567,114,504319,155,287,100000
66,extend,10000,true,uniform,EXTEND,170271379,585012143,334572474,330651283,14570823,6600971,14172383,0,0,0,1495,1825,6203386,12978779,164089260,714066982,28738262,2032112,578556909335,659875287,61480525,6070615,0,0,0,0,1,153589,651.0882940835606,99952,1530.2796942532416,396,1869823,2009,10079,99952,48
66,run,10000,true,uniform,READ,172535781,588595386,338578511,334636435,14570825,6600982,14172385,0,0,0,1495,1825,6203386,12981289,164151487,715984025,28738262,2032112,578954035289,660158831,61648901,6070615,1,0,0,0,0,15644,6392.227051904883,99967,153.445537027219,89,13823,175,293,99967,33
66,reference,10000,true,uniform,READ,115126,19889338,8134474,6683687,10119,1,0,0,0,0,1495,1825,6203386,12981334,164161554,715992467,28738262,2032112,578954102854,660158871,61648914,6070615,1,0,0,0,0,2523,39635.35473642489,100000,22.23259,16,10239,43,70,100000
66,clean-run,10000,true,uniform,READ,1003526,5319364,3993932,3983850,398381,1,0,0,0,0,1495,1827,6204602,12985614,164417660,717194087,28764221,2037241,579683079453,660946183,61649962,6070621,1,0,0,0,0,18587,5380.104374024856,99945,182.75378458151982,82,1029631,152,343,99945,55
66,avg-run,10000,true,uniform,READ,1984858,10249727,8116400,8085414,808393,5,0,0,0,0,1495,1828,6204697,12996971,164694666,718153788,28822170,2041098,580411927339,661807584,61650006,6070621,1,0,0,0,0,17288,5784.359093012495,100000,169.81288,114,314879,161,317,100000
67,extend,10000,true,uniform,EXTEND,175176035,595266058,343514766,339529095,14966551,6700963,14563393,0,0,0,1495,1832,6206263,13059422,165363271,720220773,28942146,2047679,582721485972,663836433,62096431,6070622,0,0,0,0,1,139540,716.6403898523721,99959,1389.3832571354255,392,665087,2125,9095,99959,41
67,run,10000,true,uniform,READ,177103856,598584326,347567805,343571937,14966551,6700963,14563393,0,0,0,1495,1833,6206265,13062582,165427882,722138199,28942146,2047679,582722139081,663841031,62096526,6070622,1,0,0,0,0,15736,6354.855109303508,99961,154.34573483658627,100,19503,176,286,99961,39
67,reference,10000,true,uniform,READ,116916,20190087,8258379,6784959,10119,1,0,0,0,0,1495,1833,6206280,13062631,165431742,722153820,28942146,2047679,582722139081,663841031,62096526,6070622,1,0,0,0,0,2500,40000.0,100000,21.85855,16,9943,45,76,100000
67,clean-run,10000,true,uniform,READ,1019838,5270254,4044432,4033482,403139,1,0,0,0,0,1495,1835,6211556,13066393,165691931,723373836,28950984,2066753,583465141322,664646664,62101685,6071579,1,0,0,0,0,13081,7644.675483525724,99962,127.82581380924752,92,14815,147,256,99962,38
67,avg-run,10000,true,uniform,READ,1974192,10166471,8165784,8134801,813139,5,0,0,0,0,1495,1837,6212993,13074958,165924196,724323986,28975855,2074471,584646138953,665818362,62296764,6071617,1,0,0,0,0,13853,7218.652999350321,100000,135.57358,113,14663,148,270,100000
68,extend,10000,true,uniform,EXTEND,179777479,605263120,352560584,348529335,15366539,6800936,14958622,0,0,0,1495,1841,6214563,13130362,166653531,726439844,29083823,2079158,586702543930,667480193,62553919,6071617,0,0,0,0,1,123186,811.7805594791616,99940,1226.1946567940765,392,601599,1874,8879,99940,60
68,run,10000,true,uniform,READ,181995949,608819963,356661692,352618594,15366540,6800947,14958623,0,0,0,1495,1841,6214563,13131939,166668453,728333906,29083823,2079158,587130218978,667763599,62716167,6071617,1,0,0,0,0,15820,6321.112515802782,99959,155.254164207325,103,15799,174,271,99959,41
68,reference,10000,true,uniform,READ,118712,20490903,8383168,6886245,10119,1,0,0,0,0,1495,1841,6214563,13131939,166668453,728349413,29083823,2079158,587130218978,667763599,62716167,6071617,1,0,0,0,0,2537,39416.63381947182,100000,22.33981,17,10127,44,77,100000
68,clean-run,10000,true,uniform,READ,1034723,5224568,4089463,4079381,407898,1,0,0,0,0,1495,1843,6215124,13137618,166908411,729582953,29122391,2079252,587880936645,668571251,62717269,6152125,1,0,0,0,0,13193,7579.777154551656,99948,128.94792291991837,85,14535,147,270,99948,52
68,avg-run,10000,true,uniform,READ,2033520,10180100,8211931,8180945,817910,5,0,0,0,0,1495,1844,6215177,13142616,167113810,730532981,29142041,2079623,588633867269,669460805,62720789,6152125,1,0,0,0,0,14048,7118.451025056947,100000,137.50587,114,17903,150,259,100000
69,extend,10000,true,uniform,EXTEND,184347434,615205528,361710646,357631842,15771208,6900922,15358668,0,0,0,1495,1848,6216474,13196738,167808435,732657802,29278375,2093979,590745803774,671145671,62978585,6152125,0,0,0,0,1,165100,605.6935190793458,99942,1645.2952212283124,397,6021119,1950,8663,99942,58
69,run,10000,true,uniform,READ,186222411,618502742,365856825,361758009,15771208,6900922,15358668,0,0,0,1495,1849,6216738,13199212,167864358,734525435,29305842,2098672,590747184152,671148808,62978879,6152125,1,0,0,0,0,17173,5823.0943923601,99949,168.59489339563177,101,244479,184,328,99949,51
69,reference,10000,true,uniform,READ,120535,20791692,8507957,6987531,10119,1,0,0,0,0,1495,1849,6216739,13199237,167874175,734527172,29305842,2098672,590747184152,671148808,62978879,6152125,1,0,0,0,0,2511,39824.771007566706,100000,22.04224,17,10015,44,77,100000
69,clean-run,10000,true,uniform,READ,1051994,5170090,4136644,4125694,412521,1,0,0,0,0,1495,1851,6217777,13202488,168123837,735769199,29309827,2100009,591509403592,671966030,62980107,6152364,1,0,0,0,0,20511,4875.43269465165,99944,202.07508204594572,96,703487,154,378,99944,56
69,avg-run,10000,true,uniform,READ,2006307,10066371,8258013,8227030,822521,5,0,0,0,0,1495,1853,6220171,13217424,168390606,736726081,29348545,2109096,592824443662,673200588,63231437,6152371,1,0,0,0,0,14189,7047.713017125942,100000,138.86463,114,14455,151,285,100000
70,extend,10000,true,uniform,EXTEND,188886839,625154846,370963228,366819672,16180833,7000910,15763536,0,0,0,1495,1857,6222468,13273571,169111275,738783462,29467214,2121150,594800106117,674882557,63481821,6152371,0,0,0,0,1,141542,706.5040765285215,99955,1409.7823120404182,393,863231,2113,9703,99955,45
70,run,10000,true,uniform,READ,191151352,628753180,375159645,371004261,16180835,7000932,15763538,0,0,0,1495,1857,6222468,13275503,169139108,740667294,29467214,2121150,595231088066,675228480,63685332,6152371,1,0,0,0,0,16372,6107.98924993892,99953,160.73699638830252,95,14775,183,321,99953,47
70,reference,10000,true,uniform,READ,122358,21092481,8632746,7088817,10119,1,0,0,0,0,1495,1857,6222468,13275503,169139108,740669173,29467214,2121150,595231088066,675228480,63685332,6152371,1,0,0,0,0,2547,39261.876717707106,100000,22.45477,17,9695,43,72,100000
70,clean-run,10000,true,uniform,READ,1071603,5113188,4183663,4173581,417278,1,0,0,0,0,1495,1859,6222834,13282534,169384764,741936499,29494776,2121460,596004154866,676055434,63686589,6228999,1,0,0,0,0,13686,7306.736811340055,99954,133.9149508774036,98,14623,155,267,99954,46
70,avg-run,10000,true,uniform,READ,2073410,10074030,8306346,8275360,827290,12,0,0,0,0,1495,1860,6222882,13286748,169587518,742891137,29514829,2121889,596774518136,676942185,63686636,6228999,1,0,0,0,0,14188,7048.2097547223,100000,138.89735,116,18239,152,271,100000
71,extend,10000,true,uniform,EXTEND,193446098,635134009,380319206,376120689,16594835,7100888,16172846,0,0,0,1495,1864,6224313,13339539,170296885,744977014,29615372,2136772,598873793180,678649125,63937197,6228999,0,0,0,0,1,120719,828.3700163188893,99945,1201.501325729151,399,641023,1794,8455,99945,55
71,run,10000,true,uniform,READ,195278967,638417587,384558737,380340208,16594835,7100888,16172846,0,0,0,1495,1865,6224393,13342712,170350238,746801487,29631807,2146184,598874945292,678652030,63937453,6228999,1,0,0,0,0,21512,4648.568240981777,99938,211.98829274149972,108,518655,195,410,99938,62
71,reference,10000,true,uniform,READ,124148,21393230,8756651,7190089,10119,1,0,0,0,0,1495,1865,6224416,13342749,170360150,746806509,29631807,2146184,598874945342,678652031,63937453,6228999,1,0,0,0,0,2538,39401.10323089046,100000,22.35665,17,10143,43,83,100000
71,clean-run,10000,true,uniform,READ,1094708,5076515,4232038,4221088,421970,1,0,0,0,0,1495,1867,6225618,13346615,170629687,748084534,29637522,2148911,599657303800,679488417,63938522,6230500,1,0,0,0,0,13960,7163.323782234957,99950,136.64015007503752,101,15407,156,274,99950,50
71,avg-run,10000,true,uniform,READ,2048788,9973029,8353407,8322424,831970,5,0,0,0,0,1495,1869,6229420,13360014,170899014,749046048,29668347,2158760,600994797472,680782018,64227250,6230559,1,0,0,0,0,14117,7083.6580009917125,100000,138.18062,115,16383,150,262,100000
72,extend,10000,true,uniform,EXTEND,197928744,645103167,389777892,385514623,17013970,7200864,16587173,0,0,0,1495,1873,6230951,13417172,171600820,751056121,29808905,2162744,602963656608,682487340,64465153,6230559,0,0,0,0,1,142838,700.0938125708846,99943,1422.4792531743094,404,1058815,2115,12423,99943,57
72,run,10000,true,uniform,READ,200188327,648712521,394068472,389783449,17013972,7200886,16587175,0,0,0,1495,1873,6230951,13419255,171646407,752893201,29808905,2162744,603344353206,682835686,64671766,6230559,1,0,0,0,0,16572,6034.274680183442,99951,162.80111254514713,106,14679,183,306,99951,49
72,reference,10000,true,uniform,READ,125971,21694019,8881440,7291375,10119,1,0,0,0,0,1495,1873,6230951,13419255,171646407,752907842,29808905,2162744,603344451503,682835729,64671781,6230559,1,0,0,0,0,2489,40176.77782241864,100000,21.93761,17,11215,43,71,100000
72,clean-run,10000,true,uniform,READ,1120666,5051077,4277643,4267562,426736,1,0,0,0,0,1495,1875,6231404,13425332,171885909,754221190,29836440,2163176,604138118280,683681695,64672956,6314929,1,0,0,0,0,14103,7090.689924129618,99944,138.09633394701032,100,15279,157,284,99944,56
72,avg-run,10000,true,uniform,READ,2114416,10002726,8400109,8369126,836748,5,0,0,0,0,1495,1876,6231474,13429564,172103292,755173910,29875135,2164065,604927863067,684559944,64672992,6314929,1,0,0,0,0,14542,6876.633200385091,100000,142.39648,119,14983,158,267,100000
73,extend,10000,true,uniform,EXTEND,202787841,655408680,399345239,395016212,17437948,7300846,17006456,0,0,0,1495,1881,6233503,13490983,172826996,757170803,29968300,2181668,607348588273,686625014,65119768,6314929,0,0,0,0,1,138619,721.4018280322323,99938,1380.4915647701575,409,604671,2083,9071,99938,62
73,run,10000,true,uniform,READ,204628611,658708249,403681069,399340914,17437948,7300846,17006456,0,0,0,1495,1881,6233503,13492940,172838243,759000293,29968300,2181668,607359693200,686630861,65122493,6314929,1,0,0,0,0,16750,5970.149253731343,99949,164.5421564998149,103,17039,182,308,99949,51
73,reference,10000,true,uniform,READ,127761,21994768,9005345,7392647,10119,1,0,0,0,0,1495,1881,6233503,13492940,172838243,759012080,29968300,2181668,607359693200,686630861,65122493,6314929,1,0,0,0,0,2455,40733.19755600815,100000,21.5167,17,9751,42,65,100000
73,clean-run,10000,true,uniform,READ,1146738,5053299,4325081,4314132,431473,1,0,0,0,0,1495,1883,6233865,13495616,173039775,760350498,29999985,2181747,608164408125,687486319,65123726,6401279,1,0,0,0,0,14126,7079.1448393034125,99936,138.26304835094462,99,15631,155,265,99936,64
73,avg-run,10000,true,uniform,READ,2103062,9947566,8446447,8415467,841473,5,0,0,0,0,1495,1884,6233944,13506221,173300985,761307449,30024951,2213093,608961324905,688317539,65123751,6401279,1,0,0,0,0,14490,6901.311249137336,100000,141.79108,115,19407,159,279,100000
74,extend,10000,true,uniform,EXTEND,207242565,665411328,409013542,404637531,17866456,7400806,17430086,0,0,0,1495,1889,6235773,13566534,174038139,763279071,30115582,2228355,611415839761,690448019,65595904,6401279,0,0,0,0,1,136751,731.2560785661531,99927,1361.7773874928698,409,1028095,2022,9071,99927,73
74,run,10000,true,uniform,READ,209034456,668702466,413396999,409008524,17866456,7400806,17430086,0,0,0,1495,1889,6235773,13568816,174098148,765067583,30115582,2228355,611420812309,690451094,65597138,6401279,1,0,0,0,0,17071,5857.887645714955,99947,167.7856664031937,113,26063,189,309,99947,53
74,reference,10000,true,uniform,READ,129584,22295557,9130134,7493933,10119,1,0,0,0,0,1495,1889,6235773,13568853,174107532,765071559,30115582,2228355,611420812309,690451094,65597138,6401279,1,0,0,0,0,2526,39588.281868566904,100000,22.25537,17,10623,43,70,100000
74,clean-run,10000,true,uniform,READ,1180548,5062476,4374591,4364510,436351,1,0,0,0,0,1495,1891,6236546,13573405,174374713,766434447,30153255,2228494,612236548264,691316328,65598424,6401326,1,0,0,0,0,16615,6018.657839301835,99944,163.18141159049068,102,475903,165,296,99944,56
74,avg-run,10000,true,uniform,READ,2163717,9991722,8497057,8466074,846363,5,0,0,0,0,1495,1893,6237054,13584065,174683656,767393256,30188560,2233657,613047929613,692183265,65601163,6401326,1,0,0,0,0,16044,6232.859636000997,100000,157.42087,118,475903,170,315,100000
75,extend,10000,true,uniform,EXTEND,211656534,675527600,418789548,414363010,18300216,7500778,17858817,0,0,0,1495,1897,6238661,13650676,175374398,769370684,30330130,2278940,615263979936,694390003,66053711,6401327,0,0,0,0,1,181540,550.8427894678858,99928,1809.3559863101434,412,1507327,2887,9191,99928,72
75,run,10000,true,uniform,READ,213860457,679127028,423224688,418777269,18300217,7500789,17858818,0,0,0,1495,1897,6238661,13652823,175432964,771201037,30330130,2278940,615538201619,694661222,66208057,6401327,1,0,0,0,0,17177,5821.738371077604,99948,168.6719294032897,114,14615,189,319,99948,52
75,reference,10000,true,uniform,READ,131407,22596346,9254923,7595219,10119,1,0,0,0,0,1495,1897,6238661,13652823,175432964,771203990,30330130,2278940,615538201619,694661222,66208057,6401327,1,0,0,0,0,2486,40225.26146419952,100000,21.91334,17,10399,42,65,100000
75,clean-run,10000,true,uniform,READ,1212480,5086794,4425382,4415301,441380,1,0,0,0,0,1495,1899,6239168,13657630,175671884,772607554,30352662,2279222,616365287704,695541960,66211864,6471775,1,0,0,0,0,14487,6902.74038793401,99950,141.96024012006004,105,14983,159,272,99950,50
75,avg-run,10000,true,uniform,READ,2204341,10029114,8547848,8516865,851392,5,0,0,0,0,1495,1900,6239245,13665606,175866750,773564523,30381938,2284907,617184681530,696414601,66211897,6471775,1,0,0,0,0,14607,6846.032724036421,100000,143.07126,120,18303,158,299,100000
76,extend,10000,true,uniform,EXTEND,216135437,685587456,428677415,424186129,18739261,7600752,18292726,0,0,0,1495,1904,6240717,13715735,176469589,775621490,30469876,2294807,619273125294,698186407,66436192,6471775,0,0,0,0,1,109011,917.3386172037684,99941,1084.9706426791806,411,786943,1644,8391,99941,59
76,run,10000,true,uniform,READ,218035798,688874345,433161767,428660354,18739261,7600752,18292726,0,0,0,1495,1905,6240718,13719205,176551339,777517735,30469876,2294807,619274675604,698191343,66436522,6471775,1,0,0,0,0,17508,5711.674663011195,99936,171.93782020493114,114,15127,193,319,99936,64
76,reference,10000,true,uniform,READ,133197,22897095,9378828,7696491,10119,1,0,0,0,0,1495,1905,6240741,13719265,176560584,777519985,30469876,2294807,619277761150,698199514,66440653,6471775,1,0,0,0,0,2536,39432.176656151416,100000,22.29219,17,10071,44,69,100000
76,clean-run,10000,true,uniform,READ,1241310,5114996,4476027,4465078,446516,1,0,0,0,0,1495,1907,6242404,13724599,176832716,778958458,30477674,2301927,620113269493,699085109,66441718,6471937,1,0,0,0,0,15066,6637.461834594451,99925,147.743077307981,106,18719,166,272,99925,75
76,avg-run,10000,true,uniform,READ,2197589,10009311,8597394,8566414,856516,5,0,0,0,0,1495,1909,6243980,13737627,177130408,779913517,30508570,2311593,620940387460,699916327,66441780,6471937,1,0,0,0,0,15005,6664.445184938354,100000,147.02715,119,15175,166,288,100000
77,extend,10000,true,uniform,EXTEND,221157724,696014058,438678359,434132060,19183360,7700731,18731604,0,0,0,1495,1913,6245540,13799837,177854096,781988721,30644006,2328179,623693473302,702483789,67129656,6471939,0,0,0,0,1,170958,584.9389908632529,99935,1703.8508930805024,413,2799615,2275,9279,99935,65
77,run,10000,true,uniform,READ,223098291,699295376,443215337,438653686,19183360,7700731,18731604,0,0,0,1495,1913,6245649,13802461,177912612,783919800,30644006,2328179,623696280654,702487909,67130328,6471939,1,0,0,0,0,17769,5627.7787157408975,99917,174.77693485593042,117,62207,192,305,99917,83
77,reference,10000,true,uniform,READ,135053,23197924,9504501,7797791,10119,1,0,0,0,0,1495,1913,6245683,13802540,177922735,783928003,30644006,2328179,623696280704,702487910,67130328,6471939,1,0,0,0,0,2534,39463.29913180742,100000,22.37631,17,10007,44,77,100000
77,clean-run,10000,true,uniform,READ,1266549,5154499,4528590,4517641,451737,1,0,0,0,0,1495,1915,6246630,13805268,178172953,785395856,30692541,2328954,624542832096,703383957,67131441,6471973,1,0,0,0,0,20066,4983.55427090601,99955,197.64527037166724,105,413951,173,389,99955,45
77,avg-run,10000,true,uniform,READ,2221585,10050054,8649956,8618976,861737,5,0,0,0,0,1495,1917,6248214,13818028,178462719,786352078,30727747,2338919,625381415973,704217964,67132967,6471973,1,0,0,0,0,16307,6132.335806708776,100000,160.00401,123,252031,169,332,100000
78,extend,10000,true,uniform,EXTEND,225867839,706167916,448793305,444191574,19632975,7800702,19176002,0,0,0,1495,1921,6249667,13886003,179145191,788500195,30850260,2345796,627772115552,706398187,67555927,6471973,0,0,0,0,1,147595,677.5297266167553,99938,1469.9886229462268,415,758783,2601,9479,99938,62
78,run,10000,true,uniform,READ,227856333,709459331,453385690,448773047,19632976,7800713,19176003,0,0,0,1495,1921,6249667,13889106,179211112,790476884,30850260,2345796,627777964637,706410693,67557780,6471973,1,0,0,0,0,17460,5727.37686139748,99951,171.61414092905522,117,27423,192,296,99951,49
78,reference,10000,true,uniform,READ,136876,23498713,9629290,7899077,10119,1,0,0,0,0,1495,1921,6249667,13889115,179214854,790478762,30850260,2345796,627777964637,706410693,67557780,6471973,1,0,0,0,0,2547,39261.876717707106,100000,22.37234,16,9375,45,79,100000
78,clean-run,10000,true,uniform,READ,1288128,5198842,4581315,4570366,456954,1,0,0,0,0,1495,1923,6250634,13891774,179474390,791971928,30894547,2346173,628971166896,707618697,67726622,6472038,1,0,0,0,0,15860,6305.170239596469,99946,155.61679306825687,108,86527,168,294,99946,54
78,avg-run,10000,true,uniform,READ,2245344,10129044,8703760,8671909,866967,5,0,0,0,0,1495,1925,6253133,13905950,179664779,792926528,30949816,2363239,629819406137,708468094,67726694,6472038,1,0,0,0,0,14930,6697.923643670462,100000,146.29268,122,14991,163,309,100000
79,extend,10000,true,uniform,EXTEND,230663675,716293375,459025669,454369022,20087797,7900664,19625611,0,0,0,1495,1929,6254546,13958481,180343633,795153223,31045037,2381949,632125174211,710273341,67994124,6472038,0,0,0,0,1,119866,834.2649291709075,99940,1193.2577646587952,417,1189887,1756,8623,99940,60
79,run,10000,true,uniform,READ,232716345,719568692,463669353,458997278,20087798,7900675,19625612,0,0,0,1495,1929,6254725,13962121,180414404,797195593,31045037,2381949,632128332405,710285294,67995024,6472038,1,0,0,0,0,17748,5634.437683119225,99935,174.5318456997048,117,34335,194,314,99935,65
79,reference,10000,true,uniform,READ,138699,23799502,9754079,8000363,10119,1,0,0,0,0,1495,1929,6254780,13962138,180417944,797198460,31076311,2383200,632128332619,710285297,67995024,6472038,1,0,0,0,0,2535,39447.731755424065,100000,22.30824,16,10023,45,71,100000
79,clean-run,10000,true,uniform,READ,1310612,5237094,4633354,4622405,462167,1,0,0,0,0,1495,1931,6255606,13969074,180687463,798718742,31076359,2383494,632996422549,711202231,67996157,6472709,1,0,0,0,0,15943,6272.345229881453,99944,156.44435884095094,109,233599,170,305,99944,56
79,avg-run,10000,true,uniform,READ,2285930,11518822,9754721,9723741,972167,5,0,0,0,0,1495,1933,6257666,13984350,180978974,799691136,31114975,2391720,634357721852,712631495,68236577,6472740,1,0,0,0,0,15540,6435.006435006435,100000,152.42393,125,15239,169,304,100000
80,extend,10000,true,uniform,EXTEND,235627751,726411561,469372024,464659923,20547879,8000643,20080575,0,0,0,1495,1938,6259396,14041882,181719428,801967597,31227879,2409595,636645417157,714469651,68524358,6472740,0,0,0,0,1,127336,785.323867562983,99946,1267.7131851199647,416,335359,1878,8839,99946,54
80,run,10000,true,uniform,READ,238124476,729993213,474067851,469343854,20547881,8000665,20080577,0,0,0,1495,1938,6259396,14044301,181763868,804046350,31227879,2409595,637148296831,714841259,68744012,6472740,1,0,0,0,0,18923,5284.574327537917,99940,186.19805883530117,120,673279,197,348,99940,60
80,reference,10000,true,uniform,READ,140489,24100251,9877984,8101635,10119,1,0,0,0,0,1495,1938,6259396,14044304,181763868,804056446,31227879,2409595,637148296831,714841259,68744012,6472740,1,0,0,0,0,2472,40453.074433656955,100000,21.60526,17,9879,42,79,100000
80,clean-run,10000,true,uniform,READ,1322637,5280798,4683963,4673014,467285,1,0,0,0,0,1495,1940,6259724,14047525,181972980,805594950,31256537,2425494,638026780358,715768446,68745106,6566878,1,0,0,0,0,15244,6559.958016268696,99928,149.58459090545193,110,15159,166,265,99928,72
80,avg-run,10000,true,uniform,READ,2421843,11432190,9805313,9774333,977285,5,0,0,0,0,1495,1942,6260227,14052039,182175459,806686597,31280995,2426029,638907331286,716799934,68745209,6566878,1,0,0,0,0,15543,6433.764395547835,100000,152.40356,127,14951,167,286,100000
81,extend,10000,true,uniform,EXTEND,240681663,736544606,479832829,475065697,21013190,8100609,20540587,0,0,0,1495,1946,6261584,14103848,182925241,809020838,31361380,2446436,641302003963,718668746,69026034,6566878,0,0,0,0,1,121828,820.8293659913977,99933,1213.090730789629,423,1526783,1671,8415,99933,67
81,run,10000,true,uniform,READ,242758753,739813053,484579365,479801216,21013190,8100609,20540587,0,0,0,1495,1946,6261832,14107599,182997012,811098655,31403079,2447181,641304072641,718672281,69026500,6566878,1,0,0,0,0,18174,5502.366017387477,99946,178.75418726112102,114,14855,201,307,99946,54
81,reference,10000,true,uniform,READ,142285,24401067,10002773,8202921,10119,1,0,0,0,0,1495,1947,6261837,14107638,183010083,811103360,31403079,2447181,641304072641,718672281,69026500,6566878,1,0,0,0,0,2545,39292.73084479371,100000,22.44536,17,9879,45,72,100000
81,clean-run,10000,true,uniform,READ,1340421,5322136,4737176,4726227,472584,1,0,0,0,0,1495,1949,6262683,14112621,183282593,812658969,31403787,2449425,642193279343,719610082,69027596,6567983,1,0,0,0,0,18400,5434.782608695652,99947,181.01385734439253,112,399871,173,340,99947,53
81,avg-run,10000,true,uniform,READ,2521155,11386009,9858583,9827603,982584,5,0,0,0,0,1495,1951,6264429,14130871,183614214,813839020,31445311,2457773,643086402825,720648371,69031099,6567983,1,0,0,0,0,15126,6611.133148221606,100000,148.27861,120,15191,161,303,100000
82,extend,10000,true,uniform,EXTEND,245782616,746712185,490407626,485593276,21483198,8200592,21005554,0,0,0,1495,1956,6266228,14194192,184313603,816147009,31566838,2485984,645957300476,723022568,69624811,6568014,0,0,0,0,1,155760,642.0133538777607,99950,1552.02044022011,424,1301503,2493,14479,99950,50
82,run,10000,true,uniform,READ,247909661,749969895,495204465,490370105,21483198,8200592,21005554,0,0,0,1495,1956,6266255,14196664,184383881,818265035,31566838,2485984,645967866904,723027104,69627367,6568014,1,0,0,0,0,17330,5770.340450086555,99947,170.32830400112059,102,63199,188,290,99947,53
82,reference,10000,true,uniform,READ,144108,24701856,10127562,8304207,10119,1,0,0,0,0,1495,1956,6266259,14196670,184394643,818266913,31566838,2485984,645967866904,723027104,69627367,6568014,1,0,0,0,0,2552,39184.952978056426,100000,22.4585,16,10487,44,73,100000
82,clean-run,10000,true,uniform,READ,1350764,5365670,4786464,4776383,477625,1,0,0,0,0,1495,1958,6267177,14201926,184684326,819837650,31599719,2494632,647356800098,724357091,69869795,6568153,1,0,0,0,0,15522,6442.468754026543,99934,152.3270858766786,110,18767,169,308,99934,66
82,avg-run,10000,true,uniform,READ,2615524,11446690,9908930,9877947,987637,5,0,0,0,0,1495,1960,6267991,14210404,184893181,821045754,31629801,2496461,648260446472,725443486,69869871,6568153,1,0,0,0,0,14941,6692.992436918546,100000,146.43505,121,14983,158,268,100000
83,extend,10000,true,uniform,EXTEND,250906889,756871043,501093860,496213891,21958157,8300564,21475420,0,0,0,1495,1965,6269870,14270372,185722214,823359910,31748181,2517281,650567171068,727336175,70133856,6568153,0,0,0,0,1,139804,715.2871162484621,99928,1392.8535845808983,425,773119,2006,9063,99928,72
83,run,10000,true,uniform,READ,253448173,760460341,505941520,501049455,21958157,8300564,21475420,0,0,0,1495,1965,6269870,14272024,185743591,825475611,31748181,2517281,651107337168,727672120,70363014,6568153,1,0,0,0,0,16612,6019.744762822056,99917,163.1567901358127,103,86079,175,327,99917,83
83,reference,10000,true,uniform,READ,145931,25002645,10252351,8405493,10119,1,0,0,0,0,1495,1965,6269870,14272024,185743591,825480274,31748181,2517281,651107337218,727672121,70363014,6568153,1,0,0,0,0,2481,40306.32809351068,100000,21.81264,17,9527,43,64,100000
83,clean-run,10000,true,uniform,READ,1362124,5408652,4839954,4829005,482718,1,0,0,0,0,1495,1967,6270162,14274775,186010650,827061997,31777330,2533212,652018069100,728630218,70364136,6665865,1,0,0,0,0,15770,6341.154090044388,99944,154.71405987352918,111,16511,171,283,99944,56
83,avg-run,10000,true,uniform,READ,2611973,11387729,9961321,9930341,992718,5,0,0,0,0,1495,1969,6272461,14288262,186317722,828304302,31807328,2540009,652928418473,729661708,70364202,6665865,1,0,0,0,0,16739,5974.072525240456,100000,164.2793,120,382463,165,317,100000
84,extend,10000,true,uniform,EXTEND,256459688,767398673,511891866,506963392,22438372,8400542,21950572,0,0,0,1495,1974,6274531,14355701,187027846,830613665,31938883,2556808,655716667263,732041949,70931255,6665865,0,0,0,0,1,152182,657.1079365496577,99938,1515.9795173007265,423,755199,2655,9239,99938,62
84,run,10000,true,uniform,READ,258613275,770659031,516791410,511852835,22438372,8400542,21950572,0,0,0,1495,1974,6274531,14357550,187040399,832757879,31938883,2556808,655728239924,732048282,70934046,6665865,1,0,0,0,0,16461,6074.9650689508535,99934,161.67076270338424,100,42687,178,314,99934,66
84,reference,10000,true,uniform,READ,147754,25303434,10377140,8506779,10119,1,0,0,0,0,1495,1974,6274531,14357551,187040399,832768162,31938883,2556808,655728239924,732048282,70934046,6665865,1,0,0,0,0,2519,39698.292973402145,100000,22.15414,17,10263,44,70,100000
84,clean-run,10000,true,uniform,READ,1371064,5450637,4889138,4879057,487781,1,0,0,0,0,1495,1976,6274892,14362938,187314252,834362654,31971781,2556864,656649154473,733016517,70935104,6764872,1,0,0,0,0,15690,6373.486297004461,99948,153.92086885180294,112,14815,172,285,99948,52
84,avg-run,10000,true,uniform,READ,2680089,11464983,10011620,9980637,997793,5,0,0,0,0,1495,1978,6276401,14374008,187618543,835627534,32002463,2560338,657572601366,734100018,70935175,6764872,1,0,0,0,0,25994,3847.0416249903824,100000,256.80347,121,727039,170,399,100000
85,extend,10000,true,uniform,EXTEND,261672916,777645674,522800965,517827105,22923385,8500513,22430500,0,0,0,1495,1983,6278236,14429931,188490132,837963810,32161853,2570990,660443552989,736485288,71479618,6764872,0,0,0,0,1,161125,620.6361520558572,99938,1605.7869579139067,422,2480127,2016,8911,99938,62
85,run,10000,true,uniform,READ,263785757,780908045,527751144,522766864,22923385,8500513,22430500,0,0,0,1495,1983,6278236,14431657,188501155,840068876,32161853,2570990,660450057472,736490207,71481187,6764872,1,0,0,0,0,16732,5976.571838393497,99949,164.3151707370759,99,31343,184,314,99949,51
85,reference,10000,true,uniform,READ,149577,25604223,10501929,8608065,10119,1,0,0,0,0,1495,1983,6278236,14431660,188501155,840080318,32161853,2570990,660450057472,736490207,71481187,6764872,1,0,0,0,0,2501,39984.00639744102,100000,22.08648,17,10383,44,77,100000
85,clean-run,10000,true,uniform,READ,1374015,5498228,4940164,4929215,492866,1,0,0,0,0,1495,1985,6278572,14434375,188726476,841670771,32194659,2570996,661384522792,737476295,71486113,6866146,1,0,0,0,0,14219,7032.843378577959,99946,139.199317631521,96,15447,162,291,99946,54
85,avg-run,10000,true,uniform,READ,2633134,11457682,10061514,10030534,1002866,5,0,0,0,0,1495,1987,6279553,14439718,188940681,842931621,32218021,2571711,662314915399,738507784,71486185,6866146,1,0,0,0,0,15135,6607.201850016518,100000,148.34151,121,15271,161,271,100000
86,extend,10000,true,uniform,EXTEND,266437196,787533801,533821590,528803033,23413952,8600461,22916111,0,0,0,1495,1992,6281186,14498165,189771253,845339217,32336354,2585112,664851142338,740463992,71793836,6866146,0,0,0,0,1,130881,764.0528418945454,99926,1303.6788123211177,435,669183,1887,8703,99926,74
86,run,10000,true,uniform,READ,268671883,790785747,538821897,533792320,23413953,8600472,22916112,0,0,0,1495,1992,6281186,14501684,189843761,847551730,32336354,2585112,664858533753,740475474,71796564,6866146,1,0,0,0,0,18540,5393.743257820927,99938,182.38174668294343,118,87551,200,343,99938,62
86,reference,10000,true,uniform,READ,151367,25904972,10625834,8709337,10119,1,0,0,0,0,1495,1992,6281186,14501709,189853685,847563938,32336354,2585112,664858533753,740475474,71796564,6866146,1,0,0,0,0,2487,40209.08725371934,100000,21.90717,17,10175,44,66,100000
86,clean-run,10000,true,uniform,READ,1375452,5544098,4989227,4978278,497822,1,0,0,0,0,1495,1994,6282079,14507177,190133908,849166308,32392315,2595875,665801240291,741463824,71797682,6868325,1,0,0,0,0,34653,2885.753037255072,99938,343.6033040485101,115,1582079,176,373,99938,62
86,avg-run,10000,true,uniform,READ,2642890,11504270,10111657,10079806,1007835,5,0,0,0,0,1495,1997,6282870,14519959,190478293,850434898,32430547,2600920,667435956675,743079062,72172889,6868397,1,0,0,0,0,15552,6430.041152263375,100000,152.41081,123,15367,165,311,100000
87,extend,10000,true,uniform,EXTEND,272336683,798163554,544951751,539876848,23908805,8700444,23406155,0,0,0,1495,2002,6284765,14585692,191280856,852828824,32552548,2630760,670167805488,745376708,72673671,6868397,0,0,0,0,1,152695,654.9002914306296,99939,1521.4377170073744,432,738303,2685,9719,99939,61
87,run,10000,true,uniform,READ,274557534,801417267,549998518,544913464,23908805,8700444,23406155,0,0,0,1495,2002,6284765,14587750,191293472,855045081,32552548,2630760,670189767856,745383299,72679163,6868397,1,0,0,0,0,19032,5254.308532997057,99939,187.3438097239316,125,31295,202,337,99939,61
87,reference,10000,true,uniform,READ,153196,26205828,10751507,8810637,10119,1,0,0,0,0,1495,2002,6284765,14587751,191293472,855050435,32552548,2630760,670189767856,745383299,72679163,6868397,1,0,0,0,0,2507,39888.31272437176,100000,22.03179,17,9719,43,68,100000
87,clean-run,10000,true,uniform,READ,1380543,5580837,5036536,5026455,502631,1,0,0,0,0,1495,2004,6288800,14592323,191597621,856654896,32577835,2630766,671143583542,746381274,72680344,6868415,1,0,0,0,0,16437,6083.835249741437,99935,161.43471256316604,113,131967,175,319,99935,65
87,avg-run,10000,true,uniform,READ,2670064,11548732,10159018,10128035,1012643,5,0,0,0,0,1495,2006,6291789,14608286,191931590,857925920,32612952,2637283,672095617176,747442226,72680405,6868415,1,0,0,0,0,15571,6422.195106287329,100000,152.76281,124,15583,164,296,100000
88,extend,10000,true,uniform,EXTEND,277716321,808485164,556186936,551066547,24408513,8800426,23901057,0,0,0,1495,2011,6293613,14683301,192656161,860312958,32763729,2646793,674964749867,749922840,73262809,6868415,0,0,0,0,1,167141,598.2972460377765,99949,1665.1941490159982,425,650239,7787,12351,99949,51
88,run,10000,true,uniform,READ,279957941,811723560,561281767,556145052,24408513,8800426,23901057,0,0,0,1495,2011,6293613,14686846,192714994,862539578,32763729,2646793,674970114654,749929290,73264058,6868415,1,0,0,0,0,40687,2457.7874996927767,99935,403.83433231600543,128,1148927,219,640,99935,65
88,reference,10000,true,uniform,READ,155052,26506657,10877180,8911937,10119,1,0,0,0,0,1495,2011,6293613,14686895,192724802,862553014,32763729,2646793,674970114654,749929290,73264058,6868415,1,0,0,0,0,2534,39463.29913180742,100000,22.37243,16,10191,46,72,100000
88,clean-run,10000,true,uniform,READ,1383600,5617616,5084823,5074742,507437,1,0,0,0,0,1495,2013,6294361,14691198,193026349,864167992,32831290,2646997,675934164299,750936890,73265186,6868422,1,0,0,0,0,16424,6088.650754992694,99944,161.24857920435443,116,56383,174,331,99944,56
88,avg-run,10000,true,uniform,READ,2674308,11581994,10207289,10176306,1017449,5,0,0,0,0,1495,2015,6297748,14701446,193325333,865436856,32865100,2653277,676896156578,751996682,73265251,6868422,1,0,0,0,0,18282,5469.861065528936,100000,179.62216,125,321535,170,360,100000
89,extend,10000,true,uniform,EXTEND,283147983,818797876,567528227,562350002,24913631,8900398,24401179,0,0,0,1495,2020,6299691,14773520,194113274,867862863,33014888,2673412,679830102771,754501641,73840491,6868422,0,0,0,0,1,160293,623.8575608417086,99939,1596.612993926295,406,736767,7727,9751,99939,61
89,run,10000,true,uniform,READ,285420482,822040067,572673762,567485073,24913631,8900398,24401179,0,0,0,1495,2020,6299691,14775831,194184641,870124261,33014888,2673412,679831366851,754506777,73840737,6868422,1,0,0,0,0,16084,6217.358865953743,99945,157.91528340587323,107,15287,177,296,99945,55
89,reference,10000,true,uniform,READ,156875,26807446,11001969,9013223,10119,1,0,0,0,0,1495,2020,6299691,14775853,194192813,870138799,33014888,2673412,679831366851,754506777,73840737,6868422,1,0,0,0,0,2506,39904.229848363924,100000,22.00163,17,10023,42,59,100000
89,clean-run,10000,true,uniform,READ,1385543,5653759,5136584,5125635,512433,1,0,0,0,0,1495,2022,6300024,14784955,194484515,871755724,33014892,2675171,680808910086,755531993,73845702,6869366,1,0,0,0,0,16641,6009.254251547383,99943,163.43576838798114,118,94271,179,301,99943,57
89,avg-run,10000,true,uniform,READ,2671124,11503494,10257976,10226996,1022433,5,0,0,0,0,1495,2025,6302393,14800136,194846345,873047602,33055575,2688934,681779094954,756563485,73845753,6869366,1,0,0,0,0,15776,6338.742393509127,100000,154.68354,126,14647,168,262,100000
90,extend,10000,true,uniform,EXTEND,288665632,829148340,578980041,573754833,25423172,9000388,24905900,0,0,0,1495,2029,6303936,14870322,195616776,875552714,33161746,2704424,684760767146,759059129,74405912,6869371,0,0,0,0,1,178802,559.2778604266172,99946,1782.1182038300683,432,1330175,5371,9655,99946,54
90,run,10000,true,uniform,READ,290993368,832379041,584172551,578927333,25423172,9000388,24905900,0,0,0,1495,2030,6303956,14873677,195697585,877870668,33161746,2704424,684763892160,759063542,74406628,6869371,1,0,0,0,0,19193,5210.232897410514,99936,188.92675312199808,126,15807,208,326,99936,64
90,reference,10000,true,uniform,READ,158731,27108275,11127642,9114523,10119,1,0,0,0,0,1495,2030,6303956,14873710,195707884,877874539,33161746,2704424,684763892210,759063543,74406628,6869371,1,0,0,0,0,2475,40404.0404040404,100000,21.71735,17,10487,43,70,100000
90,clean-run,10000,true,uniform,READ,1391582,5681515,5185272,5174323,517253,1,0,0,0,0,1495,2033,6304883,14882326,196014289,879496867,33184076,2707341,685751386478,760095729,74410258,6872261,1,0,0,0,0,16306,6132.711885195634,99944,160.1500940526695,117,15679,176,286,99944,56
90,avg-run,10000,true,uniform,READ,2678773,11529646,10306678,10275698,1027253,5,0,0,0,0,1495,2034,6304972,14899475,196345395,880791146,33217872,2717739,687213603627,761504771,74635466,6872348,1,0,0,0,0,15865,6303.183107469272,100000,155.58808,127,15855,170,317,100000
91,extend,10000,true,uniform,EXTEND,294292135,839446490,590537627,585246801,25937857,9100364,25415762,0,0,0,1495,2040,6306689,14961551,197060793,883397699,33323859,2731027,689902349564,763525884,74953077,6872348,0,0,0,0,1,138813,720.3936230756485,99943,1382.5185455709754,436,654847,2125,8887,99943,57
91,run,10000,true,uniform,READ,296666100,842665892,595777262,590466426,25937857,9100364,25415762,0,0,0,1495,2040,6306689,14964884,197136451,885757402,33323859,2731027,689914979679,763529744,74956184,6872348,1,0,0,0,0,19310,5178.663904712585,99924,190.191305392098,129,15687,209,353,99924,76
91,reference,10000,true,uniform,READ,160554,27409064,11252431,9215809,10119,1,0,0,0,0,1495,2040,6306689,14964910,197146444,885766095,33323859,2731027,689914979679,763529744,74956184,6872348,1,0,0,0,0,2540,39370.07874015748,100000,22.38653,17,10511,43,64,100000
91,clean-run,10000,true,uniform,READ,1400938,5703155,5231818,5221737,522076,1,0,0,0,0,1495,2043,6307479,14971318,197471065,887401135,33353466,2749820,690913536777,764573947,74960961,6872752,1,0,0,0,0,27660,3615.3289949385394,99936,273.58540465898176,118,1182719,178,385,99936,64
91,avg-run,10000,true,uniform,READ,2778642,11659573,10355374,10323514,1032090,16,1,0,0,0,1495,2045,6307669,14986856,197823438,888689494,33382572,2775839,692509084341,766138092,75237926,6872759,1,0,0,0,0,16022,6241.4180501810015,100000,157.18423,127,147839,167,320,100000
92,extend,10000,true,uniform,EXTEND,300062699,849742853,602199146,596843116,26457522,9200336,25930457,0,0,0,1495,2050,6309194,15043961,198568150,891349975,33496394,2789930,695210664864,768066407,75566271,6872759,0,0,0,0,1,126065,793.2415817237139,99939,1255.3393169833598,442,644607,1866,8727,99939,61
92,run,10000,true,uniform,READ,302497315,852960910,607490342,602124175,26457522,9200336,25930457,0,0,0,1495,2050,6309194,15046395,198637507,893781026,33496394,2789930,695220867745,768070743,75568746,6872759,1,0,0,0,0,19173,5215.667866270276,99940,188.81447868721233,124,45919,206,276,99940,60
92,reference,10000,true,uniform,READ,162377,27709853,11377220,9317095,10119,1,0,0,0,0,1495,2050,6309199,15046404,198641561,893786497,33496394,2789930,695220867745,768070743,75568746,6872759,1,0,0,0,0,2527,39572.615749901066,100000,22.25163,17,10991,44,75,100000
92,clean-run,10000,true,uniform,READ,1413194,5723601,5284272,5273243,527046,1,0,0,0,0,1495,2053,6309674,15053307,198942418,895441952,33529448,2798855,696230533097,769125780,75573995,6876470,1,0,0,0,0,20268,4933.885928557332,99953,199.65443758566525,104,662015,170,325,99953,47
92,avg-run,10000,true,uniform,READ,2697546,11574512,10405638,10374578,1037046,5,0,0,0,0,1495,2055,6309817,15067137,199262851,896727141,33553208,2811190,697867984267,770610477,75854104,6876558,1,0,0,0,0,16611,6020.1071579074105,100000,163.10856,130,548351,172,306,100000
93,extend,10000,true,uniform,EXTEND,305974677,860055864,613973357,608571455,26981942,9300320,26449940,0,0,0,1495,2060,6311254,15130730,200130155,899461652,33681434,2818848,700679258989,772688853,76202905,6876558,0,0,0,0,1,154372,647.7858679035058,99951,1538.1128853138039,445,723967,2527,9151,99951,49
93,run,10000,true,uniform,READ,308466677,863275914,619314711,613901810,26981943,9300331,26449941,0,0,0,1495,2060,6311359,15133927,200183523,901939883,33736095,2821163,700685023688,772700863,76204673,6876558,1,0,0,0,0,32425,3084.040092521203,99948,321.16445551686877,130,1304575,220,487,99948,52
93,reference,10000,true,uniform,READ,164233,28010682,11502893,9418395,10119,1,0,0,0,0,1495,2061,6311365,15133940,200199208,901941767,33736095,2821163,700685023688,772700863,76204673,6876558,1,0,0,0,0,2543,39323.63350373574,100000,22.45465,17,10183,45,79,100000
93,clean-run,10000,true,uniform,READ,1426616,5736223,5331830,5320881,531983,1,0,0,0,0,1495,2064,6311899,15137851,200496441,903615699,33738890,2833862,701701882818,773757625,76205748,6876572,1,0,0,0,0,19030,5254.860746190226,99933,187.30413376962565,99,567807,149,382,99933,67
93,avg-run,10000,true,uniform,READ,2711516,11586573,10453182,10422202,1041983,5,0,0,0,0,1495,2066,6312033,15151726,200840044,904909534,33764157,2845473,703394347749,775280398,76518521,6876572,1,0,0,0,0,15181,6587.181345102431,100000,148.77939,120,15631,161,315,100000
94,extend,10000,true,uniform,EXTEND,311948479,870389769,625855139,620397777,27511244,9400306,26974273,0,0,0,1495,2071,6313648,15212807,201726943,907602189,33896107,2867144,706073803309,777363712,76854633,6876572,0,0,0,0,1,143142,698.6069776864931,99942,1426.066608633007,436,792575,2221,9191,99942,58
94,run,10000,true,uniform,READ,314901022,873971086,631246082,625770123,27511245,9400317,26974274,0,0,0,1495,2072,6313696,15215218,201795327,910049505,33896107,2867144,706785419874,777811746,77148656,6876572,1,0,0,0,0,18834,5309.546564723372,99938,185.3256519041806,113,16015,206,318,99938,62
94,reference,10000,true,uniform,READ,166056,28311471,11627682,9519681,10119,1,0,0,0,0,1495,2072,6313696,15215219,201795327,910051866,33896107,2867144,706785419874,777811746,77148656,6876572,1,0,0,0,0,2523,39635.35473642489,100000,22.16711,16,10127,44,79,100000
94,clean-run,10000,true,uniform,READ,1445436,5742356,5378176,5368095,536952,1,0,0,0,0,1495,2074,6313856,15221955,202098538,911741935,33917554,2867306,707813042796,778878459,77149744,6986750,1,0,0,0,0,14746,6781.500067815001,99920,144.5218975180144,97,15855,165,249,99920,80
94,avg-run,10000,true,uniform,READ,2791450,11666366,10500434,10469452,1046952,5,0,0,0,0,1495,2076,6315742,15231821,202399913,913035001,33947036,2869231,708837257933,779977274,77149800,6986750,1,0,0,0,0,17031,5871.645822323997,100000,167.25453,119,586751,161,328,100000
95,extend,10000,true,uniform,EXTEND,318288264,881086562,637845592,632326308,28045362,9500280,27503463,0,0,0,1495,2082,6317534,15303872,203287604,915645160,34104437,2899273,712109639400,782513270,77764876,6986750,0,0,0,0,1,192886,518.4409443920243,99930,1923.334414089863,439,1530879,7679,12447,99930,70
95,run,10000,true,uniform,READ,320680712,884306503,643285210,637755575,28045362,9500280,27503463,0,0,0,1495,2082,6317534,15306016,203300379,918033447,34104437,2899273,712115690403,782520130,77766283,6986750,1,0,0,0,0,19522,5122.425980944576,99935,192.23597338269875,131,15919,208,391,99935,65
95,reference,10000,true,uniform,READ,167879,28612260,11752471,9620967,10119,1,0,0,0,0,1495,2082,6317534,15306017,203300379,918038738,34104437,2899273,712115690403,782520130,77766283,6986750,1,0,0,0,0,2506,39904.229848363924,100000,22.05402,17,10071,43,76,100000
95,clean-run,10000,true,uniform,READ,1466339,5747614,5429768,5418819,541880,1,0,0,0,0,1495,2084,6317777,15308720,203548241,919748262,34151924,2901488,713153913990,783596712,77767366,7100179,1,0,0,0,0,15135,6607.201850016518,99953,148.42706071853772,104,15591,165,293,99953,47
95,avg-run,10000,true,uniform,READ,2751526,11597670,10551118,10520138,1051880,5,0,0,0,0,1495,2086,6320301,15315350,203882219,921036711,34160656,2901929,714184122050,784628200,77767417,7100179,1,0,0,0,0,15381,6501.527859046876,100000,150.81453,122,16135,162,273,100000
96,extend,10000,true,uniform,EXTEND,324045062,891441265,649946523,644380938,28584747,9600276,28037855,0,0,0,1495,2092,6322053,15397730,204755003,923595089,34281275,2950640,717417759999,787245185,78403462,7100179,0,0,0,0,1,209601,477.0969604152652,99952,2089.6004782295504,437,1024511,8023,15831,99952,48
96,run,10000,true,uniform,READ,326406952,894651368,655436026,649850431,28584747,9600276,28037855,0,0,0,1495,2092,6322053,15400738,204824757,925948134,34281275,2950640,717422756984,787251775,78404637,7100179,1,0,0,0,0,19066,5244.93863421798,99951,187.70844713909815,128,19679,207,323,99951,49
96,reference,10000,true,uniform,READ,169735,28913089,11878144,9722267,10119,1,0,0,0,0,1495,2092,6322053,15400747,204834727,925949943,34281275,2950640,717422858160,787251826,78404651,7100179,1,0,0,0,0,2542,39339.10306845004,100000,22.41675,16,11295,45,79,100000
96,clean-run,10000,true,uniform,READ,1491801,5747093,5481655,5470627,546823,17,0,0,0,0,1495,2094,6322602,15405478,205144750,927682127,34353969,2955730,718472173470,788338348,78405810,7100239,1,0,0,0,0,17361,5760.036864235931,99925,170.60297222917188,98,640511,156,274,99925,75
96,avg-run,10000,true,uniform,READ,2778615,11595542,10603019,10571962,1056823,21,0,0,0,0,1495,2096,6322972,15422420,205489975,928966584,34379150,2966930,719512254629,789369838,78405860,7100239,1,0,0,0,0,15250,6557.377049180328,100000,149.49556,119,15711,163,269,100000
97,extend,10000,true,uniform,EXTEND,329770945,901866867,662155481,656525422,29129343,9700239,28577412,0,0,0,1495,2102,6324694,15492031,206283197,931531472,34500475,2984965,722513786307,792053418,79010322,7100240,0,0,0,0,1,159430,627.2345229881453,99930,1588.8615831081756,446,672767,3869,9735,99930,70
97,run,10000,true,uniform,READ,332159295,905085476,667696295,662055223,29129343,9700239,28577412,0,0,0,1495,2102,6324694,15495183,206358608,933903402,34500475,2984965,722525688762,792058873,79013241,7100240,1,0,0,0,0,19927,5018.316856526321,99928,196.31198462893283,131,135551,213,390,99928,72
97,reference,10000,true,uniform,READ,171558,29213878,12002933,9823553,10119,1,0,0,0,0,1495,2102,6324694,15495261,206369152,933921458,34500475,2984965,722525688762,792058873,79013241,7100240,1,0,0,0,0,2515,39761.431411530815,100000,22.13131,17,9959,44,74,100000
97,clean-run,10000,true,uniform,READ,1514081,5746003,5530084,5519136,551911,1,0,0,0,0,1495,2104,6325274,15503634,206671105,935678929,34544204,2994032,723588238464,793162326,79017806,7100468,1,0,0,0,0,16320,6127.450980392156,99923,160.192678362339,93,497407,147,257,99923,77
97,avg-run,10000,true,uniform,READ,2800850,11594550,10651474,10620497,1061911,5,0,0,0,0,1495,2107,6325517,15517098,207038851,936965011,34558951,3007311,724638670402,794193817,79017925,7100468,1,0,0,0,0,15376,6503.642039542144,100000,150.72156,121,15759,162,280,100000
98,extend,10000,true,uniform,EXTEND,335583560,912347190,674476959,668798819,29678885,9800215,29121916,0,0,0,1495,2112,6326876,15588445,207890187,939584445,34737306,3022183,727734629203,796850865,79610355,7100468,0,0,0,0,1,201796,495.549961347103,99932,2012.6565064243687,442,3676159,5787,12271,99932,68
98,run,10000,true,uniform,READ,338007524,915558039,680066581,674377620,29678885,9800215,29121916,0,0,0,1495,2112,6327001,15591237,207970758,941996784,34765792,3022357,727743060366,796856141,79612366,7100468,1,0,0,0,0,19749,5063.547521393488,99921,194.61817836090512,135,16071,214,325,99921,79
98,reference,10000,true,uniform,READ,173414,29514707,12128606,9924853,10119,1,0,0,0,0,1495,2113,6327022,15591273,207986570,942011395,34765792,3022357,727743060366,796856141,79612366,7100468,1,0,0,0,0,2495,40080.160320641284,100000,21.95704,17,10007,43,69,100000
98,clean-run,10000,true,uniform,READ,1526719,5755077,5581530,5570582,556949,1,0,0,0,0,1495,2115,6327618,15599929,208245872,943788447,34775404,3024722,729210250624,798315849,79817026,7180626,1,0,0,0,0,14208,7038.288288288289,99934,139.11634678888066,99,16495,155,296,99934,66
98,avg-run,10000,true,uniform,READ,2813201,11603858,10702894,10671917,1066949,5,0,0,0,0,1495,2117,6328812,15608924,208528181,945068657,34780723,3025778,730270332736,799347337,79817075,7180626,1,0,0,0,0,15533,6437.906392841048,100000,152.37833,124,15647,165,248,100000
99,extend,10000,true,uniform,EXTEND,341429853,922783747,686907064,681181683,30233295,9900187,29671250,0,0,0,1495,2123,6330382,15672010,209437007,947760712,34909348,3050895,733032685089,801511697,80123745,7180626,0,0,0,0,1,147728,676.9197443951045,99928,1471.939286286126,448,862207,2201,9439,99928,72
99,run,10000,true,uniform,READ,344341501,926358302,692549375,686812157,30233297,9900198,29671252,0,0,0,1495,2123,6330382,15674102,209496495,950185105,34909348,3050895,733543978218,801896464,80363157,7180626,1,0,0,0,0,18458,5417.705060136526,99940,181.6431358815289,107,19535,205,346,99940,60
99,reference,10000,true,uniform,READ,175237,29815496,12253395,10026139,10119,1,0,0,0,0,1495,2123,6330382,15674103,209496495,950197559,34909348,3050895,733543978218,801896464,80363157,7180626,1,0,0,0,0,2503,39952.05753096285,100000,22.02285,17,9375,42,69,100000
99,clean-run,10000,true,uniform,READ,1545319,5757735,5630387,5620307,562025,1,0,0,0,0,1495,2125,6330616,15680269,209805508,951993499,34943239,3059164,734624722259,803013396,80364238,7294153,1,0,0,0,0,16950,5899.705014749263,99919,166.60628108768103,119,304127,179,344,99919,81
99,avg-run,10000,true,uniform,READ,3124534,11714292,11752871,11721890,1172038,5,0,0,0,0,1495,2127,6330825,15700871,210165204,953521460,34985583,3062690,735714405950,804310824,80367791,7294153,1,0,0,0,0,16164,6186.5874783469435,100000,158.63931,124,15775,171,326,100000
100,extend,10000,true,uniform,EXTEND,347375121,933194935,699450206,693677295,30792797,10000144,30225611,0,0,0,1495,2133,6332221,15766215,211010690,956278560,35080277,3081876,738645632306,806520024,80712156,7294153,0,0,0,0,1,148408,673.8181230122366,99924,1478.7811836996118,435,740351,2309,9111,99924,76
100,run,10000,true,uniform,READ,349879714,936383992,705142593,699359000,30792797,10000144,30225611,0,0,0,1495,2133,6332221,15770081,211095217,958767349,35080277,3081876,738650696923,806523808,80713393,7294153,1,0,0,0,0,20019,4995.254508217194,99940,197.33861316790075,134,16783,218,311,99940,60
100,reference,10000,true,uniform,READ,177060,30116285,12378184,10127425,10119,1,0,0,0,0,1495,2133,6332221,15770115,211101457,958786706,35080277,3081876,738650696923,806523808,80713393,7294153,1,0,0,0,0,2516,39745.6279809221,100000,22.06756,17,10031,44,68,100000
100,clean-run,10000,true,uniform,READ,1556381,5769501,5682848,5671900,567166,1,0,0,0,0,1495,2136,6332800,15778929,211434682,960600667,35128957,3090915,739744952890,807658316,80718150,7296876,1,0,0,0,0,18767,5328.502158043374,99933,184.67202025356988,126,557055,185,280,99933,67
100,avg-run,10000,true,uniform,READ,3084838,11658577,11804253,11773276,1177166,5,0,0,0,0,1495,2138,6332931,15795997,211877894,962130229,35164513,3107380,740838451533,808890078,80718229,7296876,1,0,0,0,0,16430,6086.427267194157,100000,161.30204,129,16447,174,320,100000
