Epoch,Phase,Recordcount,Readallfields,Requestdist,Operation,blks_read,blks_hit,tup_returned,tup_fetched,tup_inserted,tup_updated,tup_deleted,deadlocks,temp_files,temp_bytes,checkpoints_timed,checkpoints_req,buffers_checkpoint,buffers_clean,buffers_backend,buffers_alloc,checkpoint_write_time,checkpoint_sync_time,wal_bytes,wal_records,wal_fpi,wal_buffers_full,Readprop,Updateprop,Scanprop,Insertprop,Extendprop,Runtime(ms),Throughput(ops/sec),Operations,AverageLatency(us),MinLatency(us),MaxLatency(us),95thPercentileLatency(us),99thPercentileLatency(us),Return=OK
0,load,1000,true,uniform,INSERT,153,5295,1084,997,1046,1,0,0,0,0,1495,1448,5069105,9154901,115635637,491337388,21895412,1434897,419083951862,485129774,44370429,3987647,0,0,0,1,0,660,1515.1515151515152,1000,433.133,255,8051,755,933,1000
1,extend,1000,true,uniform,EXTEND,767,112978,26192,23636,1883,10001,152,0,0,0,1495,1448,5069105,9154901,115635637,491338157,21895412,1434897,419093726304,485166331,44370429,3987647,0,0,0,0,1,3955,2528.4450063211125,10000,369.8964,260,26863,668,849,10000
1,run,1000,true,uniform,READ,797,627216,199524,193747,2002,10001,152,0,0,0,1495,1448,5069105,9154901,115635637,491338187,21895412,1434897,419094109142,485168658,44370437,3987647,1,0,0,0,0,2765,36166.365280289334,100000,24.4248,17,9359,48,79,100000
1,reference,1000,true,uniform,READ,153,305930,102304,101213,1046,1,0,0,0,0,1495,1448,5069105,9154901,115635637,491338187,21895412,1434897,419094109290,485168661,44370437,3987647,1,0,0,0,0,2466,40551.500405515006,100000,21.3389,16,9095,44,74,100000
1,clean-run,1000,true,uniform,READ,302,505054,168573,167487,1710,1,0,0,0,0,1495,1449,5070994,9154901,115636890,491339410,21895422,1434906,419100668021,485171661,44371373,3987665,1,0,0,0,0,2687,37216.22627465575,99920,23.71900520416333,17,9271,46,79,99920,80
1,avg-run,1000,true,uniform,READ,599,1115624,371933,368806,3710,5,0,0,0,0,1495,1449,5070994,9154901,115636890,491339722,21895422,1434906,419103201437,485176847,44371381,3987665,1,0,0,0,0,2666,37509.377344336084,100000,23.41398,19,8991,44,64,100000
2,extend,1000,true,uniform,EXTEND,1104,809269,269564,238487,5889,19994,1937,0,0,0,1495,1449,5070994,9154901,115636890,491340029,21895422,1434906,419115238282,485222273,44372076,3987665,0,0,0,0,1,3871,2583.311805734952,9993,362.46512558791153,261,27039,665,852,9993,7
2,run,1000,true,uniform,READ,1104,1948919,651541,619295,5889,19994,1937,0,0,0,1495,1449,5070994,9154901,115636890,491340029,21895422,1434906,419115252836,485222507,44372076,3987665,1,0,0,0,0,3124,32010.243277848913,99892,28.095693348816724,18,10095,54,82,99892,108
2,reference,1000,true,uniform,READ,168,609026,206541,202556,1119,1,0,0,0,0,1495,1449,5070994,9154901,115636890,491340058,21895422,1434906,419115489435,485222789,44372077,3987665,1,0,0,0,0,2456,40716.612377850164,100000,21.25445,16,9151,42,65,100000
2,clean-run,1000,true,uniform,READ,445,1114421,368256,367170,3706,1,0,0,0,0,1495,1450,5072105,9154901,115638159,491341424,21895429,1434909,419123341638,485229787,44373012,3987683,1,0,0,0,0,3019,33123.55084465055,99899,27.038048428913203,18,9671,50,70,99899,101
2,avg-run,1000,true,uniform,READ,886,2640275,871616,868489,8706,5,0,0,0,0,1495,1450,5072105,9154901,115638159,491341865,21895429,1434909,419127172055,485240832,44373014,3987683,1,0,0,0,0,3131,31938.677738741615,100000,28.12634,23,9583,54,77,100000
3,extend,1000,true,uniform,EXTEND,2068,2213315,744683,687353,11125,29980,5586,0,0,0,1495,1450,5072105,9154901,115638159,491342860,21895429,1434909,419144488808,485292717,44373940,3987683,0,0,0,0,1,3886,2573.340195573855,9986,363.9320048067294,269,28415,678,853,9986,14
3,run,1000,true,uniform,READ,2068,3832175,1286107,1226494,11125,29980,5586,0,0,0,1495,1450,5072105,9154901,115638159,491342871,21895429,1434909,419144504258,485292964,44373940,3987683,1,0,0,0,0,3378,29603.315571343992,99911,30.62389526678744,20,10015,56,84,99911,89
3,reference,1000,true,uniform,READ,168,911488,309794,303786,1119,1,0,0,0,0,1495,1450,5072105,9154901,115638159,491342871,21895429,1434909,419144504258,485292964,44373940,3987683,1,0,0,0,0,2465,40567.95131845842,100000,21.40927,16,9959,43,68,100000
3,clean-run,1000,true,uniform,READ,646,1600575,528138,526181,5475,1,0,0,0,0,1495,1451,5074004,9154901,115640370,491344438,21895439,1434913,419154047067,485303848,44374876,3987768,1,0,0,0,0,3319,30129.557095510696,99900,30.03853853853854,20,10191,57,85,99900,100
3,avg-run,1000,true,uniform,READ,1260,3737197,1232425,1228427,12475,5,0,0,0,0,1495,1451,5074004,9154901,115640370,491345052,21895439,1434913,419159169990,485318898,44374878,3987768,1,0,0,0,0,3445,29027.57619738752,100000,31.32738,26,9767,56,93,100000
4,extend,1000,true,uniform,EXTEND,3309,4156684,1396114,1309879,17221,39967,10640,0,0,0,1495,1451,5074004,9154901,115640370,491346287,21895439,1434913,419180688556,485373836,44376166,3987768,0,0,0,0,1,4064,2460.6299212598424,9987,381.0285370982277,273,119999,686,896,9987,13
4,run,1000,true,uniform,READ,3309,6088283,2041324,1952805,17221,39967,10640,0,0,0,1495,1451,5074004,9154901,115640370,491346293,21895439,1434913,419180702474,485374060,44376166,3987768,1,0,0,0,0,3600,27777.777777777777,99912,32.885999679718154,23,9687,57,84,99912,88
4,reference,1000,true,uniform,READ,168,1213950,413047,405016,1119,1,0,0,0,0,1495,1451,5074004,9154901,115640370,491346293,21895439,1434913,419180702474,485374060,44376166,3987768,1,0,0,0,0,2425,41237.113402061856,100000,20.99564,17,9391,43,63,100000
4,clean-run,1000,true,uniform,READ,796,1924881,634127,632170,6570,1,0,0,0,0,1495,1452,5076543,9154901,115643190,491347945,21895451,1434917,419191508904,485387284,44377102,3987993,1,0,0,0,0,3541,28240.60999717594,99901,32.17083913073943,23,10591,60,96,99901,99
4,avg-run,1000,true,uniform,READ,1546,4366812,1438610,1434612,14570,5,0,0,0,0,1495,1452,5076543,9154901,115643190,491348760,21895451,1434917,419197780063,485404337,44377104,3987993,1,0,0,0,0,3646,27427.317608337904,100000,33.32879,27,10007,54,84,100000
5,extend,1000,true,uniform,EXTEND,4638,6448819,2161807,2046796,23859,49958,16512,0,0,0,1495,1452,5076543,9154901,115643190,491350084,21895451,1434917,419222723406,485461170,44378783,3987993,0,0,0,0,1,4061,2462.447672986949,9991,381.47823040736665,271,28351,694,922,9991,9
5,run,1000,true,uniform,READ,4638,8612000,2883758,2766490,23859,49958,16512,0,0,0,1495,1452,5076543,9154901,115643190,491350089,21895451,1434917,419222737338,485461393,44378783,3987993,1,0,0,0,0,3855,25940.33722438392,99894,35.38222515866819,25,11295,62,97,99894,106
5,reference,1000,true,uniform,READ,168,1516412,516300,506246,1119,1,0,0,0,0,1495,1452,5076543,9154901,115643190,491350089,21895451,1434917,419222737338,485461393,44378783,3987993,1,0,0,0,0,2403,41614.64835622139,100000,20.85926,16,9735,43,59,100000
5,clean-run,1000,true,uniform,READ,939,2159088,710662,708705,7374,1,0,0,0,0,1495,1453,5079559,9154901,115646384,491351949,21895467,1434920,419234759320,485476381,44379719,3988356,1,0,0,0,0,3667,27270.248159258248,99895,33.528214625356625,24,10463,59,95,99895,105
5,avg-run,1000,true,uniform,READ,1806,4601295,1515313,1511315,15374,5,0,0,0,0,1495,1453,5079559,9154901,115646384,491352816,21895467,1434920,419242030449,485493433,44379721,3988356,1,0,0,0,0,3712,26939.655172413793,100000,33.99204,28,9895,58,81,100000
6,extend,1000,true,uniform,EXTEND,6031,8998938,3011927,2868388,30906,59952,23002,0,0,0,1495,1453,5079559,9154901,115646384,491354209,21895467,1434920,419269946220,485551435,44381755,3988356,0,0,0,0,1,4208,2376.425855513308,9994,395.8203922353412,279,26895,717,917,9994,6
6,run,1000,true,uniform,READ,6031,11330396,3789587,3643811,30906,59952,23002,0,0,0,1495,1453,5079559,9154901,115646384,491354209,21895467,1434920,419269959652,485551650,44381755,3988356,1,0,0,0,0,3984,25100.4016064257,99907,36.62725334561142,27,10039,55,107,99907,93
6,reference,1000,true,uniform,READ,168,1818874,619553,607476,1119,1,0,0,0,0,1495,1453,5079559,9154901,115646384,491354209,21895467,1434920,419269959652,485551650,44381755,3988356,1,0,0,0,0,2446,40883.07440719542,100000,21.16986,16,10071,42,60,100000
6,clean-run,1000,true,uniform,READ,996,2312910,760704,759618,7635,1,0,0,0,0,1495,1454,5082994,9154901,115649902,491356126,21895482,1434925,419291225820,485582045,44388600,3988908,1,0,0,0,0,3859,25913.449080072558,99894,35.389552926101665,26,10199,64,98,99894,106
6,avg-run,1000,true,uniform,READ,1959,5059777,1664064,1660937,16635,5,0,0,0,0,1495,1454,5082994,9154901,115649902,491357176,21895482,1434925,419299640543,485601100,44388602,3988908,1,0,0,0,0,3895,25673.940949935815,100000,35.8466,30,9815,56,100,100000
7,extend,1000,true,uniform,EXTEND,6138,11778600,3930683,3758166,38723,69949,30148,0,0,0,1495,1454,5082994,9154901,115649902,491357288,21895482,1434925,419316917923,485661157,44388721,3988908,0,0,0,0,1,4207,2376.990729736154,9986,396.03595033046264,276,27695,713,1022,9986,14
7,run,1000,true,uniform,READ,6138,14238726,4752562,4578808,38723,69949,30148,0,0,0,1495,1454,5082994,9154901,115649902,491357288,21895482,1434925,419316934011,485661412,44388721,3988908,1,0,0,0,0,4252,23518.344308560678,99896,39.36087531032273,28,10495,67,110,99896,104
7,reference,1000,true,uniform,READ,168,2121409,723690,708720,1119,1,0,0,0,0,1495,1454,5082994,9154901,115649902,491357288,21895482,1434925,419316934011,485661412,44388721,3988908,1,0,0,0,0,2470,40485.82995951417,100000,21.36211,16,9519,43,68,100000
7,clean-run,1000,true,uniform,READ,1127,2451678,806183,805097,8088,1,0,0,0,0,1495,1455,5089144,9154901,115652379,491359336,21895513,1434927,419330433852,485677275,44389656,3989489,1,0,0,0,0,3985,25094.10288582183,99901,36.745888429545246,27,11319,57,103,99901,99
7,avg-run,1000,true,uniform,READ,2408,5226648,1719018,1715020,17511,5,0,0,0,0,1495,1455,5089144,9154901,115652379,491360617,21895513,1434927,419340782178,485698071,44389659,3989489,1,0,0,0,0,3981,25119.316754584277,100000,36.68913,30,9887,57,85,100000
8,extend,1000,true,uniform,EXTEND,6284,14659950,4891293,4692739,46446,79939,37492,0,0,0,1495,1455,5089144,9154901,115652379,491360737,21895513,1434927,419372289253,485758237,44392811,3989489,0,0,0,0,1,4086,2447.381302006853,9990,383.83963963963964,280,28111,699,892,9990,10
8,run,1000,true,uniform,READ,6284,17232559,5750930,5551164,46446,79939,37492,0,0,0,1495,1455,5089144,9154901,115652379,491360763,21895513,1434927,419372306245,485758505,44392811,3989489,1,0,0,0,0,4450,22471.91011235955,99901,41.377343570134435,29,10791,65,106,99901,99
8,reference,1000,true,uniform,READ,168,2423871,826943,809950,1119,1,0,0,0,0,1495,1455,5089144,9154901,115652379,491360763,21895513,1434927,419372306245,485758505,44392811,3989489,1,0,0,0,0,2423,41271.15146512588,100000,21.06878,16,9927,44,68,100000
8,clean-run,1000,true,uniform,READ,1253,2571013,845488,844402,8476,1,0,0,0,0,1495,1456,5093039,9154901,115655252,491362937,21895533,1434930,419386862405,485775147,44393746,3990059,1,0,0,0,0,4187,23883.44877000239,99903,38.782979490105404,27,10799,63,92,99903,97
8,avg-run,1000,true,uniform,READ,2657,5346591,1758373,1754375,17949,5,0,0,0,0,1495,1456,5093039,9154901,115655252,491364341,21895533,1434930,419398324558,485796154,44393749,3990059,1,0,0,0,0,4005,24968.789013732832,100000,37.08078,30,10343,61,89,100000
9,extend,1000,true,uniform,EXTEND,7483,17664877,5893533,5669101,54413,89932,45172,0,0,0,1495,1456,5093039,9154901,115655252,491365535,21895533,1434930,419432112012,485856695,44396722,3990059,0,0,0,0,1,4042,2474.022761009401,9993,380.48343840688483,283,26895,690,864,9993,7
9,run,1000,true,uniform,READ,7483,20318135,6782086,6556432,54413,89932,45172,0,0,0,1495,1456,5093039,9154901,115655252,491365540,21895533,1434930,419432128838,485856963,44396722,3990059,1,0,0,0,0,4526,22094.56473707468,99910,42.28945050545491,29,11447,72,108,99910,90
9,reference,1000,true,uniform,READ,168,2726333,930196,911180,1119,1,0,0,0,0,1495,1456,5093039,9154901,115655252,491365540,21895533,1434930,419432128838,485856963,44396722,3990059,1,0,0,0,0,2405,41580.04158004158,100000,21.11691,16,9383,43,67,100000
9,clean-run,1000,true,uniform,READ,1382,2661958,877221,876135,8797,1,0,0,0,0,1495,1457,5097645,9154901,115659427,491367843,21895565,1434935,419447731905,485874257,44397657,3990799,1,0,0,0,0,4246,23551.577955723034,99906,39.37763497687826,28,11439,59,104,99906,94
9,avg-run,1000,true,uniform,READ,2873,5715073,1881572,1877574,18797,5,0,0,0,0,1495,1457,5097645,9154901,115659427,491369334,21895565,1434935,419459295656,485895320,44397659,3990799,1,0,0,0,0,4215,23724.79240806643,100000,39.18204,32,10927,56,106,100000
10,extend,1000,true,uniform,EXTEND,8849,20760471,6927916,6677637,62677,99926,53167,0,0,0,1495,1457,5097645,9154901,115659427,491370699,21895565,1434935,419495458819,485956701,44400720,3990799,0,0,0,0,1,4238,2359.603586597452,9994,399.5296177706624,285,28863,708,878,9994,6
10,run,1000,true,uniform,READ,8849,23479533,7843143,7591668,62677,99926,53167,0,0,0,1495,1457,5097645,9154901,115659427,491370700,21895565,1434935,419495474209,485956946,44400720,3990799,1,0,0,0,0,4551,21973.192704900022,99893,42.56464416926111,31,11967,62,118,99893,107
10,reference,1000,true,uniform,READ,168,3028795,1033449,1012410,1119,1,0,0,0,0,1495,1457,5097645,9154901,115659427,491370700,21895565,1434935,419495474209,485956946,44400720,3990799,1,0,0,0,0,2452,40783.034257748775,100000,21.62853,16,10007,43,71,100000
10,clean-run,1000,true,uniform,READ,1626,2746932,909078,907121,9521,1,0,0,0,0,1495,1458,5102487,9154901,115663985,491373247,21895590,1434937,419513103088,485976959,44401656,3991787,1,0,0,0,0,4359,22941.041523285156,99909,40.561851284669046,30,10111,57,109,99909,91
10,avg-run,1000,true,uniform,READ,3117,5800492,1914245,1910247,19521,5,0,0,0,0,1495,1458,5102487,9154901,115663985,491374738,21895590,1434937,419525656047,485998017,44401658,3991787,1,0,0,0,0,4285,23337.222870478414,100000,39.85249,33,11439,59,109,100000
11,extend,1000,true,uniform,EXTEND,10006,23971105,7996416,7719695,71634,109926,61745,0,0,0,1495,1458,5102487,9154901,115663985,491375895,21895590,1434937,419566928369,486082770,44409675,3991787,0,0,0,0,1,4382,2282.0629849383845,9989,412.86465111622783,286,28495,730,991,9989,11
11,run,1000,true,uniform,READ,10006,26746124,8940670,8662764,71634,109926,61745,0,0,0,1495,1458,5102487,9154901,115663985,491375895,21895590,1434937,419566941835,486082984,44409675,3991787,1,0,0,0,0,4722,21177.467174925878,99882,44.22145131254881,32,11487,74,106,99882,118
11,reference,1000,true,uniform,READ,168,3331330,1137586,1113654,1119,1,0,0,0,0,1495,1458,5102487,9154901,115663985,491375895,21895590,1434937,419566941835,486082984,44409675,3991787,1,0,0,0,0,2448,40849.67320261438,100000,21.4616,16,10007,43,76,100000
11,clean-run,1000,true,uniform,READ,1649,2790857,934241,933155,9367,1,0,0,0,0,1495,1459,5111489,9154901,115668580,491378465,21895633,1434939,419584625436,486101424,44410610,3992614,1,0,0,0,0,4454,22451.7287831163,99886,41.582003483971725,30,11111,67,116,99886,114
11,avg-run,1000,true,uniform,READ,3389,5847885,1938665,1934667,19380,5,0,0,0,0,1495,1459,5111489,9154901,115668580,491380205,21895633,1434939,419598280639,486124014,44410613,3992614,1,0,0,0,0,4320,23148.14814814815,100000,40.19309,33,10367,65,101,100000
12,extend,1000,true,uniform,EXTEND,10006,27207691,9093953,8791624,80665,119920,70362,0,0,0,1495,1459,5111489,9154901,115668580,491380205,21895633,1434939,419634438057,486187023,44414278,3992614,0,0,0,0,1,4271,2341.3720440177945,9994,402.89233540124076,286,28847,714,955,9994,6
12,run,1000,true,uniform,READ,10006,30048624,10079614,9776101,80665,119920,70362,0,0,0,1495,1459,5111489,9154901,115668580,491380205,21895633,1434939,419634452593,486187251,44414278,3992614,1,0,0,0,0,4809,20794.343938448743,99913,45.05050393842643,33,11351,66,115,99913,87
12,reference,1000,true,uniform,READ,168,3633792,1240839,1214884,1119,1,0,0,0,0,1495,1459,5111489,9154901,115668580,491380205,21895633,1434939,419634452593,486187251,44414278,3992614,1,0,0,0,0,2424,41254.12541254125,100000,21.14299,16,9903,43,58,100000
12,clean-run,1000,true,uniform,READ,1784,2857096,975201,974115,9775,1,0,0,0,0,1495,1460,5116894,9154901,115672288,491382910,21895660,1434942,419653195032,486206544,44415213,3993583,1,0,0,0,0,4554,21958.717610891523,99898,42.542563414682974,33,11503,60,117,99898,102
12,avg-run,1000,true,uniform,READ,3524,5914054,1979604,1975606,19788,5,0,0,0,0,1495,1460,5116894,9154901,115672288,491384650,21895660,1434942,419667850181,486229133,44415216,3993583,1,0,0,0,0,4377,22846.69865204478,100000,40.81384,33,10751,56,101,100000
13,extend,1000,true,uniform,EXTEND,10020,30519185,10238364,9910543,90275,129917,79437,0,0,0,1495,1460,5116894,9154901,115672288,491384664,21895660,1434942,419711374940,486293519,44419865,3993583,0,0,0,0,1,4364,2291.4757103574702,9997,411.702410723217,288,28655,739,1049,9997,3
13,run,1000,true,uniform,READ,10020,33426301,11277453,10948480,90275,129917,79437,0,0,0,1495,1460,5116894,9154901,115672288,491384664,21895660,1434942,419711389110,486293742,44419865,3993583,1,0,0,0,0,4919,20329.335230737954,99899,46.2357080651458,35,12223,68,114,99899,101
13,reference,1000,true,uniform,READ,168,3936254,1344092,1316114,1119,1,0,0,0,0,1495,1460,5116894,9154901,115672288,491384664,21895660,1434942,419711389110,486293742,44419865,3993583,1,0,0,0,0,2433,41101.52075626798,100000,21.31756,16,10231,42,64,100000
13,clean-run,1000,true,uniform,READ,2042,2936070,1031185,1029228,10787,1,0,0,0,0,1495,1461,5122829,9154901,115676145,491387627,21895689,1434945,419732272693,486316736,44420801,3994858,1,0,0,0,0,4654,21486.892995272883,99907,43.572352287627496,33,10759,61,120,99907,93
13,avg-run,1000,true,uniform,READ,4080,5990702,2036460,2032462,20787,5,0,0,0,0,1495,1461,5122829,9154901,115676145,491389665,21895689,1434945,419747825652,486337794,44420803,3994858,1,0,0,0,0,4498,22232.10315695865,100000,42.00191,34,13991,64,115,100000
14,extend,1000,true,uniform,EXTEND,11234,33906480,11442662,11089533,100497,139906,89027,0,0,0,1495,1461,5122829,9155539,115676145,491390879,21895689,1434945,419799478564,486404452,44426176,3994858,0,0,0,0,1,4392,2276.8670309653917,9989,415.14766242867154,289,28751,732,1041,9989,11
14,run,1000,true,uniform,READ,11234,36862449,12546121,12191861,100497,139906,89027,0,0,0,1495,1461,5122829,9155557,115676145,491390879,21895689,1434945,419799494272,486404698,44426176,3994858,1,0,0,0,0,5026,19896.538002387584,99903,47.29488603945828,35,14055,70,127,99903,97
14,reference,1000,true,uniform,READ,168,4238716,1447345,1417344,1119,1,0,0,0,0,1495,1461,5122829,9155557,115676145,491390884,21895689,1434945,419804461364,486431743,44428950,3994858,1,0,0,0,0,2440,40983.60655737705,100000,21.32321,16,9607,42,70,100000
14,clean-run,1000,true,uniform,READ,2059,2989650,1096386,1095300,10990,1,0,0,0,0,1495,1462,5132519,9155557,115681764,491393976,21895728,1434957,419825375115,486453419,44429886,3996371,1,0,0,0,0,4853,20605.8108386565,99891,45.59847233484498,34,10655,65,125,99891,109
14,avg-run,1000,true,uniform,READ,4149,6047960,2100810,2096812,21003,5,0,0,0,0,1495,1462,5132519,9155557,115681764,491396066,21895728,1434957,419842047964,486476308,44429889,3996371,1,0,0,0,0,4532,22065.31332744925,100000,42.33381,35,11055,58,111,100000
15,extend,1000,true,uniform,EXTEND,11269,37388249,12721881,12342738,112095,149904,99874,0,0,0,1495,1462,5132519,9155557,115681764,491396096,21895728,1434957,419878594773,486544118,44434422,3996371,0,0,0,0,1,4246,2355.1577955723033,9987,400.6777811154501,289,28639,720,952,9987,13
15,run,1000,true,uniform,READ,11269,40375761,13895656,13515381,112095,149904,99874,0,0,0,1495,1462,5132519,9155557,115681764,491396096,21895728,1434957,419878607941,486544322,44434422,3996371,1,0,0,0,0,5304,18853.69532428356,99903,49.74948700239232,36,11655,68,133,99903,97
15,reference,1000,true,uniform,READ,168,4541251,1551482,1518588,1119,1,0,0,0,0,1495,1462,5132519,9155557,115681764,491396096,21895728,1434957,419878607941,486544322,44434422,3996371,1,0,0,0,0,2507,39888.31272437176,100000,22.00741,16,9591,44,75,100000
15,clean-run,1000,true,uniform,READ,2281,3036719,1171381,1169424,12051,1,0,0,0,0,1495,1463,5138782,9155557,115686262,491399298,21895757,1434963,419901406822,486570112,44435358,3997960,1,0,0,0,0,5139,19459.03872348706,99908,48.38571485766906,35,10615,67,126,99908,92
15,avg-run,1000,true,uniform,READ,4819,6092137,2176108,2172110,22051,5,0,0,0,0,1495,1463,5138782,9155557,115686262,491401836,21895757,1434963,419918959831,486591171,44435360,3997960,1,0,0,0,0,4623,21630.975556997622,100000,43.18845,35,11535,63,111,100000
16,extend,1000,true,uniform,EXTEND,11302,40869417,14078125,13673806,123987,159898,110981,0,0,0,1495,1463,5138782,9155580,115686262,491401868,21895757,1434963,419968099491,486662068,44440985,3997960,0,0,0,0,1,4209,2375.861249703017,9994,397.1745047028217,290,27071,706,988,9994,6
16,run,1000,true,uniform,READ,11302,43871934,15330877,14925434,123987,159898,110981,0,0,0,1495,1463,5138782,9155581,115686262,491401869,21895757,1434963,419968115173,486662313,44440985,3997960,1,0,0,0,0,5188,19275.250578257517,99891,48.888958965272145,35,11823,59,123,99891,109
16,reference,1000,true,uniform,READ,168,4843713,1654735,1619818,1119,1,0,0,0,0,1495,1463,5138782,9155581,115686262,491401869,21895757,1434963,419968115173,486662313,44440985,3997960,1,0,0,0,0,2444,40916.53027823241,100000,21.48472,16,10167,43,72,100000
16,clean-run,1000,true,uniform,READ,2346,3052764,1250919,1249833,12530,1,0,0,0,0,1495,1464,5145486,9155581,115691433,491405136,21895791,1434965,419991231045,486687122,44441920,3999395,1,0,0,0,0,5408,18491.12426035503,99899,51.12339462857486,36,11199,63,128,99899,101
16,avg-run,1000,true,uniform,READ,4886,6115198,2256769,2252691,22550,21,0,0,0,0,1495,1464,5145486,9155581,115691433,491407676,21895791,1434965,420009938543,486710500,44441923,3999395,1,0,0,0,0,4845,20639.83488132095,100000,45.51109,38,10935,54,119,100000
17,extend,1000,true,uniform,EXTEND,12455,44371302,15523228,15093690,136696,169893,122770,0,0,0,1495,1464,5145486,9155798,115691433,491408774,21895791,1434965,420065358539,486784661,44447439,3999395,0,0,0,0,1,4365,2290.950744558992,9995,411.68364182091045,294,28127,726,1010,9995,5
17,run,1000,true,uniform,READ,12455,47388716,16868069,16437413,136696,169893,122770,0,0,0,1495,1464,5145486,9156216,115691433,491408829,21895791,1434965,420065373933,486784908,44447439,3999395,1,0,0,0,0,5331,18758.206715438006,99891,50.35944179155279,37,11823,61,128,99891,109
17,reference,1000,true,uniform,READ,168,5146175,1757988,1721048,1119,1,0,0,0,0,1495,1464,5145486,9156232,115691433,491408829,21895791,1434965,420065373933,486784908,44447439,3999395,1,0,0,0,0,2395,41753.65344467641,100000,20.97275,16,9719,41,65,100000
17,clean-run,1000,true,uniform,READ,2535,3073217,1344074,1342117,13579,1,0,0,0,0,1495,1465,5152848,9156907,115697791,491412380,21895826,1434970,420090002987,486814073,44448375,4001093,1,0,0,0,0,5742,17415.534656913966,99902,54.52264218934556,36,11039,67,133,99902,98
17,avg-run,1000,true,uniform,READ,5084,6128448,2348017,2344019,23579,5,0,0,0,0,1495,1465,5152848,9156907,115697791,491414928,21895826,1434970,420109555946,486835131,44448377,4001093,1,0,0,0,0,4946,20218.358269308534,100000,46.49083,38,13575,64,115,100000
18,extend,1000,true,uniform,EXTEND,14935,47931249,17074509,16619003,150670,179899,136172,0,0,0,1495,1465,5152848,9157753,115705007,491416859,21895826,1434970,420165910412,486941140,44458505,4001093,0,0,0,0,1,4373,2286.7596615595703,9995,412.8648324162081,294,28959,723,982,9995,5
18,run,1000,true,uniform,READ,14935,50955202,18511857,18055195,150670,179899,136172,0,0,0,1495,1465,5152848,9158584,115705007,491416859,21895826,1434970,420165926152,486941390,44458505,4001093,1,0,0,0,0,6331,15795.2930026852,99895,60.38994944691927,38,13535,73,146,99895,105
18,reference,1000,true,uniform,READ,174,5448704,1862125,1822292,1119,1,0,0,0,0,1495,1465,5152848,9158584,115705007,491416865,21895826,1434970,420165926152,486941390,44458505,4001093,1,0,0,0,0,2417,41373.60364087712,100000,21.21809,16,9407,43,64,100000
18,clean-run,1000,true,uniform,READ,2632,3077637,1435353,1434267,14380,1,0,0,0,0,1495,1466,5163355,9159258,115705524,491421185,21895876,1434974,420191288550,486969908,44459440,4003021,1,0,0,0,0,6021,16608.536787908986,99894,57.28967705768114,39,11927,70,140,99894,106
18,avg-run,1000,true,uniform,READ,5208,6443071,2539756,2535758,25393,5,0,0,0,0,1495,1466,5163355,9159258,115705524,491423760,21895876,1434974,420212147900,486995500,44459443,4003021,1,0,0,0,0,5847,17102.78775440397,100000,55.54159,45,11103,62,135,100000
19,extend,1000,true,uniform,EXTEND,15678,51467371,18726888,18246010,165454,189885,149988,0,0,0,1495,1466,5163355,9159283,115705524,491424536,21895876,1434974,420262748403,487075805,44464536,4003021,0,0,0,0,1,4501,2221.7285047767164,9986,425.79961946725416,296,28527,739,1123,9986,14
19,run,1000,true,uniform,READ,15678,54501909,20261555,19779530,165454,189885,149988,0,0,0,1495,1466,5163355,9159283,115705524,491424536,21895876,1434974,420262765543,487076079,44464536,4003021,1,0,0,0,0,6496,15394.08866995074,99901,62.00520515310157,40,11127,73,154,99901,99
19,reference,1000,true,uniform,READ,174,5751166,1965378,1923522,1119,1,0,0,0,0,1495,1466,5163355,9159283,115705524,491424548,21895876,1434974,420262765593,487076080,44464536,4003021,1,0,0,0,0,2407,41545.492314083924,100000,21.13657,16,11767,42,67,100000
19,clean-run,1000,true,uniform,READ,2779,3091985,1531330,1530244,15342,1,0,0,0,0,1495,1467,5170721,9159865,115711122,491428785,21895913,1434978,420289256469,487106559,44465471,4005175,1,0,0,0,0,6232,16046.213093709885,99898,59.44392280125728,40,12207,73,144,99898,102
19,avg-run,1000,true,uniform,READ,6239,6491029,3635754,3631756,36355,5,0,0,0,0,1495,1467,5170721,9159865,115711122,491432242,21895913,1434978,420312495545,487153012,44465474,4005175,1,0,0,0,0,5444,18368.84643644379,100000,51.47082,41,11367,62,137,100000
20,extend,1000,true,uniform,EXTEND,17474,55018951,20488089,19981721,181125,199875,164733,0,0,0,1495,1467,5170721,9159915,115711122,491434038,21895913,1434978,420372147007,487236158,44471780,4005175,0,0,0,0,1,5230,1912.0458891013384,9990,498.2116116116116,308,577535,755,1146,9990,10
20,run,1000,true,uniform,READ,17697,58078576,22114376,21606840,181125,199875,164733,0,0,0,1495,1467,5170721,9159915,115711122,491434280,21895913,1434978,420372162289,487236402,44471780,4005175,1,0,0,0,0,6687,14954.389113204725,99898,63.96119041422251,43,11319,72,149,99898,102
20,reference,1000,true,uniform,READ,189,6053613,2068631,2024752,1119,1,0,0,0,0,1495,1467,5170721,9159915,115711122,491434299,21895913,1434978,420372162289,487236402,44471780,4005175,1,0,0,0,0,2400,41666.666666666664,100000,20.94531,16,9919,42,64,100000
20,clean-run,1000,true,uniform,READ,2936,3115595,1622705,1620748,16277,1,0,0,0,0,1495,1468,5178911,9160572,115717806,491439312,21895952,1434980,420399995835,487271432,44472717,4007033,1,0,0,0,0,6373,15691.197238349287,99891,60.79540699362305,39,11143,70,145,99891,109
20,avg-run,1000,true,uniform,READ,6369,6507762,3726260,3722262,37277,5,0,0,0,0,1495,1468,5178911,9160578,115725336,491442815,21895952,1434980,420444368638,487346292,44483616,4007033,1,0,0,0,0,6714,14894.250819183795,100000,64.17525,53,11207,75,152,100000
21,extend,1000,true,uniform,EXTEND,22564,58642894,22352940,21820230,197832,209878,180647,0,0,0,1495,1468,5178911,9160581,115725336,491443188,21895952,1434980,420478409014,487432037,44484213,4007033,0,0,0,0,1,4584,2181.500872600349,9992,434.1042834267414,310,26991,764,1108,9992,8
21,run,1000,true,uniform,READ,22564,61724826,24066318,23532473,197832,209878,180647,0,0,0,1495,1468,5178911,9160581,115725336,491443194,21895952,1434980,420478425232,487432300,44484213,4007033,1,0,0,0,0,6883,14528.54859799506,99897,65.82978467821856,50,12071,79,147,99897,103
21,reference,1000,true,uniform,READ,236,6356101,2172768,2125996,1119,1,0,0,0,0,1495,1468,5178911,9160581,115725336,491443194,21895952,1434980,420478425232,487432300,44484213,4007033,1,0,0,0,0,2390,41841.00418410042,100000,21.04198,16,9951,42,63,100000
21,clean-run,1000,true,uniform,READ,3120,3145240,1708644,1706687,17129,1,0,0,0,0,1495,1469,5188975,9161290,115728209,491447745,21896002,1434991,420507341124,487469187,44485149,4009178,1,0,0,0,0,6529,15316.281206922959,99903,62.35669599511526,46,12055,76,145,99903,97
21,avg-run,1000,true,uniform,READ,6552,6537366,3812151,3808153,38129,5,0,0,0,0,1495,1469,5188975,9161290,115728209,491451210,21896002,1434991,420532369804,487512275,44485151,4009178,1,0,0,0,0,6680,14970.059880239522,100000,63.74599,53,11655,70,145,100000
22,extend,1000,true,uniform,EXTEND,24005,62256416,24313385,23755387,215053,219869,197084,0,0,0,1495,1469,5188975,9161323,115728209,491452469,21896002,1434991,420596106741,487600270,44491777,4009178,0,0,0,0,1,4680,2136.7521367521367,9991,443.68211390251224,312,27135,760,1037,9991,9
22,run,1000,true,uniform,READ,24007,65383050,26104626,25545505,215053,219869,197084,0,0,0,1495,1469,5188975,9161324,115728209,491452490,21896002,1434991,420596121467,487600508,44491777,4009178,1,0,0,0,0,7136,14013.452914798207,99885,68.46549531961756,50,11463,79,160,99885,115
22,reference,1000,true,uniform,READ,246,6658553,2276021,2227226,1119,1,0,0,0,0,1495,1469,5188975,9161324,115728209,491452505,21896002,1434991,420596121467,487600508,44491777,4009178,1,0,0,0,0,2431,41135.33525298231,100000,21.35764,16,9799,43,68,100000
22,clean-run,1000,true,uniform,READ,3342,3189799,1788042,1786085,17899,1,0,0,0,0,1495,1470,5197598,9161597,115735110,491457751,21896043,1434993,420626134824,487639081,44492713,4011058,1,0,0,0,0,6677,14976.78598172832,99912,63.74878893426215,46,11407,71,156,99912,88
22,avg-run,1000,true,uniform,READ,6812,6581831,3891521,3887523,38899,5,0,0,0,0,1495,1470,5197598,9161606,115735110,491461227,21896043,1434993,420652153534,487682170,44492715,4011058,1,0,0,0,0,6865,14566.642388929351,100000,65.70471,54,11103,74,152,100000
23,extend,1000,true,uniform,EXTEND,27199,65919772,26360639,25777532,233059,229865,214353,0,0,0,1495,1470,5197598,9161669,115742993,491464173,21896043,1434993,420715513848,487771895,44498367,4011058,0,0,0,0,1,4707,2124.4954323348206,9996,445.45418167266905,313,26975,764,1049,9996,4
23,run,1000,true,uniform,READ,32639,69127315,28227033,27641665,233063,229876,214378,0,0,0,1495,1470,5197598,9161669,115742993,491465142,21896043,1434993,420721835309,487808823,44503291,4011058,1,0,0,0,0,7131,14023.278642546627,99908,68.37484485726868,52,11975,80,155,99908,92
23,reference,1000,true,uniform,READ,302,6961032,2380158,2328470,1119,1,0,0,0,0,1495,1470,5197598,9161669,115742993,491465165,21896043,1434993,420721835309,487808823,44503291,4011058,1,0,0,0,0,2429,41169.20543433512,100000,21.24245,16,10015,42,68,100000
23,clean-run,1000,true,uniform,READ,3356,3227727,1858407,1857321,18608,1,0,0,0,0,1495,1471,5209042,9162174,115748898,491470621,21896096,1435008,420752754698,487845874,44504226,4013305,1,0,0,0,0,6741,14834.594273846611,99900,64.46762762762762,50,11695,72,156,99900,100
23,avg-run,1000,true,uniform,READ,6825,6626721,3962832,3958834,39621,5,0,0,0,0,1495,1471,5209042,9162174,115748898,491474084,21896096,1435008,420779983774,487892327,44504229,4013305,1,0,0,0,0,6772,14766.686355581807,100000,64.71829,53,11063,75,155,100000
24,extend,1000,true,uniform,EXTEND,34821,69674425,28491041,27880919,251677,239866,232426,0,0,0,1495,1471,5209042,9162205,115748898,491475980,21896096,1435008,420833715489,487983441,44509752,4013305,0,0,0,0,1,4503,2220.741727737064,9990,425.97737737737737,312,27087,732,1055,9990,10
24,run,1000,true,uniform,READ,34828,72893310,30412707,29801504,251677,239866,232426,0,0,0,1495,1471,5209042,9162213,115748898,491476009,21896096,1435008,420833731343,487983701,44509752,4013305,1,0,0,0,0,7290,13717.421124828532,99899,69.98798786774643,52,11687,79,162,99899,101
24,reference,1000,true,uniform,READ,369,7263427,2483411,2429700,1119,1,0,0,0,0,1495,1471,5209042,9162216,115748898,491476059,21896096,1435008,420833731343,487983701,44509752,4013305,1,0,0,0,0,2368,42229.72972972973,100000,20.76643,16,11031,42,59,100000
24,clean-run,1000,true,uniform,READ,3535,3287945,1915828,1914742,19187,1,0,0,0,0,1495,1472,5217632,9162763,115756241,491481667,21896137,1435011,420865728969,488021906,44510687,4015173,1,0,0,0,0,6899,14494.854326714016,99901,66.11947828350067,50,11471,73,156,99901,99
24,avg-run,1000,true,uniform,READ,6975,6686920,4020253,4016255,40200,5,0,0,0,0,1495,1472,5217632,9162763,115756241,491485106,21896137,1435011,420893958075,488068360,44510690,4015173,1,0,0,0,0,6959,14369.880729989942,100000,66.63043,55,11031,76,152,100000
25,extend,1000,true,uniform,EXTEND,37928,73444588,30682779,30047927,270576,249856,250807,0,0,0,1495,1472,5217632,9162817,115756241,491487915,21896137,1435011,420958603002,488160294,44517088,4015173,0,0,0,0,1,4628,2160.7605877268797,9990,438.2434434434434,311,27535,749,1124,9990,10
25,run,1000,true,uniform,READ,38161,76732507,32657449,32021531,270576,249856,250807,0,0,0,1495,1472,5217632,9162818,115756241,491488152,21896137,1435011,420958617878,488160537,44517088,4015173,1,0,0,0,0,7471,13385.089010841923,99894,71.79023765191103,54,11775,83,168,99894,106
25,reference,1000,true,uniform,READ,446,7565812,2586664,2530930,1119,1,0,0,0,0,1495,1472,5217632,9162918,115763833,491488247,21896137,1435011,420964005081,488194275,44520470,4015173,1,0,0,0,0,2423,41271.15146512588,100000,21.20576,16,9455,44,71,100000
25,clean-run,1000,true,uniform,READ,3580,3356411,1969940,1968854,19722,1,0,0,0,0,1495,1473,5229293,9163519,115765621,491494015,21896192,1435021,420997073638,488233524,44521405,4018111,1,0,0,0,0,6949,14390.559792775939,99896,66.57731040281894,51,15455,76,158,99896,104
25,avg-run,1000,true,uniform,READ,7039,6755478,4074376,4070378,40735,5,0,0,0,0,1495,1473,5229293,9163519,115765621,491497472,21896192,1435021,421026304894,488280020,44521408,4018111,1,0,0,0,0,7146,13993.84270920795,100000,68.52091,56,11551,78,158,100000
26,extend,1000,true,uniform,EXTEND,41652,77339307,32934408,32274136,289975,259862,269769,0,0,0,1495,1473,5229293,9163520,115765621,491498025,21896192,1435021,421085070963,488372915,44528002,4018111,0,0,0,0,1,4725,2116.4021164021165,9995,447.77338669334665,315,27199,769,1165,9995,5
26,run,1000,true,uniform,READ,41882,80699792,34952680,34291344,289975,259862,269769,0,0,0,1495,1473,5229293,9163520,115765621,491498287,21896192,1435021,421085088939,488373214,44528002,4018111,1,0,0,0,0,7601,13156.163662675965,99898,73.1215039340127,55,12855,85,172,99898,102
26,reference,1000,true,uniform,READ,523,7868270,2690801,2632174,1119,1,0,0,0,0,1495,1473,5229293,9163520,115765621,491498309,21896192,1435021,421085088939,488373214,44528002,4018111,1,0,0,0,0,2407,41545.492314083924,100000,21.07032,16,10063,43,65,100000
26,clean-run,1000,true,uniform,READ,3760,3412975,2015562,2013605,20174,1,0,0,0,0,1495,1474,5238046,9164249,115773128,491503577,21896235,1435023,421119441518,488416938,44528938,4020693,1,0,0,0,0,7150,13986.013986013986,99916,68.55607710476801,53,11543,82,160,99916,84
26,avg-run,1000,true,uniform,READ,7495,7081775,4119009,4115011,41174,5,0,0,0,0,1495,1474,5238046,9164249,115780591,491507323,21896235,1435023,421149460278,488460028,44528940,4020693,1,0,0,0,0,7217,13856.172925038105,100000,69.23013,58,11775,75,163,100000
27,extend,1000,true,uniform,EXTEND,44811,81270838,35233206,34548404,309673,269850,289112,0,0,0,1495,1474,5238046,9164418,115780591,491510075,21896235,1435023,421221694819,488553444,44536241,4020693,0,0,0,0,1,4556,2194.9078138718173,9988,432.2677212655186,315,26991,737,1052,9988,12
27,run,1000,true,uniform,READ,45205,84665847,37286261,36600397,309673,269850,289112,0,0,0,1495,1474,5238046,9164741,115780591,491510495,21896235,1435023,421221705231,488553607,44536241,4020693,1,0,0,0,0,7684,13014.055179593961,99891,73.94225706019562,55,11223,82,170,99891,109
27,reference,1000,true,uniform,READ,819,8170436,2794054,2733404,1119,1,0,0,0,0,1495,1474,5238046,9165517,115780591,491510758,21896235,1435023,421221705281,488553608,44536241,4020693,1,0,0,0,0,2399,41684.03501458941,100000,21.06586,16,9503,43,68,100000
27,clean-run,1000,true,uniform,READ,3927,3453349,2051444,2049487,20542,1,0,0,0,0,1495,1475,5247962,9166197,115780949,491516893,21896287,1435026,421257115533,488598199,44537177,4023382,1,0,0,0,0,7239,13814.06271584473,99906,69.37822553200009,54,11383,82,162,99906,94
27,avg-run,1000,true,uniform,READ,7786,7098493,4154891,4150893,41542,5,0,0,0,0,1495,1475,5247962,9166203,115788489,491520826,21896287,1435026,421288134263,488641288,44537179,4023382,1,0,0,0,0,7358,13590.64963305246,100000,70.63392,57,11663,85,159,100000
28,extend,1000,true,uniform,EXTEND,53943,85280977,37571982,36861850,329728,279846,308849,0,0,0,1495,1475,5247962,9166928,115788489,491522908,21896287,1435026,421355277938,488767696,44549763,4023382,0,0,0,0,1,4692,2131.287297527707,9985,444.9238858287431,313,27071,767,1191,9985,15
28,run,1000,true,uniform,READ,54360,88707778,39656786,38945610,329728,279846,308849,0,0,0,1495,1475,5247962,9167297,115788489,491523368,21896287,1435026,421355288706,488767877,44549763,4023382,1,0,0,0,0,7772,12866.700977869274,99887,74.83624495680118,56,12231,87,180,99887,113
28,reference,1000,true,uniform,READ,929,8472861,2898191,2834648,1119,1,0,0,0,0,1495,1475,5247962,9167298,115788489,491523402,21896287,1435026,421355288756,488767878,44549763,4023382,1,0,0,0,0,2415,41407.867494824015,100000,21.1885,16,9503,42,69,100000
28,clean-run,1000,true,uniform,READ,4170,3477561,2084060,2082103,20869,1,0,0,0,0,1495,1476,5259028,9167334,115794595,491529690,21896340,1435030,421391753154,488813302,44550699,4025955,1,0,0,0,0,7327,13648.150675583458,99909,70.35825601297181,54,12207,79,163,99909,91
28,avg-run,1000,true,uniform,READ,8090,7122563,4187507,4183509,41869,5,0,0,0,0,1495,1476,5259028,9167334,115802751,491533636,21896340,1435030,421423771834,488856390,44550701,4025955,1,0,0,0,0,7460,13404.825737265415,100000,71.62477,60,11831,84,165,100000
29,extend,1000,true,uniform,EXTEND,58114,89297479,39944848,39210293,349973,289831,328770,0,0,0,1495,1476,5259028,9167587,115802751,491537078,21896340,1435030,421502188924,488951081,44559263,4025955,0,0,0,0,1,4651,2150.0752526338424,9985,440.2523785678518,313,28431,762,1113,9985,15
29,run,1000,true,uniform,READ,58639,93753882,42062862,41327260,349973,289831,328770,0,0,0,1495,1476,5259028,9169866,115802751,491537637,21896340,1435030,421502197510,488951220,44559263,4025955,1,0,0,0,0,8103,12341.10823151919,99915,78.06488515237952,58,11055,89,182,99915,85
29,reference,1000,true,uniform,READ,1245,8775007,3001444,2935878,1119,1,0,0,0,0,1495,1476,5259028,9170244,115802751,491537955,21896340,1435030,421502197560,488951221,44559263,4025955,1,0,0,0,0,2412,41459.36981757877,100000,21.22651,16,10263,42,65,100000
29,clean-run,1000,true,uniform,READ,4294,3485075,2116599,2115513,21182,1,0,0,0,0,1495,1477,5269744,9170285,115804254,491544420,21896390,1435034,421539458507,488993321,44560198,4028737,1,0,0,0,0,7521,13296.104241457253,99902,72.23595123220757,56,11959,85,169,99902,98
29,avg-run,1000,true,uniform,READ,9486,6888968,4221272,4217274,42202,5,0,0,0,0,1495,1477,5269744,9170296,115812407,491549605,21896390,1435034,421572735733,489040565,44560201,4028737,1,0,0,0,0,7440,13440.860215053763,100000,71.45173,60,11903,77,168,100000
30,extend,1000,true,uniform,EXTEND,73757,94478631,42355940,41596175,370612,299834,349106,0,0,0,1495,1477,5269744,9171963,115827434,491554315,21896390,1435034,421650982797,489167885,44573580,4028737,0,0,0,0,1,4860,2057.61316872428,9992,460.6483186549239,335,28591,777,1275,9992,8
30,run,1000,true,uniform,READ,74271,98910373,44503639,43742833,370612,299834,349106,0,0,0,1495,1477,5269744,9174017,115827434,491554890,21896390,1435034,421650995351,489168099,44573580,4028737,1,0,0,0,0,8229,12152.144853566655,99910,79.40397357621859,58,11703,93,182,99910,90
30,reference,1000,true,uniform,READ,1593,9077194,3105581,3037122,1119,1,0,0,0,0,1495,1477,5269744,9174366,115827434,491555129,21896390,1435034,421650995401,489168100,44573580,4028737,1,0,0,0,0,2421,41305.24576621231,100000,21.20826,16,9583,44,69,100000
30,clean-run,1000,true,uniform,READ,4496,3504727,2147203,2145246,21501,1,0,0,0,0,1495,1478,5282619,9174506,115829326,491561849,21896452,1435038,421689563360,489215131,44574516,4031949,1,0,0,0,0,7781,12851.818532322324,99902,74.88077315769453,57,12199,89,171,99902,98
30,avg-run,1000,true,uniform,READ,9673,6899692,4250650,4246652,42501,5,0,0,0,0,1495,1478,5282619,9174513,115837404,491567051,21896452,1435038,421723582090,489258220,44574518,4031949,1,0,0,0,0,7559,13229.263130043657,100000,72.62321,60,11903,78,166,100000
31,extend,1000,true,uniform,EXTEND,79647,99602695,44799300,44015226,391539,309818,369704,0,0,0,1495,1478,5282619,9175547,115837404,491572045,21896452,1435038,421799943748,489354178,44582699,4031949,0,0,0,0,1,4788,2088.5547201336676,9984,454.7200520833333,329,28991,764,1153,9984,16
31,run,1000,true,uniform,READ,80210,104083106,46980205,46195103,391539,309818,369704,0,0,0,1495,1478,5282619,9177610,115837404,491572656,21896452,1435038,421799956314,489354390,44582699,4031949,1,0,0,0,0,8495,11771.630370806357,99901,82.0265362709082,59,12175,95,184,99901,99
31,reference,1000,true,uniform,READ,1929,9379320,3208834,3138352,1119,1,0,0,0,0,1495,1478,5282619,9177887,115837404,491572919,21896452,1435038,421799956314,489354390,44582699,4031949,1,0,0,0,0,2395,41753.65344467641,100000,21.06,16,10119,42,62,100000
31,clean-run,1000,true,uniform,READ,4651,3501056,2179539,2177585,21821,1,0,0,0,0,1495,1479,5293014,9177933,115841500,491579771,21896500,1435044,421839303266,489397796,44583634,4035131,1,0,0,0,0,7884,12683.916793505834,99884,75.95645949301189,58,11887,88,172,99884,116
31,avg-run,1000,true,uniform,READ,9835,6895874,4282899,4278904,42821,5,0,0,0,0,1495,1479,5293014,9177943,115849673,491584948,21896500,1435044,421874321946,489440884,44583636,4035131,1,0,0,0,0,7598,13161.358252171623,100000,72.96329,60,11703,80,167,100000
32,extend,1000,true,uniform,EXTEND,87991,104780105,47280211,46471920,412892,319807,390657,0,0,0,1495,1479,5293014,9179387,115856911,491592467,21896500,1435044,421956328106,489537554,44592256,4035131,0,0,0,0,1,4932,2027.5750202757501,9989,467.73470817899687,330,29487,785,1263,9989,11
32,run,1000,true,uniform,READ,98833,109320793,49503021,48692826,412894,319818,390659,0,0,0,1495,1479,5293014,9181177,115864103,491593101,21896500,1435044,421967144888,489576957,44599131,4035131,1,0,0,0,0,8732,11452.130096197892,99906,84.34799711729025,58,11615,97,178,99906,94
32,reference,1000,true,uniform,READ,2277,9681507,3312971,3239596,1119,1,0,0,0,0,1495,1479,5293014,9181553,115864103,491593340,21896500,1435044,421967144938,489576958,44599131,4035131,1,0,0,0,0,2417,41373.60364087712,100000,21.1852,16,10143,42,69,100000
32,clean-run,1000,true,uniform,READ,4881,3520603,2220403,2218446,22235,1,0,0,0,0,1495,1480,5306637,9181690,115864755,491600440,21896563,1435069,422007832845,489625862,44600067,4038340,1,0,0,0,0,8220,12165.450121654501,99898,79.30879497087028,59,12671,92,182,99898,102
32,avg-run,1000,true,uniform,READ,10058,6915546,4323850,4319852,43235,5,0,0,0,0,1495,1480,5306637,9181691,115872832,491605643,21896563,1435069,422043841605,489668952,44600069,4038340,1,0,0,0,0,7519,13299.640909695438,100000,72.25463,59,11623,78,172,100000
33,extend,1000,true,uniform,EXTEND,104532,110025950,49807812,48974443,434704,329806,412052,0,0,0,1495,1480,5306637,9183123,115872832,491610937,21896563,1435069,422123584598,489767389,44609221,4038340,0,0,0,0,1,4841,2065.6889072505683,9988,458.9376251501802,339,28623,772,1177,9988,12
33,run,1000,true,uniform,READ,105109,114567051,52069298,51234905,434704,329806,412052,0,0,0,1495,1480,5306637,9185003,115872832,491611590,21896563,1435069,422123601282,489767665,44609221,4038340,1,0,0,0,0,9014,11093.854004881296,99894,87.29404168418523,62,13135,100,187,99894,106
33,reference,1000,true,uniform,READ,2613,9983633,3416224,3340826,1119,1,0,0,0,0,1495,1480,5306637,9185319,115877477,491611853,21896563,1435069,422123601282,489767665,44609221,4038340,1,0,0,0,0,2413,41442.18814753419,100000,21.10472,16,9911,41,71,100000
33,clean-run,1000,true,uniform,READ,5003,3523286,2262114,2260157,22652,1,0,0,0,0,1495,1481,5317603,9185488,115877478,491619059,21896615,1435074,422165354961,489817602,44610157,4041521,1,0,0,0,0,8413,11886.366337810532,99904,81.27841728058937,60,12295,91,179,99904,96
33,avg-run,1000,true,uniform,READ,10180,6918225,4365561,4361563,43652,5,0,0,0,0,1495,1481,5317603,9185488,115885530,491624246,21896615,1435074,422202363690,489860691,44610159,4041521,1,0,0,0,0,7615,13131.976362442547,100000,73.17922,60,11391,78,174,100000
34,extend,1000,true,uniform,EXTEND,114211,115273864,52379629,51522085,457004,339799,433877,0,0,0,1495,1481,5317603,9187094,115892846,491633094,21896615,1435074,422287928904,489960265,44618855,4041521,0,0,0,0,1,4872,2052.5451559934318,9993,461.29430601420995,325,29167,773,1184,9993,7
34,run,1000,true,uniform,READ,124577,119857439,54689004,53829564,457006,339810,433879,0,0,0,1495,1481,5317603,9188737,115899772,491633689,21896615,1435074,422298744246,489995723,44624777,4041521,1,0,0,0,0,9357,10687.186063909372,99876,90.63722015298971,62,12151,103,206,99876,124
34,reference,1000,true,uniform,READ,2961,10285820,3520361,3442070,1119,1,0,0,0,0,1495,1481,5317603,9188841,115899772,491633937,21896615,1435074,422298744246,489995723,44624777,4041521,1,0,0,0,0,2413,41442.18814753419,100000,21.15332,16,10191,43,71,100000
34,clean-run,1000,true,uniform,READ,5248,3531263,2309823,2307866,23127,1,0,0,0,0,1495,1482,5331609,9189127,115899773,491641425,21900310,1436131,422341572526,490046799,44625713,4044546,1,0,0,0,0,8708,11483.69315571888,99927,84.18347393597325,60,12511,95,192,99927,73
34,avg-run,1000,true,uniform,READ,10425,6926198,4413270,4409272,44127,5,0,0,0,0,1495,1482,5331609,9189127,115907712,491646635,21900310,1436131,422379581256,490089888,44625715,4044546,1,0,0,0,0,7818,12790.995139421848,100000,75.23572,61,12343,82,180,100000
35,extend,1000,true,uniform,EXTEND,131592,120570093,55005425,54122837,479936,349796,456244,0,0,0,1495,1482,5331609,9190634,115907712,491653225,21900310,1436131,422463827753,490191695,44635223,4044546,0,0,0,0,1,7090,1410.4372355430182,9986,682.1046465051071,336,30271,939,10703,9986,14
35,run,1000,true,uniform,READ,132144,125151595,57371920,56488310,479936,349796,456244,0,0,0,1495,1482,5331609,9192580,115913506,491653952,21900310,1436131,422463847007,490192010,44635223,4044546,1,0,0,0,0,9568,10451.505016722407,99900,92.77475475475475,61,13447,106,193,99900,100
35,reference,1000,true,uniform,READ,3297,10587946,3623614,3543300,1119,1,0,0,0,0,1495,1482,5331609,9192911,115913506,491654215,21900310,1436131,422468829105,490231506,44638002,4044546,1,0,0,0,0,2418,41356.4929693962,100000,21.19539,16,9983,43,67,100000
35,clean-run,1000,true,uniform,READ,5314,3548078,2366299,2364342,23692,1,0,0,0,0,1495,1483,5344611,9193099,115918430,491661768,21900399,1436146,422512739861,490283860,44638938,4048061,1,0,0,0,0,8992,11120.996441281139,99904,86.99715727098014,62,13463,97,192,99904,96
35,avg-run,1000,true,uniform,READ,10492,6943012,4469746,4465748,44692,5,0,0,0,0,1495,1483,5344611,9193099,115926461,491666946,21900399,1436146,422551748541,490326948,44638940,4048061,1,0,0,0,0,7931,12608.750472828142,100000,76.37458,63,12359,81,185,100000
36,extend,1000,true,uniform,EXTEND,143011,125925175,57696289,56787708,503490,359798,479189,0,0,0,1495,1483,5344611,9194410,115926461,491670476,21900399,1436146,422629343974,490430619,44647576,4048061,0,0,0,0,1,4961,2015.7226365652086,9991,471.29226303673306,342,27039,786,1172,9991,9
36,run,1000,true,uniform,READ,143560,130544803,60123917,59214314,503490,359798,479189,0,0,0,1495,1483,5344611,9196744,115926461,491670998,21900399,1436146,422629355650,490430816,44647576,4048061,1,0,0,0,0,9700,10309.278350515464,99907,94.08050486952867,65,12159,106,202,99907,93
36,reference,1000,true,uniform,READ,3643,10890135,3727751,3644544,1119,1,0,0,0,0,1495,1483,5344611,9197094,115930944,491671294,21900399,1436146,422629355700,490430817,44647576,4048061,1,0,0,0,0,2434,41084.63434675431,100000,21.23953,16,11295,42,70,100000
36,clean-run,1000,true,uniform,READ,5456,3566129,2427625,2425668,24301,1,0,0,0,0,1495,1484,5355449,9197600,115930945,491678951,21900452,1436151,422674356168,490484544,44648512,4051153,1,0,0,0,0,9110,10976.948408342481,99902,88.20053652579529,63,13231,98,193,99902,98
36,avg-run,1000,true,uniform,READ,10633,6961062,4531072,4527074,45301,5,0,0,0,0,1495,1484,5355449,9197600,115938659,491684140,21900452,1436151,422714364898,490527633,44648514,4051153,1,0,0,0,0,8153,12265.423770391268,100000,78.57594,66,12527,86,177,100000
37,extend,1000,true,uniform,EXTEND,151971,131262967,60454233,59521493,527604,369786,502677,0,0,0,1495,1484,5355449,9199206,115945252,491692086,21900452,1436151,422804077820,490632425,44656997,4051153,0,0,0,0,1,5065,1974.3336623889438,9988,481.5980176211454,328,27007,794,1239,9988,12
37,run,1000,true,uniform,READ,159235,135921701,62945476,62010843,527606,369797,502679,0,0,0,1495,1484,5355449,9200962,115945252,491692869,21900452,1436151,422812352087,490676585,44661008,4051153,1,0,0,0,0,9705,10303.967027305513,99892,94.18345813478557,66,13135,106,201,99892,108
37,reference,1000,true,uniform,READ,3982,11192258,3831004,3745774,1119,1,0,0,0,0,1495,1484,5355449,9200983,115945252,491693143,21900452,1436151,422812352137,490676586,44661008,4051153,1,0,0,0,0,2413,41442.18814753419,100000,21.07786,16,12519,42,68,100000
37,clean-run,1000,true,uniform,READ,5681,3589789,2490907,2488950,24927,1,0,0,0,0,1495,1485,5369601,9201081,115951633,491701039,21900520,1436169,422858443632,490731706,44661944,4054388,1,0,0,0,0,9305,10746.910263299302,99913,90.0885670533364,64,12551,99,200,99913,87
37,avg-run,1000,true,uniform,READ,10858,6984722,4594354,4590356,45927,5,0,0,0,0,1495,1485,5369601,9201081,115959742,491706239,21900520,1436169,422899452362,490774795,44661946,4054388,1,0,0,0,0,8111,12328.936012822094,100000,78.18801,66,12447,83,179,100000
38,extend,1000,true,uniform,EXTEND,167255,136650152,63284229,62325463,552450,379789,526832,0,0,0,1495,1485,5369601,9202787,115959742,491713910,21900520,1436169,422978543963,490881546,44670188,4054388,0,0,0,0,1,5001,1999.6000799840033,9992,474.7417934347478,331,26927,790,1282,9992,8
38,run,1000,true,uniform,READ,167816,141275002,65843812,64884025,552450,379789,526832,0,0,0,1495,1485,5369601,9204765,115966111,491714519,21900520,1436169,422978559283,490881803,44670188,4054388,1,0,0,0,0,10037,9963.136395337253,99910,97.509328395556,69,12839,109,212,99910,90
38,reference,1000,true,uniform,READ,4351,11494424,3935141,3847018,1119,1,0,0,0,0,1495,1485,5369601,9205127,115966111,491714782,21900520,1436169,422978559283,490881803,44670188,4054388,1,0,0,0,0,2410,41493.775933609955,100000,21.04052,16,12127,42,59,100000
38,clean-run,1000,true,uniform,READ,5752,3615765,2559278,2557321,25618,1,0,0,0,0,1495,1486,5380915,9205316,115966112,491722737,21900603,1436175,423025751278,490938461,44671124,4058130,1,0,0,0,0,9401,10637.166258908626,99912,91.13893226038914,67,12999,100,194,99912,88
38,avg-run,1000,true,uniform,READ,10930,7010697,4662725,4658727,46618,5,0,0,0,0,1495,1486,5380915,9205316,115974136,491727933,21900603,1436175,423067759958,490981549,44671126,4058130,1,0,0,0,0,8243,12131.505519835011,100000,79.47686,67,12079,85,181,100000
39,extend,1000,true,uniform,EXTEND,178124,142005382,66190409,65207486,577985,389774,551728,0,0,0,1495,1486,5380915,9207121,115981423,491738040,21900603,1436175,423164650654,491091148,44681356,4058130,0,0,0,0,1,5172,1933.4880123743233,9985,491.8100150225338,353,26959,803,1207,9985,15
39,run,1000,true,uniform,READ,185415,146721592,68814539,67829720,577987,389785,551730,0,0,0,1495,1486,5380915,9207556,115981423,491738582,21900603,1436175,423173607397,491126451,44685453,4058130,1,0,0,0,0,10045,9955.201592832254,99887,97.61241202558891,70,15343,107,211,99887,113
39,reference,1000,true,uniform,READ,4699,11796611,4039278,3948262,1119,1,0,0,0,0,1495,1486,5380915,9207621,115981423,491738829,21900603,1436175,423173607447,491126452,44685453,4058130,1,0,0,0,0,2430,41152.2633744856,100000,21.29661,16,9991,43,66,100000
39,clean-run,1000,true,uniform,READ,5912,3639825,2623275,2621318,26257,1,0,0,0,0,1495,1487,5396044,9207765,115987686,491747387,21900677,1436192,423221889566,491184497,44686389,4062607,1,0,0,0,0,9595,10422.094841063054,99894,93.10750395419144,66,13015,102,207,99894,106
39,avg-run,1000,true,uniform,READ,12783,7401532,5726722,5722724,57257,5,0,0,0,0,1495,1487,5396044,9207765,115995764,491754288,21900677,1436192,423266228816,491247613,44686391,4062607,1,0,0,0,0,8517,11741.223435481978,100000,82.20308,70,12975,88,180,100000
40,extend,1000,true,uniform,EXTEND,201406,147455093,69168735,68160776,604133,399769,577267,0,0,0,1495,1487,5396044,9209889,116003432,491769613,21900677,1436192,423360827391,491359359,44697077,4062607,0,0,0,0,1,5153,1940.6171162429653,9984,490.3311298076923,355,30927,800,1204,9984,16
40,run,1000,true,uniform,READ,201967,152183515,71852246,70843266,604133,399769,577267,0,0,0,1495,1487,5396044,9210590,116003432,491770138,21900677,1436192,423360853023,491359784,44697077,4062607,1,0,0,0,0,10386,9628.34585018294,99904,100.96615751121077,78,13327,113,214,99904,96
40,reference,1000,true,uniform,READ,5035,12098737,4142531,4049492,1119,1,0,0,0,0,1495,1487,5396044,9210593,116003432,491770412,21900677,1436192,423360853023,491359784,44697077,4062607,1,0,0,0,0,2389,41858.51820845542,100000,20.93261,16,10095,42,69,100000
40,clean-run,1000,true,uniform,READ,6050,3674428,2685150,2683193,26866,1,0,0,0,0,1495,1488,5409116,9210711,116006910,491779072,21900741,1436197,423410222011,491419169,44698013,4067215,1,0,0,0,0,9756,10250.10250102501,99915,94.54704498824,74,11703,102,202,99915,85
40,avg-run,1000,true,uniform,READ,12921,7436049,5788597,5784599,57866,5,0,0,0,0,1495,1488,5409116,9212114,116030769,491786073,21900741,1436197,423485148662,491523174,44712228,4067215,1,0,0,0,0,9511,10514.141520344863,100000,92.16627,78,14607,97,204,100000
41,extend,1000,true,uniform,EXTEND,233344,152967945,72214720,71181733,630836,409767,603337,0,0,0,1495,1488,5409116,9214587,116037689,491799310,21900741,1436197,423548306475,491636437,44714419,4067215,0,0,0,0,1,5166,1935.7336430507162,9987,492.1302693501552,360,27295,807,1255,9987,13
41,run,1000,true,uniform,READ,233904,157733585,74960975,73926967,630836,409767,603337,0,0,0,1495,1488,5409116,9216594,116043376,491800055,21900741,1436197,423548320959,491636683,44714419,4067215,1,0,0,0,0,10521,9504.7999239616,99898,102.34777473022483,78,12775,114,225,99898,102
41,reference,1000,true,uniform,READ,5383,12400924,4246668,4150736,1119,1,0,0,0,0,1495,1488,5409116,9216595,116043376,491800304,21900741,1436197,423548320959,491636683,44714419,4067215,1,0,0,0,0,2423,41271.15146512588,100000,21.13967,16,9727,43,61,100000
41,clean-run,1000,true,uniform,READ,6214,3708962,2747932,2745895,27499,1,0,0,0,0,1495,1489,5421997,9217116,116043377,491808732,21900802,1436218,423598789995,491697458,44715356,4071065,1,0,0,0,0,9836,10166.7344448963,99900,95.46668668668669,75,12887,104,217,99900,100
41,avg-run,1000,true,uniform,READ,13087,7470606,5851373,5847295,58499,5,0,0,0,0,1495,1489,5421997,9217116,116051052,491815640,21900802,1436218,423645119245,491760574,44715358,4071065,1,0,0,0,0,10253,9753.242953281966,100000,99.57267,85,12815,111,214,100000
42,extend,1000,true,uniform,EXTEND,251136,158471267,75330623,74273479,658247,419757,630120,0,0,0,1495,1489,5421997,9219295,116058766,491832511,21900802,1436218,423745742293,491875273,44724585,4071065,0,0,0,0,1,5209,1919.754271453254,9990,495.46026026026027,360,27055,802,1154,9990,10
42,run,1000,true,uniform,READ,258897,163229001,78141935,77082899,658249,419768,630122,0,0,0,1495,1489,5421997,9220382,116065071,491833229,21900802,1436218,423755406538,491924520,44729143,4071065,1,0,0,0,0,10491,9531.979792202841,99923,101.99216396625401,79,13103,115,215,99923,77
42,reference,1000,true,uniform,READ,5719,12703050,4349921,4251966,1119,1,0,0,0,0,1495,1489,5421997,9220972,116072060,491833543,21900802,1436218,423755406588,491924521,44729143,4071065,1,0,0,0,0,2410,41493.775933609955,100000,21.03475,16,10023,43,64,100000
42,clean-run,1000,true,uniform,READ,6250,3739300,2812001,2809964,28134,17,0,0,0,0,1495,1490,5437169,9221139,116072061,491842422,21900903,1436240,423806957715,491986702,44730079,4075797,1,0,0,0,0,9913,10087.763542822557,99911,96.2536457447128,76,13007,106,208,99911,89
42,avg-run,1000,true,uniform,READ,13118,7500924,5915442,5911364,59134,21,0,0,0,0,1495,1490,5437169,9221140,116080113,491849321,21900903,1436240,423854286915,492049817,44730081,4075797,1,0,0,0,0,10246,9759.906304899472,100000,99.42776,85,12687,106,214,100000
43,extend,1000,true,uniform,EXTEND,275495,163973176,78518479,77435311,686180,429762,657526,0,0,0,1495,1490,5437169,9223305,116087740,491865023,21900903,1436240,423942884016,492166186,44738893,4075797,0,0,0,0,1,5288,1891.0741301059002,9994,503.2004202521513,360,28559,817,1260,9994,6
43,run,1000,true,uniform,READ,276056,168695745,81381613,80297424,686180,429762,657526,0,0,0,1495,1490,5437169,9223955,116087740,491865730,21900903,1436240,423942900608,492166467,44738893,4075797,1,0,0,0,0,10679,9364.172675344133,99899,103.87111983102933,81,12975,117,230,99899,101
43,reference,1000,true,uniform,READ,6089,13005215,4454058,4353210,1119,1,0,0,0,0,1495,1490,5437169,9223956,116087740,491866003,21900903,1436240,423942900658,492166468,44738893,4075797,1,0,0,0,0,2396,41736.227045075124,100000,21.01869,16,10303,43,66,100000
43,clean-run,1000,true,uniform,READ,6398,3765638,2863297,2861340,28654,1,0,0,0,0,1495,1491,5449982,9224105,116091630,491875034,21900966,1436245,423995520640,492229778,44739829,4080705,1,0,0,0,0,10046,9954.210631096954,99897,97.576764066989,75,13191,108,224,99897,103
43,avg-run,1000,true,uniform,READ,13269,7527336,5966744,5962746,59654,5,0,0,0,0,1495,1491,5449982,9224107,116107889,491881977,21900966,1436245,424043849890,492292894,44739831,4080705,1,0,0,0,0,10367,9645.992090286485,100000,100.71093,86,12415,110,205,100000
44,extend,1000,true,uniform,EXTEND,309099,169477682,81765395,80657199,714546,439765,685367,0,0,0,1495,1491,5449982,9226611,116122907,491896431,21900966,1436245,424141261366,492442356,44755247,4080705,0,0,0,0,1,5327,1877.2292096865028,9992,506.57375900720575,370,28639,839,1278,9992,8
44,run,1000,true,uniform,READ,309645,174240073,84680655,83571438,714546,439765,685367,0,0,0,1495,1491,5449982,9227329,116122907,491897104,21900966,1436245,424141286300,492442773,44755247,4080705,1,0,0,0,0,10866,9203.018590097552,99905,105.71951353786096,82,13047,117,210,99905,95
44,reference,1000,true,uniform,READ,6437,13307402,4558195,4454454,1119,1,0,0,0,0,1495,1491,5449982,9227330,116122907,491897382,21900966,1436245,424141286300,492442773,44755247,4080705,1,0,0,0,0,2455,40733.19755600815,100000,21.56014,16,10423,43,68,100000
44,clean-run,1000,true,uniform,READ,6513,3795268,2914853,2912896,29179,1,0,0,0,0,1495,1492,5464467,9227449,116125587,491906570,21901036,1436264,424194982055,492507247,44756183,4086036,1,0,0,0,0,10229,9776.126698602015,99918,99.35389018995576,80,16783,110,211,99918,82
44,avg-run,1000,true,uniform,READ,13384,7556884,6018300,6014302,60179,5,0,0,0,0,1495,1492,5464467,9227449,116133662,491913467,21901036,1436264,424244311305,492570363,44756185,4086036,1,0,0,0,0,10533,9493.97132820659,100000,102.35149,88,12783,109,218,100000
45,extend,1000,true,uniform,EXTEND,328859,174987504,85069217,83936864,743374,449760,713740,0,0,0,1495,1492,5464467,9229649,116147946,491931815,21901036,1436264,424353016314,492690295,44766669,4086036,0,0,0,0,1,5258,1901.863826550019,9995,500.11975987994,363,29839,810,1240,9995,5
45,run,1000,true,uniform,READ,329745,179749017,88029066,86895692,743374,449760,713740,0,0,0,1495,1492,5464467,9231724,116147946,491932856,21901036,1436264,424353033474,492690582,44766669,4086036,1,0,0,0,0,11046,9053.050878145936,99881,107.56230914788598,82,14511,121,225,99881,119
45,reference,1000,true,uniform,READ,6773,13609528,4661448,4555684,1119,1,0,0,0,0,1495,1492,5464467,9232351,116153782,491933208,21901036,1436264,424353033474,492690582,44766669,4086036,1,0,0,0,0,2455,40733.19755600815,100000,21.46464,16,10559,44,73,100000
45,clean-run,1000,true,uniform,READ,6572,3817900,2961547,2959590,29634,1,0,0,0,0,1495,1493,5479912,9232512,116158758,491942414,21901113,1436295,424421773303,492807944,44773540,4091158,1,0,0,0,0,10375,9638.55421686747,99910,100.84727254529076,78,13255,112,213,99910,90
45,avg-run,1000,true,uniform,READ,13443,7579411,6064994,6060996,60634,5,0,0,0,0,1495,1493,5479912,9232512,116166814,491949288,21901113,1436295,424472102503,492871059,44773542,4091158,1,0,0,0,0,10631,9406.452826639075,100000,103.30612,88,12943,111,213,100000
46,extend,1000,true,uniform,EXTEND,358716,180554323,88423895,87265517,772603,459758,742527,0,0,0,1495,1493,5479912,9234712,116174509,491967207,21901113,1436295,424564292703,492991649,44782370,4091158,0,0,0,0,1,5255,1902.9495718363464,9987,500.28477020126167,369,28575,811,1321,9987,13
46,run,1000,true,uniform,READ,359315,185336198,91429233,90269834,772603,459758,742527,0,0,0,1495,1493,5479912,9235292,116174509,491967919,21901113,1436295,424564313481,492992001,44782370,4091158,1,0,0,0,0,11119,8993.614533681086,99902,108.30043442573722,81,13551,122,212,99902,98
46,reference,1000,true,uniform,READ,7122,13911714,4765585,4656928,1119,1,0,0,0,0,1495,1493,5479912,9235536,116174509,491968202,21901113,1436295,424564313531,492992002,44782370,4091158,1,0,0,0,0,2442,40950.04095004095,100000,21.42077,16,10255,43,72,100000
46,clean-run,1000,true,uniform,READ,6683,3850167,3005544,3003587,30076,1,0,0,0,0,1495,1494,5492514,9235664,116179688,491977531,21901204,1436303,424620151058,493058501,44783307,4095852,1,0,0,0,0,10449,9570.293808019906,99900,101.60721721721721,79,15015,111,209,99900,100
46,avg-run,1000,true,uniform,READ,13554,7611642,6108991,6104993,61076,5,0,0,0,0,1495,1494,5492514,9235665,116187760,491984472,21901204,1436303,424671480308,493121617,44783309,4095852,1,0,0,0,0,10661,9379.983116030391,100000,103.67957,89,12431,111,206,100000
47,extend,1000,true,uniform,EXTEND,395120,186128434,91829605,90646199,802340,469759,771850,0,0,0,1495,1494,5492514,9238224,116210786,492002033,21901204,1436303,424776407361,493275292,44799523,4095852,0,0,0,0,1,5386,1856.6654288897141,9990,512.5002002002002,370,29359,828,1294,9990,10
47,run,1000,true,uniform,READ,395733,190923190,94874439,93690012,802340,469759,771850,0,0,0,1495,1494,5492514,9238787,116210786,492002708,21901204,1436303,424776435239,493275765,44799523,4095852,1,0,0,0,0,11290,8857.395925597873,99880,110.04740688826593,84,12767,124,231,99880,120
47,reference,1000,true,uniform,READ,7470,14213901,4869722,4758172,1119,1,0,0,0,0,1495,1494,5492514,9239102,116210786,492002980,21901204,1436303,424776435289,493275766,44799523,4095852,1,0,0,0,0,2416,41390.72847682119,100000,21.16171,16,10167,42,68,100000
47,clean-run,1000,true,uniform,READ,6813,3865749,3046347,3044390,30490,1,0,0,0,0,1495,1495,5506806,9239228,116214926,492012454,21901273,1436327,424833319247,493343209,44800459,4100675,1,0,0,0,0,10529,9497.578117580017,99893,102.43148168540338,79,13199,112,205,99893,107
47,avg-run,1000,true,uniform,READ,13684,7627460,6149794,6145796,61490,5,0,0,0,0,1495,1495,5506806,9239228,116223012,492019351,21901273,1436327,424885648497,493406325,44800461,4100675,1,0,0,0,0,10864,9204.712812960235,100000,105.64973,90,15671,112,220,100000
48,extend,1000,true,uniform,EXTEND,417362,191681140,95278344,94070781,832353,479746,801438,0,0,0,1495,1495,5506806,9241457,116237535,492040111,21901273,1436327,425003575104,493530638,44812561,4100675,0,0,0,0,1,5245,1906.5776930409913,9987,499.25242815660357,366,26975,800,1236,9987,13
48,run,1000,true,uniform,READ,418360,196515128,98366556,97157972,832353,479746,801438,0,0,0,1495,1495,5506806,9243235,116243627,492041266,21901273,1436327,425003594304,493530960,44812561,4100675,1,0,0,0,0,11394,8776.54906090925,99887,111.0921641454844,87,12815,121,239,99887,113
48,reference,1000,true,uniform,READ,7806,14516027,4972975,4859402,1119,1,0,0,0,0,1495,1495,5506806,9243957,116251098,492041608,21901273,1436327,425003594304,493530960,44812561,4100675,1,0,0,0,0,2427,41203.13143798929,100000,21.20316,16,10047,43,63,100000
48,clean-run,1000,true,uniform,READ,6919,3887527,3088945,3086988,30915,1,0,0,0,0,1495,1496,5522100,9244603,116259979,492051174,21901354,1436361,425078784262,493653801,44820580,4106617,1,0,0,0,0,10780,9276.437847866418,99903,104.89542856570874,79,13303,116,225,99903,97
48,avg-run,1000,true,uniform,READ,13790,7649364,6192392,6188394,61915,5,0,0,0,0,1495,1496,5522100,9244605,116259979,492058045,21901354,1436361,425132113462,493716916,44820582,4106617,1,0,0,0,0,10955,9128.251939753538,100000,106.59718,91,13327,114,229,100000
49,extend,1000,true,uniform,EXTEND,451461,197334233,98776317,97542729,862792,489747,831500,0,0,0,1495,1496,5522100,9246935,116273796,492077786,21901354,1436361,425227830710,493841686,44829359,4106617,0,0,0,0,1,5357,1866.7164457718873,9990,509.9097097097097,365,27151,823,1328,9990,10
49,run,1000,true,uniform,READ,452209,202179616,101902814,100668205,862792,489747,831500,0,0,0,1495,1496,5522100,9248691,116273796,492078498,21901354,1436361,425227853064,493842064,44829359,4106617,1,0,0,0,0,11620,8605.851979345955,99894,113.34202254389653,87,14679,125,242,99894,106
49,reference,1000,true,uniform,READ,8152,14818216,5077112,4960646,1119,1,0,0,0,0,1495,1496,5522100,9248978,116273796,492078761,21901354,1436361,425227853114,493842065,44829359,4106617,1,0,0,0,0,2396,41736.227045075124,100000,21.01182,16,9879,42,66,100000
49,clean-run,1000,true,uniform,READ,7048,3917312,3126597,3124640,31292,1,0,0,0,0,1495,1497,5533424,9249186,116282497,492088284,21901409,1436364,425286855559,493911346,44830295,4111780,1,0,0,0,0,10933,9146.62032379036,99908,106.47071305601153,82,13551,117,233,99908,92
49,avg-run,1000,true,uniform,READ,14395,7920981,6230044,6226046,62292,5,0,0,0,0,1495,1497,5533424,9249206,116290630,492095684,21901409,1436364,425341184813,493974462,44830297,4111780,1,0,0,0,0,10988,9100.837277029486,100000,106.90807,91,16559,114,226,100000
50,extend,1000,true,uniform,EXTEND,492762,202988929,102317035,101058419,893559,499750,861879,0,0,0,1495,1497,5533424,9251914,116313982,492113853,21901409,1436364,425450600282,494137103,44847161,4111780,0,0,0,0,1,5443,1837.2221201543266,9992,518.7947357886309,375,27007,836,1485,9992,8
50,run,1000,true,uniform,READ,493436,207881036,105481441,104221804,893559,499750,861879,0,0,0,1495,1497,5533424,9253825,116313982,492114694,21901409,1436364,425450625700,494137536,44847161,4111780,1,0,0,0,0,11703,8544.81756814492,99889,114.14924566268559,89,14327,127,248,99889,111
50,reference,1000,true,uniform,READ,8500,15120403,5181249,5061890,1119,1,0,0,0,0,1495,1497,5533424,9254111,116313982,492114940,21901409,1436364,425450625750,494137537,44847161,4111780,1,0,0,0,0,2392,41806.02006688963,100000,20.99982,16,10079,43,67,100000
50,clean-run,1000,true,uniform,READ,7146,3928904,3165426,3163472,31667,1,0,0,0,0,1495,1498,5545718,9254933,116324292,492124683,21904551,1436594,425510264576,494200755,44848096,4116436,1,0,0,0,0,11108,9002.520705797624,99893,108.22425995815523,82,15591,117,239,99893,107
50,avg-run,1000,true,uniform,READ,14500,7932360,6268786,6264791,62667,5,0,0,0,0,1495,1498,5545718,9254935,116332113,492132120,21904551,1436594,425565593826,494263871,44848098,4116436,1,0,0,0,0,11157,8962.982880702697,100000,108.61316,93,12871,116,218,100000
51,extend,1000,true,uniform,EXTEND,532917,208690550,105900856,104617212,924828,509751,892748,0,0,0,1495,1498,5545718,9257457,116347393,492153744,21904551,1436594,425679335734,494422906,44864414,4116436,0,0,0,0,1,5394,1853.9117538005191,9990,513.4402402402402,372,28655,821,1276,9990,10
51,run,1000,true,uniform,READ,533670,213579049,109106229,107821564,924828,509751,892748,0,0,0,1495,1498,5545718,9258941,116354198,492154561,21904551,1436594,425679369146,494423476,44864414,4116436,1,0,0,0,0,11833,8450.942280064228,99896,115.45705533755105,88,13263,130,253,99896,104
51,reference,1000,true,uniform,READ,8845,15422593,5285386,5163134,1119,1,0,0,0,0,1495,1498,5545718,9258979,116354198,492154840,21904551,1436594,425679369196,494423477,44864414,4116436,1,0,0,0,0,2399,41684.03501458941,100000,21.02199,16,10623,42,57,100000
51,clean-run,1000,true,uniform,READ,7331,3964331,3204780,3202823,32080,1,0,0,0,0,1495,1499,5559343,9259100,116362380,492164801,21904616,1436621,425740489911,494494577,44865350,4122309,1,0,0,0,0,11136,8979.885057471265,99892,108.49239178312578,85,15103,118,232,99892,108
51,avg-run,1000,true,uniform,READ,14678,7967978,6308227,6304229,63080,5,0,0,0,0,1495,1499,5559343,9259102,116362380,492172174,21904616,1436621,425796809161,494557693,44865352,4122309,1,0,0,0,0,11113,8998.47026005579,100000,108.12923,92,12719,115,220,100000
52,extend,1000,true,uniform,EXTEND,559412,214350998,109529401,108221600,956496,519742,923942,0,0,0,1495,1499,5559343,9261317,116377652,492197160,21904616,1436621,425923528678,494687667,44878266,4122309,0,0,0,0,1,5134,1947.7989871445268,9991,487.68431588429587,343,29631,805,1300,9991,9
52,run,1000,true,uniform,READ,560786,219270348,112782599,111473777,956496,519742,923942,0,0,0,1495,1499,5559343,9263088,116391367,492198699,21904616,1436621,425923547708,494687988,44878266,4122309,1,0,0,0,0,11983,8345.155637152633,99908,116.94260719862274,90,16735,129,243,99908,92
52,reference,1000,true,uniform,READ,9181,15724719,5388639,5264364,1119,1,0,0,0,0,1495,1499,5559343,9263703,116391367,492198992,21904616,1436621,425934145274,494745861,44883232,4122309,1,0,0,0,0,2440,40983.60655737705,100000,21.37819,16,9711,44,70,100000
52,clean-run,1000,true,uniform,READ,7438,3982613,3252978,3251021,32554,1,0,0,0,0,1495,1500,5574653,9263840,116405845,492209072,21904690,1436663,425996337323,494818062,44884168,4127826,1,0,0,0,0,11233,8902.341315766047,99917,109.43686259595464,85,14023,120,221,99917,83
52,avg-run,1000,true,uniform,READ,14785,7986138,6356425,6352427,63554,5,0,0,0,0,1495,1500,5574653,9263840,116405845,492216476,21904690,1436663,426053656577,494881178,44884170,4127826,1,0,0,0,0,11191,8935.751943526047,100000,108.96083,93,13495,116,221,100000
53,extend,1000,true,uniform,EXTEND,599094,220105924,113212608,111878783,988691,529742,955678,0,0,0,1495,1500,5574653,9266186,116420728,492238748,21904690,1436663,426162424703,495011871,44894967,4127826,0,0,0,0,1,5373,1861.1576400521124,9989,512.04504955451,379,26831,821,1285,9989,11
53,run,1000,true,uniform,READ,599957,225048503,116510758,115175912,988691,529742,955678,0,0,0,1495,1500,5574653,9267706,116420728,492239679,21904690,1436663,426162457929,495012434,44894967,4127826,1,0,0,0,0,12083,8276.090374906895,99906,117.97866994975277,91,13431,131,235,99906,94
53,reference,1000,true,uniform,READ,9551,16026884,5492776,5365608,1119,1,0,0,0,0,1495,1500,5574653,9267753,116420728,492239983,21904690,1436663,426162457979,495012435,44894967,4127826,1,0,0,0,0,2411,41476.5657403567,100000,21.19517,16,10447,41,66,100000
53,clean-run,1000,true,uniform,READ,7631,4003336,3297673,3295716,33013,1,0,0,0,0,1495,1501,5586555,9267889,116430337,492250191,21904751,1436675,426225719567,495085701,44895903,4133923,1,0,0,0,0,11324,8830.801836806782,99891,110.375188955962,86,13647,119,243,99891,109
53,avg-run,1000,true,uniform,READ,15335,7933364,6401120,6397122,64013,5,0,0,0,0,1495,1501,5586555,9269615,116453585,492258039,21904751,1436675,426311788741,495187477,44909290,4133923,1,0,0,0,0,11368,8796.622097114709,100000,110.65739,92,13719,119,236,100000
54,extend,1000,true,uniform,EXTEND,646542,225879203,116946128,115587275,1021382,539737,987896,0,0,0,1495,1501,5586555,9272260,116460735,492278966,21904751,1436675,426401591845,495320429,44913482,4133923,0,0,0,0,1,5486,1822.8217280349982,9984,523.5786258012821,381,27039,841,1485,9984,16
54,run,1000,true,uniform,READ,647501,230851271,120292240,118932366,1021382,539737,987896,0,0,0,1495,1501,5586555,9274706,116466932,492279991,21904751,1436675,426401616195,495320842,44913482,4133923,1,0,0,0,0,12243,8167.932696234583,99907,119.46537279670093,94,12999,133,249,99907,93
54,reference,1000,true,uniform,READ,9923,16329047,5596913,5466852,1119,1,0,0,0,0,1495,1501,5586555,9274715,116466932,492280264,21904751,1436675,426401616245,495320843,44913482,4133923,1,0,0,0,0,2398,41701.41784820684,100000,20.97154,16,10311,42,66,100000
54,clean-run,1000,true,uniform,READ,7752,4019718,3345983,3344026,33486,1,0,0,0,0,1495,1502,5598534,9274869,116475359,492290677,21904808,1436731,426465948646,495395211,44914418,4139681,1,0,0,0,0,11523,8678.295582747549,99913,112.36691921972115,89,14191,121,240,99913,87
54,avg-run,1000,true,uniform,READ,15457,7949745,6449430,6445432,64486,5,0,0,0,0,1495,1502,5598534,9274869,116483507,492298407,21904808,1436731,426525267896,495458327,44914420,4139681,1,0,0,0,0,11447,8735.913339739669,100000,111.47734,95,15871,120,240,100000
55,extend,1000,true,uniform,EXTEND,674386,231627924,120732684,119349674,1054688,549728,1020675,0,0,0,1495,1502,5598534,9277290,116490783,492324498,21904808,1436731,426649341396,495592264,44925167,4139681,0,0,0,0,1,5555,1800.1800180018001,9991,529.6170553498148,385,29151,837,1288,9991,9
55,run,1000,true,uniform,READ,694073,236611697,124132027,122747125,1054690,549739,1020677,0,0,0,1495,1502,5598534,9279118,116512164,492326359,21904808,1436731,426661205706,495653431,44931495,4139681,1,0,0,0,0,12735,7852.375343541421,99873,124.44319285492575,96,14159,154,272,99873,127
55,reference,1000,true,uniform,READ,10271,16631234,5701050,5568096,1119,1,0,0,0,0,1495,1502,5598534,9279429,116512164,492326623,21904808,1436731,426661205706,495653431,44931495,4139681,1,0,0,0,0,2426,41220.11541632316,100000,21.29331,16,10215,43,69,100000
55,clean-run,1000,true,uniform,READ,7917,4033272,3398454,3396497,34020,1,0,0,0,0,1495,1503,5613813,9279567,116522555,492337203,21904881,1436776,426726620312,495729042,44932431,4145974,1,0,0,0,0,11574,8640.055296353896,99890,112.70948042847132,90,14039,121,226,99890,110
55,avg-run,1000,true,uniform,READ,15620,7963301,6501901,6497903,65020,5,0,0,0,0,1495,1503,5613813,9279568,116530748,492344965,21904881,1436776,426786939562,495792158,44932433,4145974,1,0,0,0,0,11561,8649.770781074301,100000,112.64287,96,14399,119,245,100000
56,extend,1000,true,uniform,EXTEND,720690,237396438,124579003,123169968,1088481,559730,1053899,0,0,0,1495,1503,5613813,9282053,116537955,492370731,21904881,1436776,426898917803,495927183,44942807,4145974,0,0,0,0,1,5604,1784.4396859386152,9991,533.2832549294365,381,29807,847,1472,9991,9
56,run,1000,true,uniform,READ,721735,242326707,128034433,126624377,1088481,559730,1053899,0,0,0,1495,1503,5613813,9283198,116537955,492371844,21904881,1436776,426898944759,495927643,44942807,4145974,1,0,0,0,0,12504,7997.44081893794,99901,122.13095965005355,95,13623,136,246,99901,99
56,reference,1000,true,uniform,READ,10607,16933360,5804303,5669326,1119,1,0,0,0,0,1495,1503,5613813,9283714,116543243,492372180,21904881,1436776,426898944809,495927644,44942807,4145974,1,0,0,0,0,2454,40749.79625101874,100000,21.50973,16,11223,44,66,100000
56,clean-run,1000,true,uniform,READ,8092,4061451,3455349,3453392,34582,1,0,0,0,0,1495,1504,5626473,9284111,116557169,492382915,21904943,1436803,426972518437,496045604,44948066,4145991,1,0,0,0,0,11737,8520.064752492119,99897,114.4696737639769,92,13855,124,242,99897,103
56,avg-run,1000,true,uniform,READ,15796,7991479,6558796,6554798,65582,5,0,0,0,0,1495,1504,5626473,9284117,116565169,492390626,21904943,1436803,427033837687,496108720,44948068,4145991,1,0,0,0,0,11774,8493.290300662477,100000,114.74182,99,13487,125,247,100000
57,extend,1000,true,uniform,EXTEND,760797,243172476,128489051,127053991,1122824,569732,1087675,0,0,0,1495,1504,5626473,9286715,116572669,492413575,21904943,1436803,427148371464,496246296,44958285,4145991,0,0,0,0,1,5713,1750.393838613688,9991,545.3659293364028,381,28719,867,1473,9991,9
57,run,1000,true,uniform,READ,761657,248142549,132001003,130564922,1122824,569732,1087675,0,0,0,1495,1504,5626473,9287652,116578585,492414773,21904943,1436803,427148397684,496246739,44958285,4145991,1,0,0,0,0,12603,7934.618741569468,99884,123.18196107484682,99,14047,137,264,99884,116
57,reference,1000,true,uniform,READ,10954,17235548,5908440,5770570,1119,1,0,0,0,0,1495,1504,5626473,9287687,116578585,492415089,21904943,1436803,427148397734,496246740,44958285,4145991,1,0,0,0,0,2428,41186.161449752886,100000,21.28177,16,10071,43,68,100000
57,clean-run,1000,true,uniform,READ,8291,4073447,3512036,3510079,35149,1,0,0,0,0,1495,1505,5639201,9287826,116586664,492425980,21905004,1436819,427215981705,496324968,44959221,4152345,1,0,0,0,0,11814,8464.533604198408,99902,115.22802346299373,94,14303,124,256,99902,98
57,avg-run,1000,true,uniform,READ,15995,8003475,6615483,6611485,66149,5,0,0,0,0,1495,1505,5639201,9287826,116611246,492433822,21905004,1436819,427278300955,496388084,44959223,4152345,1,0,0,0,0,11709,8540.438978563498,100000,114.05263,98,13631,123,240,100000
58,extend,1000,true,uniform,EXTEND,811169,248987141,132462828,131002740,1157803,579737,1122105,0,0,0,1495,1505,5639201,9290326,116625830,492454961,21905004,1436819,427403326478,496567892,44977164,4152345,0,0,0,0,1,5341,1872.308556450103,9994,507.9018411046628,350,30431,831,1381,9994,6
58,run,1000,true,uniform,READ,812067,254016965,136029888,134568779,1157803,579737,1122105,0,0,0,1495,1505,5639201,9291313,116625830,492455964,21905004,1436819,427403351340,496568314,44977164,4152345,1,0,0,0,0,12744,7846.829880728186,99895,124.58714650382902,100,14519,138,263,99895,105
58,reference,1000,true,uniform,READ,11326,17537711,6012577,5871814,1119,1,0,0,0,0,1495,1505,5639201,9291336,116625830,492456235,21905004,1436819,427403351390,496568315,44977164,4152345,1,0,0,0,0,2410,41493.775933609955,100000,20.99255,16,9671,42,62,100000
58,clean-run,1000,true,uniform,READ,8500,4061807,3566873,3564916,35698,1,0,0,0,0,1495,1506,5652836,9291471,116635637,492467430,21905071,1436843,427472018866,496647829,44978100,4159078,1,0,0,0,0,11945,8371.703641691083,99885,116.58807628773089,96,13863,126,244,99885,115
58,avg-run,1000,true,uniform,READ,16204,7991835,6670320,6666322,66698,5,0,0,0,0,1495,1506,5652836,9291471,116643830,492475160,21905071,1436843,427535338096,496710945,44978102,4159078,1,0,0,0,0,11662,8574.858514834505,100000,113.56302,96,12591,121,250,100000
59,extend,1000,true,uniform,EXTEND,842493,254803847,136497768,135013523,1193364,589732,1157056,0,0,0,1495,1506,5652836,9293972,116657915,492504764,21905071,1436843,427663635318,496851166,44988398,4159078,0,0,0,0,1,5553,1800.8283810552855,9995,529.4937468734367,365,27087,847,1415,9995,5
59,run,1000,true,uniform,READ,867271,259815641,140126899,138639765,1193366,589743,1157058,0,0,0,1495,1506,5652836,9295379,116680920,492507199,21905071,1436843,427676727500,496916349,44995691,4159078,1,0,0,0,0,11471,8717.63577717723,99899,111.764992642569,86,13791,128,238,99899,101
59,reference,1000,true,uniform,READ,11674,17839898,6116714,5973058,1119,1,0,0,0,0,1495,1506,5652836,9295657,116680920,492507466,21905071,1436843,427676727500,496916349,44995691,4159078,1,0,0,0,0,2448,40849.67320261438,100000,21.40416,16,10103,43,69,100000
59,clean-run,1000,true,uniform,READ,8699,4068368,3627938,3625981,36308,1,0,0,0,0,1495,1507,5668185,9295790,116689086,492518846,21905148,1436897,427746488073,496997286,44996627,4165743,1,0,0,0,0,10683,9360.666479453337,99899,103.85194045986447,81,13831,115,232,99899,101
59,avg-run,1000,true,uniform,READ,18932,7533457,7731385,7727387,77308,5,0,0,0,0,1495,1507,5668185,9295793,116697280,492529118,21905148,1436897,427812142091,497080430,44996629,4165743,1,0,0,0,0,12017,8321.544478655238,100000,117.19389,101,14647,125,246,100000
60,extend,1000,true,uniform,EXTEND,897261,260610385,140600861,139089594,1229371,599730,1192518,0,0,0,1495,1507,5668185,9298214,116712099,492558104,21905148,1436897,427931468538,497222020,45007319,4165743,0,0,0,0,1,5458,1832.1729571271528,9987,520.2178832482227,371,27167,832,1343,9987,13
60,run,1000,true,uniform,READ,899012,265594931,144283961,142771673,1229371,599730,1192518,0,0,0,1495,1507,5668185,9299554,116712099,492560076,21905148,1436897,427931495014,497222469,45007319,4165743,1,0,0,0,0,11398,8773.469029654325,99917,111.08413983606393,86,14959,125,252,99917,83
60,reference,1000,true,uniform,READ,12010,18142024,6219967,6074288,1119,1,0,0,0,0,1495,1507,5668185,9299865,116712099,492560384,21905148,1436897,427931495064,497222470,45007319,4165743,1,0,0,0,0,2462,40617.384240454914,100000,21.58414,16,10127,43,79,100000
60,clean-run,1000,true,uniform,READ,8881,4087048,3682680,3680723,36853,1,0,0,0,0,1495,1508,5679434,9301175,116739671,492572022,21905205,1436922,428027045075,497347509,45021955,4168198,1,0,0,0,0,10695,9350.163627863487,99899,104.0356560125727,82,15311,118,224,99899,101
60,avg-run,1000,true,uniform,READ,19114,7552137,7786127,7782129,77853,5,0,0,0,0,1495,1508,5679434,9304298,116754752,492582281,21905205,1436922,428093699097,497430653,45021957,4168198,1,0,0,0,0,12009,8327.088017320342,100000,117.1253,100,14839,126,232,100000
61,extend,1000,true,uniform,EXTEND,953487,266445403,144765686,143229391,1265911,609733,1228519,0,0,0,1495,1508,5679434,9306862,116766938,492608925,21905205,1436922,428198694019,497574633,45028014,4168198,0,0,0,0,1,5392,1854.59940652819,9992,513.0922738190552,360,29791,813,1369,9992,8
61,run,1000,true,uniform,READ,955179,271465349,148502312,146964996,1265911,609733,1228519,0,0,0,1495,1508,5679434,9308068,116766938,492610821,21905205,1436922,428198719943,497575073,45028014,4168198,1,0,0,0,0,11384,8784.258608573437,99910,110.9194775297768,87,14519,124,232,99910,90
61,reference,1000,true,uniform,READ,12382,18444187,6324104,6175532,1119,1,0,0,0,0,1495,1508,5679434,9308285,116766938,492611091,21905205,1436922,428198719993,497575074,45028014,4168198,1,0,0,0,0,2437,41034.05826836274,100000,21.2934,16,9911,43,73,100000
61,clean-run,1000,true,uniform,READ,9057,4088799,3737122,3735165,37392,1,0,0,0,0,1495,1509,5691407,9308424,116777175,492622783,21905263,1436944,428270646066,497658560,45028950,4175295,1,0,0,0,0,10701,9344.92103541725,99906,104.06159790202791,82,13799,116,219,99906,94
61,avg-run,1000,true,uniform,READ,19290,7553888,7840569,7836571,78392,5,0,0,0,0,1495,1509,5691407,9308427,116793560,492633107,21905263,1436944,428338290114,497741705,45028952,4175295,1,0,0,0,0,12554,7965.588657001753,100000,122.4812,101,15375,142,261,100000
62,extend,1000,true,uniform,EXTEND,1014425,272304840,148991106,147429783,1303027,619739,1265098,0,0,0,1495,1509,5691407,9311048,116824009,492663851,21905263,1436944,428471205679,497923831,45048090,4175295,0,0,0,0,1,5621,1779.042874933286,9995,535.6660330165082,365,29119,851,1355,9995,5
62,run,1000,true,uniform,READ,1016822,277317789,152782101,151219757,1303027,619739,1265098,0,0,0,1495,1509,5691407,9312301,116824009,492666737,21905263,1436944,428471236893,497924364,45048090,4175295,1,0,0,0,0,11504,8692.628650904033,99904,112.17080397181294,88,14191,126,246,99904,96
62,reference,1000,true,uniform,READ,12730,18746374,6428241,6276776,1119,1,0,0,0,0,1495,1509,5691407,9312423,116824009,492667018,21905263,1436944,428471236943,497924365,45048090,4175295,1,0,0,0,0,2448,40849.67320261438,100000,21.46421,16,10551,43,67,100000
62,clean-run,1000,true,uniform,READ,9239,4089524,3790110,3788153,37929,1,0,0,0,0,1495,1510,5702977,9312556,116834793,492678919,21905363,1437028,428544244561,498009117,45049026,4182261,1,0,0,0,0,10806,9254.118082546733,99889,105.12942366026289,85,16063,117,229,99889,111
62,avg-run,1000,true,uniform,READ,19472,7554613,7893557,7889559,78929,5,0,0,0,0,1495,1510,5702977,9312558,116842990,492689177,21905363,1437028,428612888579,498092261,45049028,4182261,1,0,0,0,0,12313,8121.497604158207,100000,120.18227,102,13959,128,245,100000
63,extend,1000,true,uniform,EXTEND,1055003,278116440,153275368,151689888,1340600,629723,1302174,0,0,0,1495,1510,5702977,9315065,116865258,492726665,21905363,1437028,428758591890,498240214,45063135,4182261,0,0,0,0,1,5561,1798.237727027513,9984,530.8309294871794,367,29903,849,1508,9984,16
63,run,1000,true,uniform,READ,1058746,283177292,157115785,155529284,1340600,629723,1302174,0,0,0,1495,1510,5702977,9317092,116880121,492730523,21905363,1437028,428758612088,498240553,45063135,4182261,1,0,0,0,0,11617,8608.074373762589,99908,113.2116747407615,90,13919,127,229,99908,92
63,reference,1000,true,uniform,READ,13066,19048500,6531494,6378006,1119,1,0,0,0,0,1495,1510,5702977,9317647,116887226,492730851,21905363,1437028,428770336770,498309654,45069895,4182261,1,0,0,0,0,2448,40849.67320261438,100000,21.50001,15,10303,44,74,100000
63,clean-run,1000,true,uniform,READ,9446,4054111,3841020,3839063,38426,1,0,0,0,0,1495,1511,5718027,9317849,116900418,492744370,21905434,1437090,428844421577,498395604,45070831,4189947,1,0,0,0,0,10867,9202.171712524156,99909,105.78864766937913,86,17391,119,232,99909,91
63,avg-run,1000,true,uniform,READ,19673,7519206,7944467,7940469,79426,5,0,0,0,0,1495,1511,5718027,9317854,116908613,492754630,21905434,1437090,428914065547,498478747,45070833,4189947,1,0,0,0,0,12437,8040.524242180591,100000,121.34327,107,13847,128,205,100000
64,extend,1000,true,uniform,EXTEND,1118861,284047601,157616398,156004894,1378670,639722,1339756,0,0,0,1495,1511,5718027,9320354,116923792,492787229,21905434,1437090,429042452377,498627033,45082830,4189947,0,0,0,0,1,5599,1786.033220217896,9988,534.1615939126953,381,30687,841,1427,9988,12
64,run,1000,true,uniform,READ,1121510,289150326,161505018,159892493,1378670,639722,1339756,0,0,0,1495,1511,5718027,9321545,116923792,492789944,21905434,1437090,429042481753,498627535,45082830,4189947,1,0,0,0,0,11792,8480.325644504748,99885,114.97631275967362,91,13791,130,238,99885,115
64,reference,1000,true,uniform,READ,13421,19350680,6635631,6479250,1119,1,0,0,0,0,1495,1511,5718027,9321625,116923792,492790247,21905434,1437090,429042481753,498627535,45082830,4189947,1,0,0,0,0,2385,41928.72117400419,100000,20.89927,16,10191,43,62,100000
64,clean-run,1000,true,uniform,READ,9568,4038090,3888324,3886370,38901,1,0,0,0,0,1495,1512,5728847,9324790,116959656,492802692,21908175,1440341,429145856915,498749698,45098763,4190049,1,0,0,0,0,11173,8950.147677436678,99886,108.88549946939511,87,15231,125,239,99886,114
64,avg-run,1000,true,uniform,READ,19808,7503048,7991684,7987689,79901,5,0,0,0,0,1495,1512,5728847,9327234,116967009,492812974,21908175,1440341,429216501017,498832844,45098765,4190049,1,0,0,0,0,12433,8043.1110753639505,100000,121.36658,104,13831,129,255,100000
65,extend,1000,true,uniform,EXTEND,1183674,290021310,162012588,160375186,1417275,649722,1377888,0,0,0,1495,1512,5728847,9330000,116980774,492842338,21908175,1440341,429325874104,498983600,45103942,4190049,0,0,0,0,1,5661,1766.4723547076487,9989,540.2912203423766,375,27183,867,1317,9989,11
65,run,1000,true,uniform,READ,1186055,295147486,165949583,164311160,1417275,649722,1377888,0,0,0,1495,1512,5728847,9331140,116994040,492844885,21908175,1440341,429326502776,498994057,45103943,4190049,1,0,0,0,0,11970,8354.21888053467,99903,116.81517071559412,91,14991,133,241,99903,97
65,reference,1000,true,uniform,READ,13793,19652843,6739768,6580494,1119,1,0,0,0,0,1495,1512,5728847,9331208,116994040,492845183,21908175,1440341,429326502776,498994057,45103943,4190049,1,0,0,0,0,2411,41476.5657403567,100000,21.10576,16,10407,43,61,100000
65,clean-run,1000,true,uniform,READ,9738,4037039,3935971,3934014,39387,1,0,0,0,0,1495,1513,5740510,9331343,117005793,492857617,21908232,1440368,429402737889,499082361,45104879,4197766,1,0,0,0,0,11157,8962.982880702697,99892,108.67682096664397,86,15271,123,234,99892,108
65,avg-run,1000,true,uniform,READ,19971,7502128,8039418,8035420,80387,5,0,0,0,0,1495,1513,5740510,9331343,117013985,492867876,21908232,1440368,429474381907,499165505,45104881,4197766,1,0,0,0,0,12754,7840.677434530344,100000,124.58338,106,14271,133,257,100000
66,extend,1000,true,uniform,EXTEND,1225455,295951373,166460883,164799324,1456291,659713,1416410,0,0,0,1495,1513,5740510,9333948,117036158,492906547,21908232,1440368,429617060222,499316385,45116479,4197766,0,0,0,0,1,5724,1747.0300489168415,9991,545.8171354218797,386,27471,871,1361,9991,9
66,run,1000,true,uniform,READ,1229514,301004906,170446670,168784090,1456291,659713,1416410,0,0,0,1495,1513,5740510,9335112,117036158,492910575,21908232,1440368,429617081944,499316751,45116479,4197766,1,0,0,0,0,12167,8218.952905399852,99907,118.78945419239894,93,14999,134,242,99907,93
66,reference,1000,true,uniform,READ,14139,19955032,6843905,6681738,1119,1,0,0,0,0,1495,1513,5740510,9335310,117036158,492910874,21908232,1440368,429617081944,499316751,45116479,4197766,1,0,0,0,0,2462,40617.384240454914,100000,21.57758,16,10063,44,72,100000
66,clean-run,1000,true,uniform,READ,9876,3993180,3985376,3983419,39881,1,0,0,0,0,1495,1514,5749360,9335556,117046948,492925791,21908277,1440437,429694394360,499406251,45117415,4205467,1,0,0,0,0,11427,8751.203290452437,99907,111.4108921296806,89,15143,126,225,99907,93
66,avg-run,1000,true,uniform,READ,20103,7458275,8088823,8084825,80881,5,0,0,0,0,1495,1514,5749360,9337585,117094625,492936319,21908277,1440437,429803022638,499561419,45141553,4205467,1,0,0,0,0,13047,7664.597225415804,100000,127.50148,108,14383,136,269,100000
67,extend,1000,true,uniform,EXTEND,1315078,301855924,170964652,169278065,1495801,669718,1455466,0,0,0,1495,1514,5749360,9340262,117116997,492971766,21908277,1440437,429910834512,499713401,45145750,4205467,0,0,0,0,1,5583,1791.1517105498835,9994,533.1053632179307,381,26975,852,1338,9994,6
67,run,1000,true,uniform,READ,1318415,306913592,174996369,173308761,1495801,669718,1455466,0,0,0,1495,1514,5749360,9341475,117116997,492975696,21908277,1440437,429910863258,499713891,45145750,4205467,1,0,0,0,0,12406,8060.615831049492,99900,121.1732032032032,93,14047,138,253,99900,100
67,reference,1000,true,uniform,READ,14511,20257195,6948042,6782982,1119,1,0,0,0,0,1495,1514,5749360,9341605,117116997,492975995,21908277,1440437,429910863258,499713891,45145750,4205467,1,0,0,0,0,2406,41562.75976724854,100000,21.13979,16,9983,43,58,100000
67,clean-run,1000,true,uniform,READ,9998,3945301,4030316,4028359,40335,1,0,0,0,0,1495,1515,5759600,9341798,117130582,492988653,21908328,1440444,429989246636,499804497,45146686,4213752,1,0,0,0,0,11568,8644.536652835408,99900,112.82968968968969,87,14375,127,243,99900,100
67,avg-run,1000,true,uniform,READ,20225,7410396,8133763,8129765,81335,5,0,0,0,0,1495,1515,5759600,9341799,117146967,492998970,21908328,1440444,430062890684,499887642,45146688,4213752,1,0,0,0,0,12968,7711.2893275755705,100000,126.7197,107,14271,135,258,100000
68,extend,1000,true,uniform,EXTEND,1388996,307768215,175519759,173808144,1535723,679720,1494930,0,0,0,1495,1515,5759600,9344600,117185426,493034528,21908328,1440444,430204914121,500084718,45168333,4213752,0,0,0,0,1,5822,1717.6228100309172,9991,555.8297467720948,376,27023,885,1628,9991,9
68,run,1000,true,uniform,READ,1392397,312848584,179596570,177883933,1535723,679720,1494930,0,0,0,1495,1515,5759600,9345791,117185426,493038323,21908328,1440444,430204947579,500085290,45168333,4213752,1,0,0,0,0,12541,7973.845785822502,99896,122.45284095459277,95,15583,139,241,99896,104
68,reference,1000,true,uniform,READ,14859,20559382,7052179,6884226,1119,1,0,0,0,0,1495,1515,5759600,9345949,117185426,493038597,21908328,1440444,430204947579,500085290,45168333,4213752,1,0,0,0,0,2423,41271.15146512588,100000,21.28365,16,10431,43,61,100000
68,clean-run,1000,true,uniform,READ,10131,3898117,4078567,4076530,40800,17,0,0,0,0,1495,1516,5770055,9346128,117196677,493052061,21908379,1440465,430284409039,500177027,45169269,4222136,1,0,0,0,0,11813,8465.250148141877,99901,115.2283760923314,87,14439,131,252,99901,99
68,avg-run,1000,true,uniform,READ,20355,7363207,8182008,8177930,81800,21,0,0,0,0,1495,1516,5770055,9346129,117204874,493062343,21908379,1440465,430359053057,500260171,45169271,4222136,1,0,0,0,0,12959,7716.644802839725,100000,126.61485,109,14303,136,265,100000
69,extend,1000,true,uniform,EXTEND,1436617,313658651,180124798,178389024,1576268,689712,1535010,0,0,0,1495,1516,5770055,9348735,117227246,493105155,21908379,1440465,430512900411,500416844,45183099,4222136,0,0,0,0,1,5729,1745.5053237912375,9992,546.7345876701361,394,26927,850,1287,9992,8
69,run,1000,true,uniform,READ,1471683,318794362,184249557,182511891,1576270,689723,1535012,0,0,0,1495,1516,5770055,9350797,117258101,493110478,21908379,1440465,430525431726,500491716,45191022,4222136,1,0,0,0,0,12832,7793.017456359103,99905,125.43891697112257,94,14791,142,264,99905,95
69,reference,1000,true,uniform,READ,15204,20861572,7156316,6985470,1119,1,0,0,0,0,1495,1516,5770055,9350798,117258101,493110782,21908379,1440465,430525431726,500491716,45191022,4222136,1,0,0,0,0,2450,40816.32653061225,100000,21.50825,16,9679,43,64,100000
69,clean-run,1000,true,uniform,READ,10128,3856391,4121900,4119943,41258,1,0,0,0,0,1495,1517,5785367,9351015,117269469,493128431,21908480,1440535,430605952803,500584456,45191958,4230606,1,0,0,0,0,12089,8271.982794275787,99885,118.01803073534565,91,14359,133,257,99885,115
69,avg-run,1000,true,uniform,READ,20355,7321486,8225347,8221349,82258,5,0,0,0,0,1495,1517,5785367,9351015,117277646,493138715,21908480,1440535,430681596821,500667600,45191960,4230606,1,0,0,0,0,13197,7577.479730241722,100000,129.01817,110,15767,137,264,100000
70,extend,1000,true,uniform,EXTEND,1516170,319610832,184782848,183021052,1617203,699715,1575490,0,0,0,1495,1517,5785367,9353525,117293243,493177116,21908480,1440535,430818469443,500824139,45203771,4230606,0,0,0,0,1,5673,1762.7357659086904,9992,541.3832065652522,393,26975,849,1338,9992,8
70,run,1000,true,uniform,READ,1519961,324699676,188950532,187187715,1617203,699715,1575490,0,0,0,1495,1517,5785367,9354757,117299655,493181377,21908480,1440535,430818493215,500824542,45203771,4230606,1,0,0,0,0,12907,7747.733787867049,99876,126.20283151107373,93,14343,142,253,99876,124
70,reference,1000,true,uniform,READ,15540,21163698,7259569,7086700,1119,1,0,0,0,0,1495,1517,5785367,9355600,117306441,493181738,21908480,1440535,430818493215,500824542,45203771,4230606,1,0,0,0,0,2412,41459.36981757877,100000,21.11409,16,10175,43,63,100000
70,clean-run,1000,true,uniform,READ,10208,3813563,4168862,4166905,41713,1,0,0,0,0,1495,1518,5797611,9356085,117321666,493197867,21908541,1440577,430906884805,500965660,45209600,4230606,1,0,0,0,0,12202,8195.377806916898,99909,119.15981543204316,91,14775,134,250,99909,91
70,avg-run,1000,true,uniform,READ,20435,7278658,8272309,8268311,82713,5,0,0,0,0,1495,1518,5797611,9356090,117337866,493208137,21908541,1440577,430983528853,501048805,45209602,4230606,1,0,0,0,0,13240,7552.870090634441,100000,129.38941,113,14071,138,205,100000
71,extend,1000,true,uniform,EXTEND,1582182,325583496,189490651,187702830,1658657,709717,1616477,0,0,0,1495,1518,5797611,9358825,117352011,493242040,21908541,1440577,431123265589,501207597,45221125,4230606,0,0,0,0,1,5879,1700.9695526450078,9991,561.2961665498949,391,26863,882,1380,9991,9
71,run,1000,true,uniform,READ,1585734,330681156,193705799,191916957,1658657,709717,1616477,0,0,0,1495,1518,5797611,9360093,117352011,493246014,21908541,1440577,431123290239,501208014,45221125,4230606,1,0,0,0,0,13140,7610.350076103501,99896,128.53728878033155,92,14487,144,249,99896,104
71,reference,1000,true,uniform,READ,15896,21465877,7363706,7187944,1119,1,0,0,0,0,1495,1518,5797611,9360263,117352011,493246313,21908541,1440577,431123290239,501208014,45221125,4230606,1,0,0,0,0,2402,41631.973355537055,100000,20.91449,16,10591,41,70,100000
71,clean-run,1000,true,uniform,READ,10322,3793036,4215157,4213200,42180,1,0,0,0,0,1495,1519,5807746,9360409,117364213,493260488,21908590,1440582,431205941488,501302737,45222061,4239372,1,0,0,0,0,12350,8097.165991902834,99900,120.6432032032032,92,14735,135,257,99900,100
71,avg-run,1000,true,uniform,READ,20549,7258131,8318604,8314606,83180,5,0,0,0,0,1495,1519,5807746,9362309,117403507,493270939,21908590,1440582,431310726875,501432155,45237397,4239372,1,0,0,0,0,13541,7384.978952809985,100000,132.38474,111,14111,142,273,100000
72,extend,1000,true,uniform,EXTEND,1659330,331555448,194251080,192438231,1700401,719714,1657732,0,0,0,1495,1519,5807746,9365057,117417823,493304766,21908590,1440582,431432513407,501592469,45243013,4239372,0,0,0,0,1,5600,1785.7142857142858,9986,534.7825956338875,385,27487,835,1197,9986,14
72,run,1000,true,uniform,READ,1663051,336709106,198514641,196700771,1700401,719714,1657732,0,0,0,1495,1519,5807746,9366189,117417823,493308593,21908590,1440582,431432540763,501592931,45243013,4239372,1,0,0,0,0,13361,7484.469725319961,99905,130.6800860817777,99,14663,146,260,99905,95
72,reference,1000,true,uniform,READ,16268,21768040,7467843,7289188,1119,1,0,0,0,0,1495,1519,5807746,9366379,117417823,493308892,21908590,1440582,431432540763,501592931,45243013,4239372,1,0,0,0,0,2396,41736.227045075124,100000,20.9541,16,10527,42,59,100000
72,clean-run,1000,true,uniform,READ,10334,3773281,4264323,4262366,42669,1,0,0,0,0,1495,1520,5818395,9366691,117431696,493324735,21908642,1440621,431516262098,501688672,45243950,4247663,1,0,0,0,0,12674,7890.168849613382,99898,123.89958757933091,91,15071,138,262,99898,102
72,avg-run,1000,true,uniform,READ,20561,7238376,8367770,8363772,83669,5,0,0,0,0,1495,1520,5818395,9367060,117456267,493335185,21908642,1440621,431594896166,501771817,45243952,4247663,1,0,0,0,0,13498,7408.504963698326,100000,131.95166,115,14135,141,222,100000
73,extend,1000,true,uniform,EXTEND,1738547,337573878,199066065,197228188,1742748,729712,1699585,0,0,0,1495,1520,5818395,9370160,117486375,493375029,21908642,1440621,431747275605,501977643,45264522,4247663,0,0,0,0,1,5866,1704.7391749062394,9987,560.5004505857615,397,27103,880,1401,9987,13
73,run,1000,true,uniform,READ,1742695,342758850,203379806,201540908,1742748,729712,1699585,0,0,0,1495,1520,5818395,9371288,117486375,493379247,21908642,1440621,431747317185,501978351,45264522,4247663,1,0,0,0,0,13649,7326.544069162576,99901,133.53798260277674,101,13695,149,267,99901,99
73,reference,1000,true,uniform,READ,16640,22070203,7571980,7390432,1119,1,0,0,0,0,1495,1520,5818395,9371487,117486375,493379546,21908642,1440621,431747317185,501978351,45264522,4247663,1,0,0,0,0,2385,41928.72117400419,100000,20.83737,16,10303,41,61,100000
73,clean-run,1000,true,uniform,READ,10299,3781991,4314805,4312848,43163,1,0,0,0,0,1495,1521,5828563,9371786,117500124,493397194,21908722,1440685,431832089916,502075091,45265458,4256503,1,0,0,0,0,12695,7877.116975187081,99894,124.11607303741967,94,15735,137,255,99894,106
73,avg-run,1000,true,uniform,READ,20526,7247086,8418252,8414254,84163,5,0,0,0,0,1495,1521,5828563,9371786,117508300,493407445,21908722,1440685,431911723914,502158235,45265460,4256503,1,0,0,0,0,13436,7442.6912771658235,100000,131.45147,114,15007,140,271,100000
74,extend,1000,true,uniform,EXTEND,1794633,343575560,203936765,202074731,1785696,739707,1741999,0,0,0,1495,1521,5828563,9374405,117538850,493453587,21908722,1440685,432066521360,502320842,45277583,4256503,0,0,0,0,1,5901,1694.628029147602,9995,563.687843921961,397,26927,880,1363,9995,5
74,run,1000,true,uniform,READ,1829956,348677704,208304636,206440710,1785698,739718,1742001,0,0,0,1495,1521,5828563,9375713,117561758,493459556,21908722,1440685,432080435011,502377168,45286995,4256503,1,0,0,0,0,13767,7263.746640517179,99888,134.82019862245716,98,14959,151,265,99888,112
74,reference,1000,true,uniform,READ,16988,22372390,7676117,7491676,1119,1,0,0,0,0,1495,1521,5828563,9375923,117561758,493459861,21908722,1440685,432080435061,502377169,45286995,4256503,1,0,0,0,0,2396,41736.227045075124,100000,21.02633,16,11951,42,67,100000
74,clean-run,1000,true,uniform,READ,10284,3809530,4367457,4365500,43697,1,0,0,0,0,1495,1522,5842679,9376190,117574967,493478272,21908796,1440770,432166279660,502474996,45287931,4265400,1,0,0,0,0,12929,7734.550235903782,99906,126.42524973475066,96,14751,140,251,99906,94
74,avg-run,1000,true,uniform,READ,20512,7274624,8470904,8466906,84697,5,0,0,0,0,1495,1522,5842679,9376190,117583142,493488525,21908796,1440770,432246913678,502558140,45287933,4265400,1,0,0,0,0,13370,7479.431563201197,100000,130.71319,113,14319,139,265,100000
75,extend,1000,true,uniform,EXTEND,1882092,349498013,208868107,206981045,1829203,749713,1784990,0,0,0,1495,1522,5842679,9378900,117605524,493534390,21908796,1440770,432408171380,502724061,45302709,4265400,0,0,0,0,1,5959,1678.133915086424,9995,569.000100050025,406,26895,871,1305,9995,5
75,run,1000,true,uniform,READ,1919185,354768358,213287688,211398734,1829205,749724,1784992,0,0,0,1495,1522,5842679,9380769,117635947,493542201,21908796,1440770,432414610168,502790729,45307245,4265400,1,0,0,0,0,13996,7144.898542440697,99903,137.1149214738296,102,15191,153,285,99903,97
75,reference,1000,true,uniform,READ,17333,22674580,7780254,7592920,1119,1,0,0,0,0,1495,1522,5842679,9382069,117635947,493542682,21908796,1440770,432414610310,502790730,45307245,4265400,1,0,0,0,0,2429,41169.20543433512,100000,21.22946,16,9695,42,65,100000
75,clean-run,1000,true,uniform,READ,10386,3844623,4418733,4416776,44213,1,0,0,0,0,1495,1523,5855870,9382291,117644650,493562175,21908858,1440861,432501524042,502889608,45308181,4274230,1,0,0,0,0,13143,7608.612949859241,99900,128.58046046046047,99,14951,141,222,99900,100
75,avg-run,1000,true,uniform,READ,20613,7309718,8522180,8518182,85213,5,0,0,0,0,1495,1523,5855870,9382291,117652825,493572461,21908858,1440861,432583158060,502972752,45308183,4274230,1,0,0,0,0,13570,7369.196757553426,100000,132.76113,113,14463,141,246,100000
76,extend,1000,true,uniform,EXTEND,1968994,355613043,213856500,211943414,1873067,759713,1828362,0,0,0,1495,1523,5855870,9384955,117675037,493614560,21908858,1440861,432735931715,503139655,45321799,4274230,0,0,0,0,1,5877,1701.5484090522375,9989,561.9140054059466,394,27135,873,1358,9989,11
76,run,1000,true,uniform,READ,1974618,360886926,218324955,216410848,1873067,759713,1828362,0,0,0,1495,1523,5855870,9386031,117681868,493620583,21908858,1440861,432735964991,503140225,45321799,4274230,1,0,0,0,0,14157,7063.643427279791,99892,138.72465262483482,105,18335,154,249,99892,108
76,reference,1000,true,uniform,READ,17757,22976618,7883507,7694150,1119,1,0,0,0,0,1495,1523,5855870,9387367,117689412,493621079,21908858,1440861,432735964991,503140225,45321799,4274230,1,0,0,0,0,2408,41528.23920265781,100000,21.12024,16,12663,43,68,100000
76,clean-run,1000,true,uniform,READ,10409,3890565,4467759,4465802,44705,1,0,0,0,0,1495,1524,5868849,9387620,117701729,493641714,21908922,1440901,432827490714,503288366,45324243,4283293,1,0,0,0,0,13342,7495.12816669165,99892,130.58147799623595,95,14263,143,248,99892,108
76,avg-run,1000,true,uniform,READ,20636,7355660,8571206,8567208,85705,5,0,0,0,0,1495,1524,5868849,9387620,117709905,493651973,21908922,1440901,432910124762,503371511,45324245,4283293,1,0,0,0,0,13710,7293.946024799417,100000,134.17183,116,14823,143,271,100000
77,extend,1000,true,uniform,EXTEND,2046725,361793822,218901240,216962130,1917482,769716,1872228,0,0,0,1495,1524,5868849,9390339,117732173,493693618,21908922,1440901,433065454704,503540369,45337815,4283293,0,0,0,0,1,6100,1639.344262295082,9992,583.4750800640512,406,31263,903,1458,9992,8
77,run,1000,true,uniform,READ,2053130,367116445,223424238,221484107,1917482,769716,1872228,0,0,0,1495,1524,5868849,9391380,117732173,493700608,21908922,1440901,433065488124,503540935,45337815,4283293,1,0,0,0,0,19969,5007.76203114828,99900,170.70502502502504,105,2494463,177,300,99900,100
77,reference,1000,true,uniform,READ,18103,23278807,7987644,7795394,1119,1,0,0,0,0,1495,1524,5868849,9392780,117738424,493701178,21908922,1440901,433065488124,503540935,45337815,4283293,1,0,0,0,0,2512,39808.91719745223,100000,22.05705,16,10511,44,84,100000
77,clean-run,1000,true,uniform,READ,10482,3939564,4522947,4520990,45254,1,0,0,0,0,1495,1525,5879498,9393553,117767254,493722358,21908977,1440929,433187910794,503690115,45354355,4283474,1,0,0,0,0,13600,7352.941176470588,99896,133.1068210939377,99,15543,147,256,99896,104
77,avg-run,1000,true,uniform,READ,20709,7404659,8626394,8622396,86254,5,0,0,0,0,1495,1525,5879498,9393658,117775287,493732617,21908977,1440929,433271544816,503773259,45354357,4283474,1,0,0,0,0,13739,7278.5501128175265,100000,134.42093,117,14647,143,283,100000
78,extend,1000,true,uniform,EXTEND,2131690,368020982,224006802,222042664,1962403,779718,1916629,0,0,0,1495,1525,5879498,9396458,117797863,493775183,21908977,1440929,433400680106,503944089,45360405,4283474,0,0,0,0,1,5919,1689.4745734076703,9991,564.9870883795415,402,27759,898,1415,9991,9
78,run,1000,true,uniform,READ,2152742,373364226,228582229,226617070,1962403,779718,1916629,0,0,0,1495,1525,5879498,9400238,117804757,493796773,21908977,1440929,433400710678,503944609,45360405,4283474,1,0,0,0,0,14357,6965.243435258062,99906,140.6998979040298,108,16319,158,227,99906,94
78,reference,1000,true,uniform,READ,18449,23580996,8091781,7896638,1119,1,0,0,0,0,1495,1525,5879498,9400310,117804757,493797297,21908977,1440929,433400710678,503944609,45360405,4283474,1,0,0,0,0,2392,41806.02006688963,100000,21.01371,16,9671,43,69,100000
78,clean-run,1000,true,uniform,READ,10572,3988544,4574806,4572849,45774,1,0,0,0,0,1495,1526,5885231,9400427,117823112,493815758,21909005,1441009,433490840181,504046773,45361341,4292696,1,0,0,0,0,13624,7339.988256018791,99910,133.33748373536181,102,18159,146,259,99910,90
78,avg-run,1000,true,uniform,READ,20799,7453639,8678253,8674255,86774,5,0,0,0,0,1495,1526,5885231,9400518,117847612,493826152,21909005,1441009,433610578392,504178197,45377788,4292696,1,0,0,0,0,13745,7275.372862859222,100000,134.3862,118,14279,142,238,100000
79,extend,1000,true,uniform,EXTEND,2237297,374263694,229170957,227181791,2007871,789717,1961574,0,0,0,1495,1526,5885231,9403318,117877897,493870073,21909005,1441009,433740723329,504350627,45383129,4292696,0,0,0,0,1,5921,1688.9039013680122,9988,565.892370845014,394,30015,879,1403,9988,12
79,run,1000,true,uniform,READ,2271803,379637394,233797969,231807782,2007871,789717,1961574,0,0,0,1495,1526,5885231,9407384,117883546,493905070,21909005,1441009,433740756663,504351193,45383129,4292696,1,0,0,0,0,14571,6862.946949420081,99910,142.7712140926834,105,15047,160,273,99910,90
79,reference,1000,true,uniform,READ,18819,23883161,8195918,7997882,1119,1,0,0,0,0,1495,1526,5885231,9407410,117883546,493905746,21909005,1441009,433740756663,504351193,45383129,4292696,1,0,0,0,0,2419,41339.39644481191,100000,21.15517,16,9743,43,61,100000
79,clean-run,1000,true,uniform,READ,10667,4028835,4627482,4625525,46297,1,0,0,0,0,1495,1527,5890431,9407506,117891984,493924093,21909032,1441015,433831960550,504454498,45384065,4302428,1,0,0,0,0,13702,7298.2046416581525,99917,134.09608975449623,104,16007,146,272,99917,83
79,avg-run,1000,true,uniform,READ,20986,8543587,9730929,9726931,97297,5,0,0,0,0,1495,1527,5890431,9407506,117932957,493934635,21909032,1441015,433954924970,504606762,45400725,4302428,1,0,0,0,0,14479,6906.554320049727,100000,141.79652,123,15375,155,285,100000
80,extend,1000,true,uniform,EXTEND,2357485,380541909,234392861,232378667,2053746,799723,2006945,0,0,0,1495,1527,5890431,9410406,117955138,493980544,21909032,1441015,434086388178,504780647,45406081,4302428,0,0,0,0,1,6037,1656.4518800728838,9995,576.7523761880941,404,30735,903,1429,9995,5
80,run,1000,true,uniform,READ,2411848,385933950,239068804,237053589,2053746,799723,2006945,0,0,0,1495,1527,5890431,9414009,117962030,494034991,21909032,1441015,434086425808,504781288,45406081,4302428,1,0,0,0,0,14760,6775.067750677506,99899,144.64145787245118,110,16879,164,274,99899,101
80,reference,1000,true,uniform,READ,19189,24185326,8300055,8099126,1119,1,0,0,0,0,1495,1527,5890431,9414017,117962030,494035479,21909032,1441015,434086425858,504781289,45406081,4302428,1,0,0,0,0,2404,41597.3377703827,100000,21.14689,16,9975,43,69,100000
80,clean-run,1000,true,uniform,READ,10789,4078569,4678360,4676403,46801,1,0,0,0,0,1495,1528,5895196,9414142,117971321,494054621,21909083,1441022,434178702267,504885709,45407017,4312424,1,0,0,0,0,13858,7216.048491845865,99907,135.67849099662686,105,18111,149,282,99907,93
80,avg-run,1000,true,uniform,READ,21242,8592547,9781807,9777809,97801,5,0,0,0,0,1495,1528,5895196,9414286,118012145,494065293,21909083,1441022,434303666059,505038490,45423898,4312424,1,0,0,0,0,14524,6885.155604516662,100000,142.24247,124,15015,154,292,100000
81,extend,1000,true,uniform,EXTEND,2501021,386842369,239670855,237631633,2100340,809725,2053001,0,0,0,1495,1528,5895196,9417386,118034309,494113510,21909083,1441022,434436343539,505214580,45429223,4312424,0,0,0,0,1,6303,1586.5460891638902,9991,603.6898208387548,411,27295,952,1586,9991,9
81,run,1000,true,uniform,READ,2590608,392225616,244402215,242361972,2100340,809725,2053001,0,0,0,1495,1528,5895196,9420498,118041303,494203456,21909083,1441022,434436382779,505215253,45429223,4312424,1,0,0,0,0,14845,6736.274840013472,99891,145.62871529967666,110,15071,166,284,99891,109
81,reference,1000,true,uniform,READ,19561,24487489,8404192,8200370,1119,1,0,0,0,0,1495,1528,5895196,9420500,118041303,494203851,21909083,1441022,434436382779,505215253,45429223,4312424,1,0,0,0,0,2440,40983.60655737705,100000,21.24067,16,9951,43,67,100000
81,clean-run,1000,true,uniform,READ,10905,4124311,4731773,4729816,47346,1,0,0,0,0,1495,1529,5899517,9420598,118052707,494223620,21909106,1441084,434529740813,505320882,45430159,4322196,1,0,0,0,0,13872,7208.76585928489,99905,135.84946699364397,102,15167,148,264,99905,95
81,avg-run,1000,true,uniform,READ,21478,8637564,9835220,9831222,98346,5,0,0,0,0,1495,1529,5899517,9420598,118077275,494234272,21909106,1441084,434618704039,505424053,45430161,4322196,1,0,0,0,0,13478,7419.498441905327,100000,131.83164,113,14775,139,272,100000
82,extend,1000,true,uniform,EXTEND,2684336,393130966,245008998,242944748,2147264,819725,2099479,0,0,0,1495,1529,5899517,9432223,118107432,494288192,21909106,1441084,434790488910,505650196,45452666,4322196,0,0,0,0,1,38237,261.5267934199859,9989,3788.2174391831013,397,1800191,12383,28543,9989,11
82,run,1000,true,uniform,READ,2790166,398516596,249784874,247719603,2147264,819725,2099479,0,0,0,1495,1529,5899517,9435182,118128430,494394298,21909106,1441084,434791155303,505661302,45452667,4322196,1,0,0,0,0,14896,6713.211600429646,99904,146.07211923446508,108,15791,169,277,99904,96
82,reference,1000,true,uniform,READ,19933,24789652,8508329,8301614,1119,1,0,0,0,0,1495,1529,5899517,9435185,118128430,494394717,21909106,1441084,434791155303,505661302,45452667,4322196,1,0,0,0,0,2406,41562.75976724854,100000,21.08982,16,10023,41,67,100000
82,clean-run,1000,true,uniform,READ,11011,4160366,4775958,4774001,47785,1,0,0,0,0,1495,1530,5903654,9435310,118137314,494414912,21909130,1441173,434885574771,505767910,45453603,4331676,1,0,0,0,0,13922,7182.876023559834,99899,136.3491526441706,105,15703,149,263,99899,101
82,avg-run,1000,true,uniform,READ,21772,8672496,9879405,9875407,98785,5,0,0,0,0,1495,1530,5903654,9435571,118178051,494425855,21909130,1441173,435013324333,505922919,45471195,4331676,1,0,0,0,0,13557,7376.263185070443,100000,132.59989,112,15287,141,268,100000
83,extend,1000,true,uniform,EXTEND,2892166,399432921,250397857,248308579,2194774,829726,2146455,0,0,0,1495,1530,5903654,9438471,118208086,494476666,21909130,1441173,435149617978,506101776,45476905,4331676,0,0,0,0,1,6001,1666.3889351774703,9990,573.5102102102102,394,30751,887,1397,9990,10
83,run,1000,true,uniform,READ,3011430,404822924,255226619,253136320,2194774,829726,2146455,0,0,0,1495,1530,5903654,9441314,118214179,494596021,21909130,1441173,435149652158,506102361,45476905,4331676,1,0,0,0,0,15141,6604.583581005218,99889,148.57857221515883,115,15487,169,287,99889,111
83,reference,1000,true,uniform,READ,20303,25091817,8612466,8402858,1119,1,0,0,0,0,1495,1530,5903654,9441323,118214179,494596530,21909130,1441173,435149652158,506102361,45476905,4331676,1,0,0,0,0,2390,41841.00418410042,100000,20.98054,16,10207,41,65,100000
83,clean-run,1000,true,uniform,READ,11129,4206174,4829323,4827366,48319,1,0,0,0,0,1495,1531,5907636,9441412,118222631,494617059,21909152,1441181,435245148974,506210154,45477841,4342146,1,0,0,0,0,13985,7150.518412584913,99892,136.997647459256,106,18207,149,281,99892,108
83,avg-run,1000,true,uniform,READ,22016,8717548,9932770,9928772,99319,5,0,0,0,0,1495,1531,5907636,9441612,118247188,494628170,21909152,1441181,435336102250,506313326,45477843,4342146,1,0,0,0,0,13581,7363.228039172373,100000,132.70536,113,16159,141,274,100000
84,extend,1000,true,uniform,EXTEND,3109531,405728116,255845413,253731107,2242728,839723,2193904,0,0,0,1495,1531,5907636,9444812,118293345,494685145,21909152,1441181,435511471340,506542327,45501040,4342146,0,0,0,0,1,6117,1634.7882949158084,9986,585.2173042259163,395,27071,917,1378,9986,14
84,run,1000,true,uniform,READ,3225410,411060136,260725487,258610160,2242728,839723,2193904,0,0,0,1495,1531,5907636,9447659,118300237,494800980,21909152,1441181,435511511464,506543015,45501040,4342146,1,0,0,0,0,15157,6597.611664577423,99906,148.72515164254398,114,15303,169,234,99906,94
84,reference,1000,true,uniform,READ,20675,25393980,8716603,8504102,1119,1,0,0,0,0,1495,1531,5907636,9447673,118300237,494801589,21909152,1441181,435511511464,506543015,45501040,4342146,1,0,0,0,0,2396,41736.227045075124,100000,21.03451,16,10255,42,63,100000
84,clean-run,1000,true,uniform,READ,11248,4245932,4879950,4877993,48824,1,0,0,0,0,1495,1532,5911519,9447799,118309701,494822487,21909172,1441283,435608081914,506651938,45501976,4352869,1,0,0,0,0,13990,7147.962830593281,99892,137.03335602450647,104,18495,148,238,99892,108
84,avg-run,1000,true,uniform,READ,22342,8756064,9983397,9979399,99824,5,0,0,0,0,1495,1532,5911519,9447800,118326068,494833662,21909172,1441283,435700035140,506755109,45501978,4352869,1,0,0,0,0,13853,7218.652999350321,100000,135.50325,115,15407,153,284,100000
85,extend,1000,true,uniform,EXTEND,3292809,411921365,261349951,259211488,2291171,849714,2241833,0,0,0,1495,1532,5911519,9450807,118380416,494892944,21909172,1441283,435859370426,506935225,45512480,4352869,0,0,0,0,1,6312,1584.2839036755386,9991,604.1016915223702,421,27215,927,1354,9991,9
85,run,1000,true,uniform,READ,3426293,417246348,266282561,264142206,2291173,849725,2241835,0,0,0,1495,1532,5911519,9453905,118387912,494995155,21909172,1441283,435880522239,506981412,45526562,4352869,1,0,0,0,0,15165,6594.131223211342,99903,148.81640190985254,111,15519,169,272,99903,97
85,reference,1000,true,uniform,READ,21047,25696143,8820740,8605346,1119,1,0,0,0,0,1495,1532,5911519,9453913,118387912,494995884,21909172,1441283,435880522239,506981412,45526562,4352869,1,0,0,0,0,2406,41562.75976724854,100000,21.09431,16,10159,44,58,100000
85,clean-run,1000,true,uniform,READ,11370,4281400,4930104,4928147,49338,1,0,0,0,0,1495,1533,5915025,9454037,118398145,495016606,21909194,1441434,435978167307,507091485,45527498,4363226,1,0,0,0,0,14116,7084.1598186455085,99886,138.32604168752377,107,16055,150,258,99886,114
85,avg-run,1000,true,uniform,READ,22464,8791532,10033551,10029553,100338,5,0,0,0,0,1495,1533,5915025,9454037,118406318,495027721,21909194,1441434,436071120563,507194657,45527500,4363226,1,0,0,0,0,13661,7320.108337603397,100000,133.67595,117,15199,142,274,100000
86,extend,1000,true,uniform,EXTEND,3499359,418105192,266913175,264749684,2340092,859713,2290282,0,0,0,1495,1533,5915025,9456937,118452694,495093048,21909194,1441434,436259097879,507378344,45544218,4363226,0,0,0,0,1,6289,1590.077913817777,9988,602.1173408089708,421,31327,907,1287,9988,12
86,run,1000,true,uniform,READ,3702713,423399523,271892416,269727030,2340094,859724,2290284,0,0,0,1495,1533,5915025,9462171,118489380,495259827,21909194,1441434,436270896704,507441842,45553350,4363226,1,0,0,0,0,15395,6495.615459564794,99902,151.1044123240776,114,16623,174,272,99902,98
86,reference,1000,true,uniform,READ,21419,25998306,8924877,8706590,1119,1,0,0,0,0,1495,1533,5915025,9462181,118489380,495261439,21909194,1441434,436270896754,507441843,45553350,4363226,1,0,0,0,0,2400,41666.666666666664,100000,20.98461,16,10159,42,61,100000
86,clean-run,1000,true,uniform,READ,11510,4316721,4978592,4976635,49810,1,0,0,0,0,1495,1534,5918364,9462302,118498064,495283651,21909219,1441569,436369611864,507553001,45554286,4373477,1,0,0,0,0,14278,7003.782042302843,99898,139.8377645198102,108,15199,152,295,99898,102
86,avg-run,1000,true,uniform,READ,23021,8824357,10082039,10078041,100810,5,0,0,0,0,1495,1534,5918364,9462302,118506239,495295211,21909219,1441569,436463565090,507656172,45554288,4373477,1,0,0,0,0,13766,7264.27429899753,100000,134.73819,118,15023,142,277,100000
87,extend,1000,true,uniform,EXTEND,3777243,424259581,272527848,270339323,2389515,869703,2339227,0,0,0,1495,1534,5918364,9465002,118536914,495360760,21909219,1441569,436648325615,507840787,45571185,4373477,0,0,0,0,1,5762,1735.5085039916696,9979,551.8405651868925,388,29199,873,1314,9979,21
87,run,1000,true,uniform,READ,4046643,429598712,277555696,275365279,2389517,869714,2339229,0,0,0,1495,1534,5918364,9472003,118587280,495594882,21909219,1441569,436655740979,507915321,45575935,4373477,1,0,0,0,0,15003,6665.333599946677,99902,147.09058877700147,112,14887,170,306,99902,98
87,reference,1000,true,uniform,READ,21791,26300469,9029014,8807834,1119,1,0,0,0,0,1495,1534,5918364,9472021,118587280,495595343,21909219,1441569,436655740979,507915321,45575935,4373477,1,0,0,0,0,2397,41718.81518564873,100000,20.99798,16,10391,42,63,100000
87,clean-run,1000,true,uniform,READ,11630,4349877,5026320,5024363,50288,1,0,0,0,0,1495,1535,5921861,9472142,118596454,495618679,21909237,1441713,436755524702,508027555,45576871,4383834,1,0,0,0,0,14342,6972.528238739367,99900,140.57133133133132,109,15367,152,268,99900,100
87,avg-run,1000,true,uniform,READ,23141,8857513,10129767,10125769,101288,5,0,0,0,0,1495,1535,5921861,9472142,118604628,495630216,21909237,1441713,436850477878,508130725,45576873,4383834,1,0,0,0,0,13883,7203.054094936253,100000,135.76548,116,15319,144,276,100000
88,extend,1000,true,uniform,EXTEND,4118715,430480086,278197431,275982882,2439489,879708,2388675,0,0,0,1495,1535,5921861,9475042,118634998,495691778,21909237,1441713,437025977853,508316477,45592347,4383834,0,0,0,0,1,6288,1590.3307888040713,9994,601.8754252551531,421,29247,919,1384,9994,6
88,run,1000,true,uniform,READ,4344306,435900800,283276543,281060102,2439491,879719,2388677,0,0,0,1495,1535,5921861,9482131,118669252,495888442,21909237,1441713,437029730339,508372268,45593008,4383834,1,0,0,0,0,15590,6414.368184733804,99901,152.9977577802024,115,14575,178,264,99901,99
88,reference,1000,true,uniform,READ,22155,26602640,9133151,8909078,1119,1,0,0,0,0,1495,1535,5921861,9482194,118669252,495890137,21909237,1441713,437029730339,508372268,45593008,4383834,1,0,0,0,0,2407,41545.492314083924,100000,21.00595,16,9743,41,65,100000
88,clean-run,1000,true,uniform,READ,11764,4383994,5078041,5076084,50814,1,0,0,0,0,1495,1536,5926669,9482316,118680622,495912881,21909261,1441793,437130592139,508485685,45593944,4394299,1,0,0,0,0,14383,6952.652436904679,99899,140.96652619145337,108,16431,152,253,99899,101
88,avg-run,1000,true,uniform,READ,23275,8891630,10181488,10177490,101814,5,0,0,0,0,1495,1536,5926669,9482316,118688794,495924450,21909261,1441793,437226545395,508588857,45593946,4394299,1,0,0,0,0,13891,7198.905766323519,100000,135.96125,119,14791,143,285,100000
89,extend,1000,true,uniform,EXTEND,4415753,436790089,283924061,281683488,2489946,889701,2438687,0,0,0,1495,1536,5926669,9485216,118719268,495986206,21909261,1441793,437405991145,508776753,45609488,4394299,0,0,0,0,1,6265,1596.1691939345571,9982,601.1163093568423,417,29151,911,1392,9982,18
89,run,1000,true,uniform,READ,4621522,442161860,289046223,286804629,2489946,889701,2438687,0,0,0,1495,1536,5926669,9490892,118746311,496191808,21909261,1441793,437406026817,508777362,45609488,4394299,1,0,0,0,0,15624,6400.409626216077,99910,153.39098188369533,116,15639,175,292,99910,90
89,reference,1000,true,uniform,READ,22491,26904766,9236404,9010308,1119,1,0,0,0,0,1495,1536,5926669,9491297,118753598,496193298,21909261,1441793,437409721612,508832268,45610152,4394299,1,0,0,0,0,2406,41562.75976724854,100000,21.0648,16,10463,43,65,100000
89,clean-run,1000,true,uniform,READ,11889,4404143,5124724,5122767,51259,1,0,0,0,0,1495,1537,5935848,9491518,118762637,496216110,21909307,1441857,437511648337,508946699,45611088,4405079,1,0,0,0,0,14497,6897.97889218459,99922,142.07902163687677,110,14911,153,297,99922,78
89,avg-run,1000,true,uniform,READ,24650,8904278,10228171,10224173,102259,5,0,0,0,0,1495,1537,5935848,9491518,118779008,496228930,21909307,1441857,437608601613,509049871,45611090,4405079,1,0,0,0,0,14117,7083.6580009917125,100000,138.20373,122,15135,146,243,100000
90,extend,1000,true,uniform,EXTEND,4718835,443111151,289700851,287434256,2540865,899701,2489140,0,0,0,1495,1537,5935848,9494423,118808971,496291747,21909307,1441857,437790860507,509239362,45626906,4405079,0,0,0,0,1,6263,1596.678907871627,9989,598.456802482731,419,26959,903,1295,9989,11
90,run,1000,true,uniform,READ,4939138,448504016,294870365,292602749,2540865,899701,2489140,0,0,0,1495,1537,5935848,9498874,118821710,496512161,21909307,1441857,437790899459,509240031,45626906,4405079,1,0,0,0,0,15763,6343.970056461333,99892,154.78933247907742,118,15983,176,315,99892,108
90,reference,1000,true,uniform,READ,22836,27206956,9340541,9111552,1119,1,0,0,0,0,1495,1537,5935848,9499250,118828632,496513222,21909307,1441857,437790899459,509240031,45626906,4405079,1,0,0,0,0,2449,40832.99305839118,100000,21.38482,16,9959,44,77,100000
90,clean-run,1000,true,uniform,READ,12018,4424764,5169717,5167760,51725,1,0,0,0,0,1495,1538,5945602,9499790,118849037,496536797,21909382,1441924,437915483420,509410579,45636890,4405123,1,0,0,0,0,14544,6875.687568756875,99891,142.48390745913045,109,15647,154,282,99891,109
90,avg-run,1000,true,uniform,READ,24779,8924899,10273164,10269166,102725,5,0,0,0,0,1495,1538,5945602,9499981,118865271,496549582,21909382,1441924,438013426646,509513750,45636892,4405123,1,0,0,0,0,14269,7008.199593524424,100000,139.74817,123,15495,147,288,100000
91,extend,1000,true,uniform,EXTEND,5038661,449452174,295530647,293238027,2592241,909701,2540023,0,0,0,1495,1538,5945602,9502881,118895176,496614144,21909382,1441924,438179836730,509704811,45648174,4405123,0,0,0,0,1,6039,1655.9032952475575,9989,577.4389828811693,393,27487,892,1580,9989,11
91,run,1000,true,uniform,READ,5286459,454853764,300751220,298457579,2592241,909701,2540023,0,0,0,1495,1538,5945602,9506088,118902168,496860761,21909382,1441924,438179876912,509705500,45648174,4405123,1,0,0,0,0,15889,6293.662282081944,99921,156.040572051921,119,15815,176,281,99921,79
91,reference,1000,true,uniform,READ,23207,27509120,9444678,9212796,1119,1,0,0,0,0,1495,1538,5945602,9506304,118907945,496862705,21909382,1441924,438179876912,509705500,45648174,4405123,1,0,0,0,0,2440,40983.60655737705,100000,21.3274,16,10495,43,63,100000
91,clean-run,1000,true,uniform,READ,12149,4446157,5218873,5216916,52218,1,0,0,0,0,1495,1539,5953447,9507298,118935652,496887159,21909425,1441969,438323432780,509877512,45667134,4407020,1,0,0,0,0,14563,6866.717022591499,99903,142.78897530604686,111,15679,155,248,99903,97
91,avg-run,1000,true,uniform,READ,24910,8946292,10322320,10318322,103218,5,0,0,0,0,1495,1539,5953447,9507867,118951971,496899977,21909425,1441969,438422376038,509980684,45667136,4407020,1,0,0,0,0,14371,6958.458005705936,100000,140.74647,124,15455,149,258,100000
92,extend,1000,true,uniform,EXTEND,5392924,455798290,301417367,299098722,2644158,919696,2591434,0,0,0,1495,1539,5953447,9510867,118981825,496966678,21909425,1441969,438573365294,510173414,45673926,4407020,0,0,0,0,1,6197,1613.6840406648378,9984,593.3349358974359,403,30319,926,1412,9984,16
92,run,1000,true,uniform,READ,5657706,461204916,306688009,304368343,2644158,919696,2591434,0,0,0,1495,1539,5953447,9513673,118989021,497230730,21909425,1441969,438573406702,510174122,45673926,4407020,1,0,0,0,0,16019,6242.586928022973,99911,157.25776941477915,121,17183,179,310,99911,89
92,reference,1000,true,uniform,READ,23579,27811283,9548815,9314040,1119,1,0,0,0,0,1495,1539,5953447,9513680,118994805,497232116,21909425,1441969,438573406702,510174122,45673926,4407020,1,0,0,0,0,2411,41476.5657403567,100000,21.12257,16,10551,42,63,100000
92,clean-run,1000,true,uniform,READ,12274,4464366,5271299,5269262,52724,1,0,0,0,0,1495,1540,5957446,9514778,119037774,497256921,21909446,1441988,438719177085,510347691,45693092,4407020,1,0,0,0,0,14733,6787.483879725785,99913,144.40768468567654,113,16239,156,263,99913,87
92,avg-run,1000,true,uniform,READ,25035,8964493,10374740,10370662,103724,5,0,0,0,0,1495,1540,5957446,9516667,119045645,497269738,21909446,1441988,438819120311,510450862,45693094,4407020,1,0,0,0,0,14595,6851.661527920521,100000,142.89509,121,15039,153,290,100000
93,extend,1000,true,uniform,EXTEND,5773294,462145986,307359744,305016071,2696478,929695,2643270,0,0,0,1495,1540,5957446,9519668,119082172,497337906,21909446,1441988,438971337962,510644876,45699900,4407020,0,0,0,0,1,6201,1612.6431220770844,9988,593.2903484181018,391,29759,901,1376,9988,12
93,run,1000,true,uniform,READ,6053957,467563235,312679561,310334867,2696478,929695,2643270,0,0,0,1495,1540,5957446,9522467,119089264,497617113,21909446,1441988,438971383166,510645650,45699900,4407020,1,0,0,0,0,16059,6227.037798119434,99921,157.72849551145404,118,16103,178,252,99921,79
93,reference,1000,true,uniform,READ,23951,28113446,9652952,9415284,1119,1,0,0,0,0,1495,1540,5957446,9522483,119089264,497619234,21909446,1441988,438971383166,510645650,45699900,4407020,1,0,0,0,0,2451,40799.673602611176,100000,21.45137,16,9911,42,65,100000
93,clean-run,1000,true,uniform,READ,12396,4456065,5319923,5317969,53195,1,0,0,0,0,1495,1541,5958888,9522626,119115049,497643982,21909455,1442084,439076870462,510752483,45700835,4418504,1,0,0,0,0,14384,6952.169076751947,99919,140.9350173640649,116,15543,153,271,99919,81
93,avg-run,1000,true,uniform,READ,25164,8956069,10423283,10419288,104195,5,0,0,0,0,1495,1541,5958888,9525222,119145919,497656979,21909455,1442084,439219130800,510912091,45719958,4418504,1,0,0,0,0,13394,7466.029565477079,100000,130.97379,111,15151,139,269,100000
94,extend,1000,true,uniform,EXTEND,6178755,468501363,313357409,310988708,2749404,939694,2695700,0,0,0,1495,1541,5958888,9528252,119183332,497728977,21909455,1442084,439372738477,511108145,45726105,4418504,0,0,0,0,1,6337,1578.0337699226764,9988,606.8562274729676,418,29551,927,1387,9988,12
94,run,1000,true,uniform,READ,6487524,473914640,318725208,316355486,2749404,939694,2695700,0,0,0,1495,1541,5958888,9530997,119190324,498037321,21909455,1442084,439372785013,511108944,45726105,4418504,1,0,0,0,0,16162,6187.353050365054,99897,158.77503828943813,122,16095,181,295,99897,103
94,reference,1000,true,uniform,READ,24323,28415609,9757089,9516528,1119,1,0,0,0,0,1495,1541,5958888,9531006,119190324,498038478,21909455,1442084,439372785013,511108944,45726105,4418504,1,0,0,0,0,2393,41788.54993731718,100000,20.94843,16,9911,43,67,100000
94,clean-run,1000,true,uniform,READ,12553,4494120,5369399,5367362,53711,17,0,0,0,0,1495,1542,5960052,9531144,119207500,498064071,21909463,1442091,439480073949,511228965,45727041,4429713,1,0,0,0,0,14699,6803.183890060548,99908,144.14469311766825,112,16175,156,270,99908,92
94,avg-run,1000,true,uniform,READ,25311,8994253,10472841,10468763,104711,21,0,0,0,0,1495,1542,5960052,9533066,119246592,498077036,21909463,1442091,439624042449,511389027,45746367,4429713,1,0,0,0,0,13700,7299.270072992701,100000,134.02369,116,15583,141,262,100000
95,extend,1000,true,uniform,EXTEND,6614336,474855694,319409478,317015749,2802837,949700,2748631,0,0,0,1495,1542,5960052,9536168,119284639,498149594,21909463,1442091,439779308073,511586405,45752588,4429713,0,0,0,0,1,6402,1562.0118712902217,9995,613.4210105052526,429,29775,939,1364,9995,5
95,run,1000,true,uniform,READ,6932875,480285634,324826635,322431885,2802837,949700,2748631,0,0,0,1495,1542,5960052,9538973,119291786,498468221,21909463,1442091,439779354889,511587204,45752588,4429713,1,0,0,0,0,16195,6174.745291756715,99880,159.115738886664,123,19119,181,300,99880,120
95,reference,1000,true,uniform,READ,24695,28717772,9861226,9617772,1119,1,0,0,0,0,1495,1542,5960052,9538975,119291786,498468807,21909463,1442091,439779354889,511587204,45752588,4429713,1,0,0,0,0,2406,41562.75976724854,100000,21.07076,16,10583,43,72,100000
95,clean-run,1000,true,uniform,READ,12694,4504005,5418662,5416705,54206,1,0,0,0,0,1495,1543,5961139,9539108,119301448,498494444,21909472,1442099,439887711585,511708335,45753524,4440936,1,0,0,0,0,14724,6791.632708503124,99902,144.3900722708254,114,16263,156,268,99902,98
95,avg-run,1000,true,uniform,READ,25455,9004140,10522109,10518111,105206,5,0,0,0,0,1495,1543,5961139,9541217,119349096,498507534,21909472,1442099,440032387264,511868984,45772940,4440936,1,0,0,0,0,13864,7212.925562608194,100000,135.64564,118,16319,144,274,100000
96,extend,1000,true,uniform,EXTEND,7062838,481228900,325516709,323097952,2856815,959700,2802073,0,0,0,1495,1543,5961139,9544219,119386734,498582908,21909472,1442099,440189200173,512068180,45779212,4440936,0,0,0,0,1,6160,1623.3766233766235,9989,589.4677144859345,406,30239,916,1332,9989,11
96,run,1000,true,uniform,READ,7401764,486651308,330988519,328568741,2856815,959700,2802073,0,0,0,1495,1543,5961139,9546883,119394028,498921781,21909472,1442099,440189249377,512069023,45779212,4440936,1,0,0,0,0,16207,6170.17338187203,99896,159.23709658044365,124,17295,182,268,99896,104
96,reference,1000,true,uniform,READ,25067,29019935,9965363,9719016,1119,1,0,0,0,0,1495,1543,5961139,9546886,119394028,498922404,21909472,1442099,440189249377,512069023,45779212,4440936,1,0,0,0,0,2402,41631.973355537055,100000,20.9995,16,9703,42,58,100000
96,clean-run,1000,true,uniform,READ,12837,4517297,5471179,5469222,54742,1,0,0,0,0,1495,1544,5962128,9547019,119404756,498948614,21909478,1442103,440298684622,512191370,45780148,4452545,1,0,0,0,0,14829,6743.543057522423,99899,145.48270753460994,116,15839,157,264,99899,101
96,avg-run,1000,true,uniform,READ,25598,9017432,10574626,10570628,105742,5,0,0,0,0,1495,1544,5962128,9548984,119452362,498961681,21909478,1442103,440444594316,512352356,45799737,4452545,1,0,0,0,0,13908,7190.106413574921,100000,136.11645,117,15231,144,287,100000
97,extend,1000,true,uniform,EXTEND,7542415,487596123,331685208,329241423,2911309,969700,2856033,0,0,0,1495,1544,5962128,9552122,119490078,499038253,21909478,1442103,440603140311,512553051,45806102,4452545,0,0,0,0,1,6477,1543.9246564767639,9989,620.6936630293322,434,29663,950,1475,9989,11
97,run,1000,true,uniform,READ,7888345,493031843,337210812,334766006,2911309,969700,2856033,0,0,0,1495,1544,5962128,9554835,119497376,499384725,21909478,1442103,440603188589,512553871,45806102,4452545,1,0,0,0,0,16344,6118.453255017132,99909,160.58332082194798,123,15423,183,287,99909,91
97,reference,1000,true,uniform,READ,25439,29322098,10069500,9820260,1119,1,0,0,0,0,1495,1544,5962128,9554837,119497376,499385318,21909478,1442103,440603188589,512553871,45806102,4452545,1,0,0,0,0,2403,41614.64835622139,100000,21.07797,16,10207,44,69,100000
97,clean-run,1000,true,uniform,READ,13002,4531185,5524553,5522596,55276,1,0,0,0,0,1495,1545,5963077,9554969,119509160,499411980,21909486,1442110,440713704031,512677449,45807038,4464427,1,0,0,0,0,14831,6742.633672712562,99896,145.38907463762314,115,20559,157,285,99896,104
97,avg-run,1000,true,uniform,READ,25763,9031320,10628000,10624002,106276,5,0,0,0,0,1495,1545,5963077,9556196,119557232,499425039,21909486,1442110,440818647257,512780620,45807040,4464427,1,0,0,0,0,13934,7176.690110521028,100000,136.3466,118,15719,145,245,100000
98,extend,1000,true,uniform,EXTEND,8023095,493978315,337913426,335444613,2966230,979697,2910440,0,0,0,1495,1545,5963077,9559240,119595400,499503338,21909486,1442110,441021425159,513041054,45833281,4464427,0,0,0,0,1,6143,1627.8691193228065,9986,588.6269777688764,410,27103,900,1429,9986,14
98,run,1000,true,uniform,READ,8384726,499407597,343488826,341018992,2966230,979697,2910440,0,0,0,1495,1545,5963077,9561886,119602698,499865212,21909486,1442110,441021475325,513041905,45833281,4464427,1,0,0,0,0,16677,5996.282304970918,99889,163.83629829110313,124,15119,190,300,99889,111
98,reference,1000,true,uniform,READ,25811,29624261,10173637,9921504,1119,1,0,0,0,0,1495,1545,5963077,9561887,119602698,499865812,21909486,1442110,441021475325,513041905,45833281,4464427,1,0,0,0,0,2449,40832.99305839118,100000,21.45467,16,10623,43,74,100000
98,clean-run,1000,true,uniform,READ,13172,4544983,5576931,5574974,55790,1,0,0,0,0,1495,1546,5963987,9562020,119615487,499892909,21909515,1442155,441133077920,513166691,45834218,4476422,1,0,0,0,0,14984,6673.785371062467,99906,146.98458551037976,115,20719,160,257,99906,94
98,avg-run,1000,true,uniform,READ,25933,9045118,10680378,10676380,106790,5,0,0,0,0,1495,1546,5963987,9562533,119656116,499905964,21909515,1442155,441239021196,513269863,45834220,4476422,1,0,0,0,0,14144,7070.135746606335,100000,138.40468,122,15919,146,281,100000
99,extend,1000,true,uniform,EXTEND,8521195,500353557,344197866,341704025,3021726,989700,2965452,0,0,0,1495,1546,5963987,9565782,119702337,499986819,21909515,1442155,441443027360,513531603,45860565,4476422,0,0,0,0,1,6452,1549.907005579665,9992,618.127001601281,430,27151,950,1418,9992,8
99,run,1000,true,uniform,READ,8901717,505765915,349822320,347327458,3021726,989700,2965452,0,0,0,1495,1546,5963987,9568344,119709633,500367533,21909515,1442155,441443079938,513532504,45860565,4476422,1,0,0,0,0,16508,6057.66900896535,99886,162.28376349037904,125,16607,186,268,99886,114
99,reference,1000,true,uniform,READ,26183,29926424,10277774,10022748,1119,1,0,0,0,0,1495,1546,5963987,9568345,119709633,500368032,21909515,1442155,441443079938,513532504,45860565,4476422,1,0,0,0,0,2420,41322.31404958678,100000,21.1727,16,10015,42,64,100000
99,clean-run,1000,true,uniform,READ,13347,4554091,5623822,5621865,56274,1,0,0,0,0,1495,1547,5964828,9568475,119723501,500395455,21909523,1442293,441555741345,513658424,45861501,4487905,1,0,0,0,0,15063,6638.783774812455,99897,147.77875211467813,117,16207,160,295,99897,103
99,avg-run,1000,true,uniform,READ,28635,9089267,11727269,11723271,117274,5,0,0,0,0,1495,1547,5964828,9568856,119764424,500411062,21909523,1442293,441664002915,513781622,45861503,4487905,1,0,0,0,0,14345,6971.070059254095,100000,140.43517,120,15823,148,263,100000
100,extend,1000,true,uniform,EXTEND,9041347,506711746,350536583,348017714,3077597,999702,3020855,0,0,0,1495,1547,5964828,9572088,119818476,500491680,21909523,1442293,441869755157,514044270,45888613,4487905,0,0,0,0,1,6680,1497.005988023952,9991,639.5721149034131,445,29903,962,1550,9991,9
100,run,1000,true,uniform,READ,9433563,512105168,356207714,353687824,3077597,999702,3020855,0,0,0,1495,1547,5964828,9574621,119825686,500884567,21909523,1442293,441869810401,514045220,45888613,4487905,1,0,0,0,0,16664,6000.96015362458,99900,163.78972972972974,124,17391,188,318,99900,100
100,reference,1000,true,uniform,READ,26555,30228587,10381911,10123992,1119,1,0,0,0,0,1495,1547,5964828,9574621,119825686,500885170,21909523,1442293,441869810401,514045220,45888613,4487905,1,0,0,0,0,2419,41339.39644481191,100000,21.20348,15,9823,42,72,100000
100,clean-run,1000,true,uniform,READ,13533,4566760,5672790,5670833,56742,1,0,0,0,0,1495,1548,5965432,9574752,119836820,500912856,21909528,1442300,441983544764,514172259,45889549,4500128,1,0,0,0,0,15190,6583.278472679394,99917,148.96202848364143,117,18079,161,254,99917,83
100,avg-run,1000,true,uniform,READ,28821,9101936,11776237,11772239,117742,5,0,0,0,0,1495,1548,5965432,9575164,119877755,500928456,21909528,1442300,442092806334,514295457,45889551,4500128,1,0,0,0,0,14578,6859.651529702292,100000,142.80633,123,16055,152,291,100000
