ycsb_key,size
user5687406993877847388,94300
user638681583480959459,101800
user2542450132450151085,99100
user265365782670594404,98100
user6653629794676316468,100200
user7130436796558090324,95700
user9147847186367208444,104100
user8555158501596946302,99300
user7752934272276077682,102700
user380127544534801794,105500
user5767000737655408336,107300
user760369369412996322,97200
user2469770595444721824,96700
user5537030338022366205,98900
user7555219003561466656,99900
user8275619892525156121,101400
user1337537941806875960,98300
user3233820506196097665,102900
user945352511016229298,100900
user2128273295117104108,98700
user752883384833026401,104400
user6816508445129636032,99300
user5531224234978817628,97800
user7860210049560315151,97500
user4050786572163366458,101100
user3804964660328586843,99500
user3590277958387957437,99600
user5448499288815199460,102900
user488304927625478276,97600
user900023607692121578,100400
user2729444555415160385,91600
user4252411318994017035,104100
user9083991870183871883,101400
user8543887940804147713,102100
user1358304196714666593,101700
user2633987482140164167,98600
user7362200162335066896,100700
user9044810715197611305,96700
user6390949534223031570,107500
user345737802178137683,100700
user7098058335563202537,100400
user1066033460531498362,95000
user4777553524682744948,100900
user6691472713420454267,100600
user4255417619476863372,98100
user6797982032270407191,99300
user9187141425960982119,103500
user8205067112960775555,101500
user2549924299734423220,96800
user1016683566310592195,100000
user2755115307560060582,102700
user8667473923490447803,107700
user774769560765097930,95900
user1995420179002597442,99100
user4025334135236308144,96100
user650293789568056613,95500
user8746060830851240952,99700
user8234085810882820654,97600
user7556898885097888000,99500
user7445703384228667395,99200
user562882661385170764,102700
user7587037504044213995,98100
user6463617253932763045,102200
user179622718728432113,101600
user6174146320310297054,100300
user1880989816963745032,101900
user2138765580179920366,102600
user3505654815470076042,103300
user8381009290350828149,102300
user8168892258457361314,99400
user3640966088850986383,101900
user317608892766833811,103100
user7527090094150162784,102500
user6505711296087238960,98800
user8989094757421016113,99400
user5575091571984345887,98700
user1950651236190630170,95700
user4268709707100381870,100000
user6298840406725180254,102200
user1187161285951394777,94000
user8609972853567102481,103800
user1694555354510876180,101400
user6310452612812277408,104900
user4534737913330811670,98600
user6040286367779022589,102100
user4695948499543407676,98300
user8341268174852427123,101700
user126819648120052258,100700
user4806024079388347385,101000
user3005965046708406443,97300
user3984360014106113125,101400
user3689642937952239005,100300
user669380162939425902,103600
user5959801263663966213,100500
user6163872350465322679,97000
user3756847771739474669,97600
user3962255522956199713,101100
user9213153823400180881,100400
user9061887379033958471,101000
user5698459239452804094,99100
user6389611297980908791,102000
user224391661540399385,104700
user3346124110793901380,95300
user4393185478297423187,101900
user6008809512590573815,97300
user7261496946528662549,101800
user3813777063854981757,97500
user8881259019624638196,98300
user2917433997501239698,98600
user2293050142324686899,97300
user7652904101589326880,99800
user4625727119804382090,100300
user5860217968881842762,100800
user7380396747195694958,95800
user5554107001858713371,97400
user7085667853746123052,102700
user7338975750160872588,99800
user8511509479809259926,95500
user7505090833610578158,100100
user376001323027674561,102500
user8637665132542722587,102700
user6987982755718262828,98700
user1632814978472890528,102100
user1925758759775712304,97200
user4521457643002990958,101400
user3074849762032063451,105400
user3353610095373871301,101300
user3828407387720623034,102800
user3134578856708272779,98900
user4031140238279856721,96200
user7131775032800213103,97200
user4905265728876172271,101700
user8973138014608949843,97800
user555178361587358960,97300
user1237736331806910626,102400
user1478312101110282112,100900
user4508725515891612908,92200
user243821252032821440,101800
user2468319274595085948,95100
user1764889818857414863,97000
user186548742796261586,96900
user264027546428471625,101900
user9132887034502966388,95600
user3119618704844030723,104100
user291938140621933614,95500
user5278363214468695443,99300
user2821541865617313915,106400
user971136347768642592,101000
user86405487501997687,102700
user1687629330443046707,100500
user6337243285981458501,99300
user1001286784010666373,105000
user6752434813728457588,105800
user6575591030531965981,101100
user2804010471879155087,101800
user1485456440395953468,103700
user8177156518767313566,104200
user159976384844922376,101100
user3484670245344443526,99100
user6153940025914646869,102400
user2011271691204334926,102900
user3858546006666949029,101100
user8633197265741296789,102900
user3875622670503296195,99400
user1600218202260160858,95200
user1755175809524580936,94600
user8502697076282865012,98700
user5411994606313184440,97700
user5591171644872868839,97600
user6570686533294856417,102900
user1154669740348993893,103400
user885623416340019970,100700
user1229690386714800257,99200
user1367116600241061507,97000
user1572089292848856986,99400
user3053305231394290487,100200
user6682100349381918905,102800
user2677978149222149108,106800
user235443907115356091,95600
user3871278133778327079,103100
user6140429623073286488,97400
user4783577942944135408,101000
user6590551182396208037,100500
user7119384550983133618,100800
user2529158044826632587,102800
user5570965350477218654,99800
user9061327418521818023,98400
user2430134710556649584,99100
user1194865585749206581,100000
user5188152283725107354,93400
user2172482277416930932,98800
user5973311666505326594,99800
user3469491778262359587,101900
user7457315590315764549,100400
user1664746563563150964,103900
user4655305778238567637,97300
user6138201598320422482,102100
user4281430016916062134,101300
user2109062019842523936,103200
user419090384303220489,102800
user2677076543415710095,93600
user5811882765074888705,96400
user4530611691823684437,96900
user4083383348376096128,96500
user6903919573312521881,103300
user5997644182408104012,102600
user6762367138279133398,95600
user3924972564724202362,97900
user7515924763967692981,98200
user6580837173063374110,96400
user795194170378589998,96500
user7213380057939550375,106700
user7213161742721708492,103800
user8679634272793987619,98000
user957296116928681432,99200
user6895325485003968850,103600
user3974427689555437315,101100
user5982124070031721508,98000
user6517323502174336114,101300
user8235318816514614647,103000
user6757680956259865717,102700
user2381239546237555079,97500
user855814625392294754,104100
user4107167721062430884,104700
user6128257456474048886,102000
user3129551029394706533,101500
user5692653136409255517,100300
user2970020324718531871,98400
user5234932507898850950,98200
user6742160843883483213,98300
user7121842708249537293,98800
user3810429118077836855,102000
user6026787782233359994,100000
user8060496560148842949,107200
user3333963761490361564,99100
user8091413454825151275,100700
user871004909770076479,100500
user7807966939464075744,101600
user3822041324164934009,100900
user7409975405629880505,99000
user4876576858952727951,98500
user7713971432507658987,103400
user5762085994949355187,104900
user6938196231061672895,103000
user2138983895397762249,103900
user5664182581703653080,98300
user2723638452371611808,104500
user8742712885074096050,102500
user8417513972852843169,101200
user5374038602961533544,101100
user2190118901765418546,96200
user1869606171563433346,103800
user2202839211581098810,101900
user7918042519309015453,103900
user1983248012403359840,102100
user820429863914560630,99700
user1125980870425549573,102000
user1199551767768474262,100600
user7573197273204252835,96200
user3370686759210218467,104400
user1588947641467362269,102200
user6274507890822402836,101000
user2554610481753690901,109300
user6015953851876245171,103300
user6651731597922053241,100800
user427684472611773520,100700
user7446263344740807843,96400
user946243871353724726,106900
user2793299871598496946,98000
user1112140639585588413,99500
user4169126412318258419,98000
user4077577245332547551,99600
user7235826194383762352,108500
user8972796369314651278,103400
user4439292657351513238,98600
user4524805588780135860,96100
user4360028741572553069,100800
user9130988837748703161,103200
user7113018487427444593,97500
user4645591768905733710,102300
user5697339318428523198,102200
user6419968232145076669,99700
user1837227710568545559,98500
user1218638141139843551,99100
user2232429687310982143,94800
user2721398610323050016,97700
user2539432014671606962,99100
user4155616009476898038,98800
user3809090881835714076,96000
user7452069447784356420,98000
user3922184579459197908,99600
user6535289954521424507,98900
user5776486186301456795,99900
user7810754924729080198,101600
user2129611531359226887,99500
user421878369568224943,101800
user9072161348878932846,106200
user8170572139993782658,99800
user8544447901316288161,103400
user5030301460585354036,101900
user6302978445528005273,99700
user1436001315564718515,97800
user87525408526278583,102800
user7239952415890889585,100000
user5889579883924940627,107100
user721406529644577627,105900
user8079253105521611459,100400
user1707835624838696892,96500
user1936251044838528562,102600
user2073458943146947929,100000
user2982192491317769473,99400
user4860278470846363116,102100
user8027899783936113279,104100
user8290020083877257729,98300
user1901196111359395217,101100
user7549972861030058527,98200
user6191782944658784668,100000
user4718944351030816516,106700
user3984919974618253573,102400
user1032981954416957030,105400
user5939594969268316028,101100
user8708996187837085484,98400
user5771800004282189114,105700
user3067923737964233978,104500
user5194071471376169028,102200
user5124856928053911241,98100
user2881270960293523243,101000
user879257352784330945,100400
user3684615110638672759,97400
user4540544016374360247,101100
user5823153325867687294,104800
user1257041020396121798,99300
user990452853653551550,95000
user2803450511367014639,94400
user2921572036304064717,97500
user7817899264014751554,99400
user5093380072865462467,99700
user1929666666064997654,100200
user6421088153169357565,103800
user5836993556707648454,100100
user9005953106039521396,101200
user7346680049958684392,102400
user5753273591422960273,98900
user335587162409619990,105000
user5585365541829320262,101600
user927934201885583567,98000
user8004115411249778523,101600
user8632637305229156341,99500
user8791389734175348672,100900
user8176596558255173118,100500
user1406639400521620650,96700
user6152601789672524090,98000
user4491648852055265742,97300
user7879639640052737206,102500
user6998816686075377651,109300
user6744948829148487667,105600
user6402001779797988276,99200
user2743503101472963428,95900
user8254075361887383157,91300
user8379671054108705370,100700
user2272843847929036714,100600
user2376553364218287398,100400
user974714426059327163,101300
user314260946989688909,100900
user6167220296242467581,97300
user2281437936237589745,96000
user2881489275511365126,103600
user8595354346997158990,101900
user1505662734791603653,98200
user8280306074544423802,101400
user1334519824028331837,97300
user7955107162323170921,100100
user7475842003174993390,100800
user4607530534943754028,101300
user8368618808533748664,101600
user1951211196702770618,95400
user49340844487842219,98900
user3374034704987363369,101000
user5697899278940663646,97000
user9209245917110895531,102100
user3936243125517000951,104300
user1709515506375118236,102100
user4107499120887785864,99400
user7435211099165851137,106900
user7983577717028773358,99900
user554618401075218512,103100
user1930444941794979985,99300
user2948475794080758907,107800
user2910519790729108011,102100
user8616898877634931954,100100
user6200377032967337699,97000
user4525365549292276308,94800
user752105109103044070,101500
user356684817142765603,99000
user4565106664790677334,100500
user4451453006655053054,95700
user325313192564645615,103600
user8301072329452214435,98800
user5020027490740379661,99700
user6395075755730158803,102400
user5470262134670814307,98100
user8943994414783693861,99800
user8582963865180079505,97400
user7109110581138159243,97500
user4299968247070988761,101600
user1974653924094806809,93500
user3569853348774465369,103700
user1445715324897552442,103000
user3859665927691229925,100600
user6987764440500420945,101900
user3447045641818147610,96300
user3812668960126398647,101500
user4959520120334188002,103300
user8944667459903347406,98500
user364949077452717855,99800
user6980838416432591472,98900
user7357732295533641098,100700
user2418304189251710547,100300
user7496278430084183244,100400
user7220866042519520296,100200
user3155003466321764847,96400
user6280873954378091861,102300
user7905870352709777851,96200
user8721168354436323086,96900
user1408090721371256526,100400
user8960405887497571793,96400
user5480536104515788682,100700
user7333169647117324011,102100
user5144503261937420978,94100
user8790829773663208224,100800
user5496274532110013069,101200
user986326632146424317,104700
user1940158951127813912,94800
user7259268921775798543,97000
user6946013615466997796,95800
user3344456046553177822,105100
user2039742245909937363,104300
user429364354148194864,98600
user7776490084275626970,102000
user5574873256766504004,97400
user4283888174182465809,99500
user1552442958965347249,105600
user3485448521074425857,101800
user8279527798814441471,102800
user2299074560586077359,104800
user1952549432944893397,92800
user5733284040418397770,98200
user7923070346622581699,98200
user4089189451419644705,99600
user7570957431155691043,98900
user4273955849631789999,97900
user3475297881305908164,97700
user2243813332711293829,100900
user4251851358481876587,100300
user8290580044389398177,99000
user252975300853514919,99100
user6453684929382087235,95000
user2760361450091468711,97900
user2730552659143743495,96600
user9209805877623035979,100400
user7821807170304036904,96500
user733018735731674781,97500
user5085894088285492546,100100
user161656266381343720,101100
user6949579876461984581,99400
user8086727272805883594,96000
user5152549207029531347,102300
user7708725289976250858,96800
user1034661835953378374,100800
user7303031028170998016,99800
user7822367130816177352,95200
user1736866140056439777,102400
user6042744525045426264,100700
user1426068991014042705,98400
user8437938582466335237,105000
user8270373749993747992,105000
user7609701955706267855,97200
user5653130336128696374,102200
user2998490879424134308,104400
user6604734630357221963,104600
user4996584763348343470,98000
user5372918681937252648,98500
user7839785439946823083,104300
user4100241696994601411,97000
user5624546696815580840,96600
user5756166807298293513,101000
user3904766270328552177,97300
user5369900564158708525,96800
user7411986686991656829,97900
user4971132326421285156,96200
user4210877237351681568,95300
user5797482573722787097,105900
user1941278872152094808,101300
user544126116012402254,102500
user6772299462829809208,98500
user5364654421627300396,107600
user2765607592622876840,98600
user7807406978951935296,101200
user1072617839305029270,101900
user8034484162709644187,104700
user3299468788523368667,99100
user6470656362608105615,101600
user3056871492389277272,99400
user8588428322929329517,101900
user2551822496488686447,100900
user3349142228572445503,95600
user6492979168975860910,102800
user7643190092256492953,100500
user4442298957834359575,106100
user2235995948305968928,98500
user4608090495455894476,99200
user7791450236139869026,98700
user2363042961376927017,92900
user4627955144557246096,100300
user9130428877236562713,98000
user5257596959560904810,96900
user3677470771353001403,98200
user4030020317255575825,105800
user3346684071306041828,102900
user3002398785713419658,99000
user1525092325284025708,98200
user2085849424964027414,101800
user2551604181270844564,105900
user3549976882377415963,98300
user791286264089304648,98500
user620703313838173280,103700
user3123744926351157956,96200
user2710128049530251427,102300
user7060775377331205186,97100
user3720559832628547331,102200
user7344781853204421165,106600
user5388657109531477035,102000
user4675182244635617043,103300
user7699011280643416931,95900
user7840345400458963531,103800
user1963601678519850103,99600
user8814167270444915629,102300
user8681532469548250846,99200
user6290587963710925788,99500
user401672075172574758,95600
user1407872406153414643,98600
user8404781845741465119,100900
user1177228961400718967,99400
user3816795181633525880,102500
user7641738771406857077,101000
user6640679352347096535,96600
user6973364249148319337,103200
user99137614613375737,96600
user5247664635010229000,100600
user4426000569727994740,99800
user1519286222240477131,98300
user4541322292104342578,103600
user8655861717403350649,100100
user592461319819356311,96200
user8304650407742899006,93700
user769523418233689801,102000
user2168014410615505134,98000
user3936803086029141399,99700
user4167446530781837075,104300
user1083670084879985976,100500
user6612208797641494098,102400
user2743844746767261993,104500
user5009535205677563403,99700
user6294714185218053021,102700
user5959241303151825765,98900
user3253466840079607402,103000
user6877688860655481236,102800
user4541663937398641143,101800
user7939027089434647969,98000
user8835930116300530476,99600
user4618582780518710734,96100
user5186597304091896893,97500
user4991898581329075789,103200
user1122072964136264223,101900
user1798824831312267312,105400
user2523911902295224458,101300
user4865524613377771245,100900
user4908613674653317173,100400
user2983860555558493031,104300
user6542434293807095863,99700
user8440178424514897029,100000
user2238567190179885700,104800
user4298848326046707865,110000
user5938256733026193249,106000
user2276970069436163947,98600
user4778673445707025844,101500
user2110741901378945280,97700
user3806302896570709622,93900
user8648157417605538845,98300
user4454471124433597177,95800
user4894213483301215565,99100
user3573979570281592602,105200
user77251438681304208,96000
user7849717764497498893,99700
user450348924273827380,98800
user7336747725408008582,99400
user6959293885794818508,101600
user3889027842734327790,106100
user5520058904796347825,99900
user8862502474251869686,101700
user4678530190412761945,100900
user4230306827844103623,97200
user8265687567974480311,102800
user8637105172030582139,98600
user6029794082716206331,99000
user8429904454669922654,101700
user7680473050488490304,99700
user7963371422633123173,93800
user5564940932215828194,102500
user637903307750977128,99000
user1287304541245658676,102800
user8492752934436491416,100800
user3857426085642668133,95100
user3414790510899716505,97200
user4007137550375680082,95900
user7965039486873846731,100100
user6439844698542126075,99700
user4288916001496032055,97400
user991012814165691998,99700
user1703709403331569659,102900
user1714201688394385917,102700
user1759643676326006734,101000
user6731108598308526507,102700
user1358522511932508476,95500
user3755614766107680676,104200
user6554606460406333465,98600
user2870437029936408420,101000
user2161088386547675661,105300
user1838347631592826455,102100
user9031965503478720158,98200
user4419976151466604280,96000
user3631033764300310573,100400
user7906430313221918299,96500
user5142835197696697420,100500
user4025894095748448592,104100
user4266251549833978195,98800
user5119050825010362664,103900
user1563495204540303955,99300
user2480822841019678530,97100
user2041640442664200590,104200
user4441520682104377244,97700
user1856874044452055296,100300
user3576219412330154394,101300
user2054360752479880854,97100
user5626339662959515281,98200
user3061786235095330421,103400
user7949861019791762792,96900
user6359347777131371913,94300
user564550725625894322,99700
user2353328952044093090,104600
user3470830014504482366,102100
user264245861646313508,100600
user8065182742168110630,99000
user2225503663243152670,97400
user2300194481610358255,97700
user6997696765051096755,102800
user3145071141771089037,99000
user7928316489153989828,104500
user6504031414550817616,98300
user8659209663180495551,97800
user3287743497828758416,100400
user3075409722544203899,101200
user1345012109091148095,99700
user8504925101035729018,101500
user8972018093584668947,101400
user8932942169208737155,94200
user8961744123739694572,97800
user8984408575401748432,100000
user791067948871462765,102800
user2764269356380754061,100000
user7355274138267237423,97900
user8793287930929611899,96800
user708343002707844597,108800
user7653682377319309211,94300
user4480596606480309036,103200
user7114138408451725489,101000
user3731052117691363589,96300
user1425509030501902257,96900
user2099907971021830457,96000
user25338156583665580,95000
user3132898975171851435,99700
user1093944054724960351,96800
user3132339014659710987,96100
user1434881394540437619,94400
user6657756016183443701,104700
user51020726024263563,98100
user526707806881756523,96500
user7829293154884006825,99300
user7334507883359446790,99400
user3832315294009908384,105200
user1885457683765170830,100700
user4215003458858808801,98700
user5991838079364555435,102800
user4167788176076135640,99500
user7439337320672978370,99600
user8267355632215203869,102400
user8856136410696180661,94700
user5403057300883578643,107900
user8722288275460603982,104400
user3018697173819784493,104700
user6168558532484590360,102900
user2877923014516378341,101200
user1871057492413069222,99100
user4028682081013453046,97200
user1109122521807044290,93400
user3497620687673663459,102400
user7218967845765257069,104000
user6645365534366364216,100700
user4415289969447336599,100600
user4589999141205595200,101500
user5082327827290505761,104100
user770861654475812580,104300
user4530830007041526320,97100
user7983796032246615241,105200
user3572641334039469823,106000
user8730882363769157013,96200
user1518166301216196235,95800
user642589489770244809,99600
user3283275631027332618,107800
user5212609701531095655,106700
user3953661434647646682,99500
user7007080946385329903,102600
user4743836827445734382,100900
user934518580659114475,103000
user4541882252616483026,101000
user1453419624695364246,99200
user3596644021943646462,98300
user4855592288827095435,102600
user3593625904165102339,99100
user7692085256575587458,99000
user3111914405046218919,90400
user8794955995170335457,89300
user5967505563461778017,96600
user4810710261407615066,93400
user7508998739899863508,102900
user2891763245356339501,98600
user3507334697006497386,102600
user2039960561127779246,98200
user4381013311698185585,95900
user2628741339608756038,101500
user3426621032204655542,93200
user6690694437690471936,104900
user1362430418221793826,103500
user3258153022098875083,96400
user3915258555391368435,98300
user4997363039078325801,100800
user3269765228185972237,97700
user6767053320298401079,102600
user6564880430251307840,98700
user3710627508077871521,95000
user3936024810299159068,100700
user3343896086041037374,104600
user7330941622364460005,99500
user8275401577307314238,97200
user6796862111246126295,99200
user76473162951321877,104800
user8565992431954061125,101800
user1197093610502070587,96500
user7199321511881747332,106200
user2877363054004237893,95800
user198379264101200623,102900
user1589165956685204152,97200
user7838665518922542187,100400
user5332617605926711174,105100
user1299695023062738161,102900
user8416954012340702721,100500
user8165325997462374529,99200
user3210937739316201922,103600
user7814333003019764769,98200
user4897001468566220019,101800
user7688518995580600673,100500
user6153380065402506421,104000
user4130163572549839724,103100
user7439678965967276935,104700
user2652525712295090794,96300
user4942443456497840836,99600
user8209753294980043236,98600
user8777549503335387512,97800
user1731619997525031648,96600
user2530277965850913483,98400
user298522519395464522,90900
user7087347735282544396,95900
user472784815249095772,100100
user2491315126082494788,104100
user3271103464428095016,107700
user3941270952830567197,98800
user2633427521628023719,98700
user8853908385943316655,108200
user1269431502213201283,98500
user8770623479267558039,99000
user8506823297789992245,100200
user5901192090012037781,104000
user7759071775144981239,97400
user6291926199953048567,95000
user7596409868082749357,104500
user3193519430185556191,96900
user9186923110743140236,103900
user2890643324332058605,100100
user7572077352179971939,99800
user8747399067093363731,95500
user4948809520053529861,101500
user1940377266345655795,100900
user4101019972724583742,93300
user2670492164642179187,97200
user6043304485557566712,102700
user8982510378647485205,104200
user853586600639430748,103000
user3458097887393104316,96800
user4211437197863822016,96900
user8885166925913923546,102700
user3100520514176963648,101000
user5371580445695129869,101600
user9090357933739560908,98100
user6642359233883517879,102400
user8906151496039556062,101200
user1115706900580575198,98500
user8759352918474759450,101700
user4173594279119684217,97500
user2768955538400021742,100100
user5755948492080451630,97500
user4571025852441739008,99800
user4278082071138917232,98900
user8214221161781469034,103900
user2106947079697173027,103200
user1508120892058007328,99000
user3119058744331890275,98200
user1561597007786040728,101200
user4505159254896626123,100100
user7923848622352564030,96900
user741612824040227812,98600
user7094492074568215752,97300
user5564039326409389181,96500
user574047991567640567,108000
user6185758526397394208,101900
user4301306483313111540,99800
user1280825393082456554,99700
user7938248813704665638,99800
user7999429229230510842,97300
user6009027827808415698,103400
user4173252633825385652,97500
user4403117802848098997,100500
user5062451360893456355,102000
user8518995464389229847,109700
user1028077457179847466,101700
user5692093175897115069,103800
user245376231666031901,99800
user2994912801133449737,102500
user7074055647659025898,103000
user4645933414200032275,105700
user3676350850328720507,103000
user3957009380424791584,102100
user4418296269930182936,97000
user8527247907403484313,99600
user5589491763336447495,99000
user5383410967000068906,101700
user3144729496476790472,103700
user2676858228197868212,111300
user5740428379704069126,103500
user8154492067105259706,100600
user3683836834908690428,99000
user2721958570835190464,98300
user6400103583043725049,100800
user6285000175885219094,101500
user6566891711613084164,102700
user3814337024367122205,103800
user302088780390451307,98800
user6552148303139929790,104400
user6731668558820666955,101700
user8691246478881084773,99900
user6065190661489638241,105600
user5223880262323894244,103200
user8386815393394376726,104000
user3959249222473353376,102800
user2186540823474733975,102200
user8707657951594962705,101500
user6063510779953216897,103000
user8257983268176668507,99100
user151712124534970124,103400
user9061669063816116588,101600
user6884054924211170261,101700
user9170843037854617284,99600
user1000726823498525925,105300
user4267029825563960526,103800
user4646151729417874158,95600
user5338642024188101634,99400
user7397368180421713338,102600
user8269253828969467096,100100
user6580618857845532227,101000
user2830695914438007394,101200
user575602971200851028,100200
user4223380803776274150,101600
user3822601284677074457,99600
user2155842244016267532,100600
user3886009724955783667,93300
user6766493359786260631,99100
user7664734622894265917,106800
user6511517399130787537,102100
user1496508685970910174,99200
user3311859270340448152,99800
user8628511083722029108,100100
user8583742140910061836,100000
user8995460820976705138,99300
user1463911909758180504,99300
user4905047413658330388,98100
user4642025507910746925,95100
user3622096458870704776,103800
user5860777929393983210,100100
user2991004894844164387,100700
user4981624611484101414,99900
user3469710093480201470,103500
user40528440961447305,96900
user7164266578402613987,105900
user6867196575592664978,98700
user4866862849619894024,104400
user5381512770245805679,96300
user8885385241131765429,97600
user1310747268637694867,100800
user3621536498358564328,101300
user5585925502341460710,95400
user8664455805711903680,99400
user639801504505240355,105500
user6270381669315275603,101900
user466865627598034098,100700
user5415560867308171225,102000
user3331723919441799772,95200
user5760074713587578863,99500
user3459777768929525660,97100
user8393729600166508413,96600
user482498824581929699,100000
user422998290592505839,98900
user1776160379650213452,95600
user5675794787790750234,103500
user8053570536081013476,98900
user8219685619530719046,100900
user5576211493008626783,102000
user5586143817559302593,99700
user754563266369447745,99600
user604746571026107010,101700
user5382632691270086575,102900
user7427725114585881216,101500
user5058543454604171005,99200
user4991338620816935341,102400
user1538932556123986868,101500
user3799718517797178714,104600
user1550203116916785457,100100
user8523121685896357080,97300
user6939429236693466888,101400
user8566552392466201573,93400
user5085334127773352098,100500
user2035056063890669682,100500
user2077803479871917045,101500
user4229186906819822727,104700
user3145289456988930920,99500
user8884047004889642650,100100
user5868595313799308111,103300
user8067080938922373857,99900
user6084495350078849413,104400
user2552382457000826895,102400
user8400873939452179769,97000
user697290757132887891,99200
user2425448528537381903,104400
user1374042624308890980,99100
user3946517095361975326,101000
user528606003636019750,103200
user3562709009488794013,98900
user8384357236127973051,97900
user5361088160632313611,96500
user4922124077494677554,100500
user8320948795849263841,94400
user2551262535976545999,97100
user6541656018077113532,99700
user5351374151299479684,101100
user1483558243641690241,100100
user6986084558963999601,106900
user8537521877248458688,100300
user5620420475308453607,98300
user9199873553072360169,103600
user7114356723669567372,97300
user3474396275499469151,102600
user352558595635638370,108000
user8755445012185474100,98500
user6582630139207308551,102700
user5735742197684801445,98300
user362490920186314180,97900
user6316818676367966433,107700
user8114856182217187466,101900
user4651179556731440404,97700
user7686839114044179329,99000
user7010087246868176240,99500
user2399217815880341258,92000
user6110291004126960493,100000
user8749638909141925523,98900
user5084555852043369767,95700
user8980842314406761647,101300
user8529487749452046105,99400
user4629853341311509323,103500
user7902864052226931514,105100
user918001877334907757,95900
user8495771052215035539,100800
user7372132486885742706,104500
user8395627796920771640,104700
user5323463557106017695,102800
user798772248669274569,97500
user2777001483492132111,97600
user4949587795783512192,99600
user8258201583394510390,98100
user1981019987650495834,99500
user7906990273734058747,101900
user4382911508452448812,104300
user5175545058516940187,100100
user3486350126880864870,99100
user3810989078589977303,103300
user4580739861774572935,95700
user1348590187381832666,105900
user3623994655624968003,105300
user5497394453134293965,100200
user8065742702680251078,92500
user3485790166368724422,100900
user537760052456713229,97800
user1158017686126138795,101300
user3007644928244827787,99600
user4983304493020522758,99900
user6223601445141532007,99100
user4326198959728029406,99400
user3321013319161141631,102400
user1479432022134563008,102600
user8119324049018613264,99400
user7798594575425540382,95000
user2566222687840788055,94200
user8988316481691033782,101200
user3219750142842596836,102500
user7197081669833185540,102600
user2990444934332023939,100200
user280885895046976908,98300
user8346732632601677135,101100
user2985198791800615810,97000
user3281937394785209839,102200
user6927362300704558072,102500
user8672720066021855932,97700
user1929325020770699089,104000
user7132334993312353551,98100
user5597196063134259299,101900
user2866310808429281187,96600
user5230806286391723717,96700
user60953050574939373,98700
user2848892499298635456,97000
user842534355064474042,97400
user9051395093971142213,100000
user1211163973855571416,98400
user7006520985873189455,98000
user982188593343599298,102200
user6013495694609841496,102100
user5437447043240242754,103200
user3350262149596726399,106800
user3596084061431506014,97300
user2814844402236269910,101800
user1462013713003917277,97900
user2985758752312756258,96100
user7145615263640174263,100000
user3248220697548199273,96400
user3111354444534078471,94100
user5997975582233458992,98400
user5245766438255965773,99300
user3029749419394741199,106300
user5872161574794294896,97700
user7164484893620455870,100100
user8917763702126653216,99300
user6218915263122264326,106800
user2036394300132792461,98000
user766175472456544899,101300
user5245424792961667208,101500
user6688019537032980579,106400
user1543618738143254549,97000
user2382359467261835975,97400
user4560420482771409653,96700
user6746068750172768563,105100
user5828741113693393988,102800
user8381569250862968597,102300
user3595865746213664131,101600
user8502137115770724564,101900
user770301693963672132,98400
user6403669844038711834,105700
user5244864832449526760,96800
user5889361568707098744,99300
user6052458534378260191,103700
user4903927492634049492,95200
user7676906789493503519,104100
user3278029488495924489,99100
user6064289055683199228,93200
user533073870437445548,102400
user5904758351007024566,111200
user2718392309840203679,101600
user2492995007618916132,102900
user3902868073574288950,94000
user508181394022527682,95800
user7949301059279622344,100300
user3184925341877003160,104400
user181302600264853457,99800
user6083387246350266303,103100
user5118490864498222216,98500
user703656820688576916,102000
user3930778667767750939,104700
user6428792452967169369,107000
user9045029030415453188,97300
user5273895347667269645,104000
user4678748505630603828,93700
user517553758061063044,97000
user899463647179981130,99900
user2089415685959014199,105700
user6503813099332975733,101300
user555396676805200843,99200
user3369908483480236136,103600
user903041725470665701,106400
user6048550628088974841,101300
user8078133184497330563,98400
user7213721703233848940,94900
user6630405382502122160,102300
user3084782086582739261,104700
user6898113470268973304,93100
user4393403793515265070,99800
user222276721395048476,110600
user8282545916592985594,101300
user5048611130053495195,102300
user6134623520029737911,101900
user3536696612049595251,100800
user4961759962382749794,97800
user3601111888745072260,95900
user4882942922508416976,106800
user8857256331720461557,95200
user5332835921144553057,97000
user5109678460971827302,96200
user5134570937386745168,97100
user3336970061973207901,99500
user4766719594325630125,103500
user1325147459989796475,105200
user3226894482128268192,101800
user3600551928232931812,103800
user3234380466708238113,101100
user2413618007232442866,103600
user7413106608015937725,99000
user1495730410240927843,103400
user1206477791836303735,107500
user3915818515903508883,93500
user4529491770799403541,108900
user7120722787225256397,102000
user8533613970959173338,97100
user8708104827499590056,95000
user5580679359810052581,97100
user1276139211063188873,108000
user4459270391060377955,101000
user4986870754015509543,103400
user49122529270000336,102100
user4110733982057417669,100000
user8383237315103692155,101400
user9109444307110930197,103600
user2722518531347330912,106000
user1282723589836719781,96600
user2343396627493417280,105800
user4177160540114671002,103900
user4919665920228273879,103100
user4971692286933425604,103000
user6993228898249670957,98900
user4680428387167025172,97100
user458166308679152281,100600
user7082101592751136267,101400
user2775881562467851215,99100
user5019467530228239213,100700
user1848839916655642713,99900
user8634317186765577685,101300
user2106833995089659930,97500
user1281385353594597002,95700
user4893093562276934669,96200
user4453132888191474398,105000
user1449281585892539227,97300
user8611652735103523825,103300
user6006021527325569361,98900
user8836490076812670924,97600
user8164766036950234081,99100
user4752101087755686634,95200
user1258160941420402694,95800
user7818800869821190567,100900
user4861056746576345447,98400
user6378559052405952085,106200
user3878535557671511532,97500
user1333959863516191389,96700
user5249892659763093006,93200
user4403896078578081328,99000
user7082319907968978150,97300
user1699801497042284309,99300
user973034544522905819,101200
user8709337833131384049,96900
user7824825288082581027,101800
user5225000183348175140,101400
user4008475786617802861,100500
user6257089581691757105,94500
user5690754939654992290,96000
user7222534106760243854,99600
user504603315731843111,103700
user149484099782106118,100300
user172148551444159978,101700
user4492768773079546638,97300
user252633655559216354,94300
user3143951220746808141,103300
user8652283639112666078,102600
user7634812747339027604,103000
user1699583181824442426,106200
user7642971777038651070,101700
user6741600883371342765,97300
user6032033924764768123,101800
user139551775231430308,98900
user4294940419757422515,106700
user2908279948680546219,98300
user1143057534261896739,99400
user4339262486664762436,96500
user7032751698530230100,97900
user7900965855472668287,97300
user3359074553123121313,101900
user9210147522917334544,101400
user4644813493175751379,99400
user8201489034670090984,103200
user4519559446248727731,100600
user7197423315127484105,100900
user7402054362440981019,97000
user1714761648906526365,99100
user3084003810852756930,101100
user6747406986414891342,102600
user7609141995194127407,98200
user1927986784528576310,101400
user4151489787969770805,100700
user2275850148411883051,103900
user8055250417617434820,107100
user7825945209106861923,99500
user2488856968816091113,107700
user3803284778792165499,100300
user6269261748290994707,103900
user6073443104503892707,104700
user1015905290580609864,105200
user1675238848625967222,96500
user5311291390506780093,101300
user895337425672853897,98300
user4552934498191439732,101500
user1183813340174249875,98100
user3982805034472902664,99600
user97457733076954393,102900
user881497194832892737,97500
user1458105806714631927,103100
user7824047012352598696,104700
user3234940427220378561,98700
user3343117810311055043,101500
user6174364635528138937,103500
user594472601181132635,101600
user3760860908639088805,102000
user423558251104646287,99400
user2800444210884168302,94100
user2429356434826667253,102600
user2368289103908335146,92500
user6565440390763448288,100500
user449229003249546484,98500
user504043355219702663,98200
user645607607548788932,100800
user538879973480994125,103400
user5812101080292730588,102400
user2214451417668195964,99700
user2517327523521693550,98200
user7686279153532038881,103800
user6417740207392212663,103400
user5664742542215793528,101900
user3413888905093277492,99800
user4075909181091823993,95600
user3325917816398251195,102600
user8641231393537709372,107600
user3612382449537870849,100000
user523919821616752069,98500
user297184283153341743,104900
user6366946846318854931,96100
user7474173938934269832,101700
user8392061535925784855,98800
user4877915095194850730,101500
user7893366786285185269,96100
user8544106256021989596,96000
user767843536697268457,95700
user4643693572151470483,104400
user8415834091316421825,97200
user7460881851310751334,100900
user7927196568129708932,103300
user1995638494220439325,96800
user5577331414032907679,105900
user6778883841603340116,99900
user6427112571430748025,107200
user6756561035235584821,97200
user5087573969821913890,100300
user2155623928798425649,100900
user9086779855448876337,99200
user2946795912544337563,100300
user5653690296640836822,96500
user8178276439791594462,97800
user2413276361938144301,100400
user6557394445671337919,98700
user2595584602883885920,102700
user6862728708791239180,98000
user7438777360160837922,103600
user5197649549666853599,104600
user2188439020228997202,101300
user5806294977249182011,104200
user5465015992139406178,101600
user5993071084996349428,100600
user1110242442831325186,102500
user6631525303526403056,94600
user449788963761686932,100500
user5839233398756210246,100800
user4645373453687891827,100900
user984646750610002973,100100
user7456195669291483653,102000
user4556282443968584634,100100
user5860996244611825093,100200
user637561662456678563,99200
user5218074159280345667,100800
user802898470176401802,106400
user1469718012801729081,101200
user6544114175343517207,91900
user6064070740465357345,102400
user2565662727328647607,95100
user8311564614515030693,100900
user2986100397607054823,102100
user8005453647491901302,95100
user8304090447230758558,93500
user978840647566454396,99900
user7934682552709678853,100500
user187108703308402034,102200
user8480032624620811152,100700
user2332791257823087925,100700
user6074563025528173603,98900
user7215059939475971719,96300
user2247048193880925634,102400
user7916144322554752226,102100
user2091095567495435543,104000
user450567239491669263,105100
user990234538435709667,105600
user7811314885241220646,104300
user6253523320696770320,106400
user885063455827879522,95900
user6868534811834787757,99300
user8312684535539311589,100000
user3156123387346045743,94800
user1596651941265174073,108100
user5814889065557735042,103200
user4882601277214118411,98700
user4254639343746881041,99700
user1721346027680057273,96700
user2292490181812546451,98100
user8113517945975064687,105700
user8385135511857955382,102300
user7482768027242822863,104700
user3008423203974810118,102600
user5108340224729704523,97500
user4064296975004726839,101200
user4129385296819857393,99200
user5635038981878397098,97500
user5974419770233909704,104300
user1946183369389204372,101600
user6713471973960038893,100800
user451127200003809711,103500
user605306531538247458,98000
user3152215481056760393,104900
user1561037047273900280,102600
user5906438232543445910,103000
user3353268450079572736,96700
user2474238462246147622,101100
user5099186175909011044,102200
user7780056345270613755,97000
user2049114609948472725,98600
user2277530029948304395,100600
user4003011328868552849,107200
user8255195282911664053,102100
user8044416487260319997,103300
user3307608146930110036,98000
user5674674866766469338,101200
user3171861814940270130,100500
user6025886176426920981,103000
user5131782952121740714,103200
user281104210264818791,100300
user7059997101601222855,96400
user1226902401449795803,102500
user2461953211039396923,101500
user3299687103741210550,107600
user3706501286570744288,104500
user6190663023634503772,102400
user1990952312201171644,100300
user6745727104878469998,104300
user116887323569376448,103100
user4174372554849666548,100100
user4400889778095234991,99500
user5340321905724522978,102000
user8294706265896525410,99000
user5336743827433838407,102300
user4752661048267827082,104600
user2253527342044127756,97400
user2299634521098217807,104200
user4408363945379507126,109200
user6179610778059547066,97800
user1775942064432371569,99900
user2975826427762080448,103000
user9108324386086649301,102700
user596152482717553979,99600
user9220079847468010354,98400
user8924129765682342241,101100
user7351926192490092521,99900
user3462565754194530114,97600
user4873788873687723497,96600
user6988884361524701841,102000
user8327863002621395528,96700
user1131227012956957702,101700
user1935691084326388114,100300
user6370513107313841716,104600
user1588387680955221821,99700
user6757899271477707600,102300
user400893799442592427,92600
user1548304920162522230,102600
user3220310103354737284,98600
user88303684256260914,99400
user4780011681949148623,103500
user4118551366462742570,101800
user6164992271489603575,98200
user4168348136588276088,99600
user5734062316148380101,102500
user9122954709952290578,100100
user4530270046529385872,104700
user4083943308888236576,105200
user587215177287948182,100200
user2538872054159466514,102700
user6514865344907932439,99800
user1484896479883813020,98400
user2597264484420307264,98500
user3572081373527329375,95600
user8059936599636702501,102100
user6960413806819099404,99000
user8159738209636667835,101100
user1955337418209897851,103300
user5371020485182989421,101100
user3947295371091957657,101200
user4958741844604205671,102600
user8336800308051001325,101800
user4676850308876340601,106100
user5283609357000103572,94500
user7362760122847207344,96500
user1846381759389239038,100400
user1558249062008895826,104500
user4969794090179162377,102300
user4778113485194885396,98500
user4056032714694774587,103500
user3343336125528896926,98900
user529165964148160198,96600
user3905326230840692625,100800
user8790269813151067776,103100
user9222538004734414029,99000
user7823705367058300131,105100
user6482268568695202769,105200
user1820929322462180724,101900
user6168900177778888925,98600
user8510949519297119478,105300
user3327597697934672539,103400
user286132037578385037,99700
user429582669366036747,103700
user8539201758784880032,103700
user968348362503638138,104100
user1182133458637828531,100800
user6395635716242299251,107400
user2884837221288510028,99400
user5370460524670848973,102800
user427124512099633072,103400
user1720567751950074942,103400
user8256303386640247163,95800
user8769285243025435260,100200
user6741382568153500882,106000
user8443184724997743366,99200
user3913920319149245656,102000
user6152041829160383642,105900
user8166104273192356860,101800
user2492435047106775684,100300
user7348908074711548398,100300
user2744623022497244324,107300
user4248833240703332464,97100
user7535789413069044601,97700
user5157235389048799028,104500
user6520329802657182451,100700
user6493539129488001358,99400
user9145059201102203990,101500
user8066520978410233409,103600
user7550532821542198975,99300
user171028630419879082,100100
user6311012573324417856,101000
user3332843840466080668,102900
user4062398778250463612,95000
user5158686709898434904,101900
user8747740712387662296,105300
user9121274828415869234,99100
user8612212695615664273,103900
user8813152580030963519,100500
user3358856237905279430,102900
user8085607351781602698,103600
user7459543615068628555,101900
user528046043123879302,99100
user8281425995568704698,94500
user5674114906254328890,101300
user8861382553227588790,98300
user7527308409368004667,94600
user5710619588756343910,102000
user554058440563078064,96600
user9122394749440150130,103000
user4072891063313279870,102900
user3562927324706635896,100600
user6636771446057811185,102700
user4765941318595647794,98000
user995139035672819231,96600
user3280817473760928943,100100
user8045536408284600893,103600
user8947125617169751081,99800
user8757113076426197658,95800
user8631299068987033562,103100
user7602775931638438382,96800
user8295266226408665858,102600
user126601332902210375,96800
user9166156855835349603,102800
user8043638211530337666,95300
user5311851351018920541,98000
user8352320420427383829,103100
user4484722827987436269,101400
user1437121236588999411,100000
user7104424399118891562,97400
user3929098786231329595,95400
user7131215072288072655,97400
user4132951557814844178,103300
user6609202497158647761,95100
user2065972958566978008,101400
user9011759209083069973,104500
user6906377730578925556,101200
user6005461566813428913,101400
user6164213995759621244,100400
user8032804281173222843,101900
user5062338276285943258,101500
user2793518186816338829,101300
user497129148447570976,102000
user6268483472561012376,100000
user7835877533657537733,103400
user8510731204079277595,97900
user2616569173009518436,99200
user1372922703284610084,100400
user2777219798709973994,96700
user3310521034098325373,102800
user7713411471995518539,105400
user3860444203421212256,103600
user6943442373593081024,98400
user5487680443801460038,99100
user3371806680234499363,97500
user4513971658423021037,105100
user3726365935672095908,98900
user8280647719838722367,103800
user7928534804371831711,102500
user2760703095385767276,104900
user524479782128892517,98600
user195921106834796948,96900
user6520111487439340568,102200
user2417744228739570099,101400
user5496834492622153517,101100
user1211723934367711864,95600
user654201695857341963,102600
user1835329513814282332,99100
user7708165329464110410,101300
user4174932515361806996,106600
user6647823691632767891,100800
user4606970574431613580,99500
user7890691885627693912,102900
user8076794948255207784,93700
user7477521884711414734,100500
user8795515955682475905,102200
user821549784938841526,99300
user7754945553637854006,95400
user1568741347071712084,103400
user7420580775300209860,97600
user8006573568516182198,101400
user5775378082572873685,97800
user6200936993479478147,103000
user4163880269786850290,102800
user4212215473593804347,102400
user7877628358690960882,101000
user8542208059267726369,99400
user2278089990460444843,104400
user4278642031651057680,95700
user6679860507333357113,99600
user1240742632289756963,94400
user802120194446419471,103000
user4179618697381074677,103200
user4398991581340971764,110400
user955957880686558653,99100
user5145623182961701874,101500
user312922710747566130,104400
user1551882998453206801,102100
user3396139196137276781,103100
user3036333798168272107,102600
user6957065861041954502,95800
user4668256220567787570,99000
user326433113588926511,100400
user9004614869797398617,102600
user7460663536092909451,100800
user8131049339713223515,103500
user39408519937166409,103900
user2422990371270978228,97300
user8969790068831804941,98300
user4792731991764828887,107600
user655539932099464742,108000
user7038339486355936794,105400
user8989654717933156561,99500
user3345016007065318270,101200
user7600547906885574376,102700
user3661172383246636568,100500
user8355213636302717069,101300
user1986939175301557508,103600
user3042139901211820684,103500
user8637323487248424022,99900
user2869658754206426089,100800
user3694889080483647134,100600
user8555718462109086750,95600
user1972195766828403134,98000
user5590611684360728391,103200
user6124691195479062101,100400
user6004341645789148017,100800
user1435441355052578067,100200
user5128764834343196591,96900
user3809650842347854524,101800
user1856314083939914848,98800
user1913368277958632819,102200
user6269821708803135155,104100
user7312963352721673826,101500
user9123514670464431026,100800
user1155229700861134341,102800
user3310179388804026808,105900
user423776566322488170,99600
user6893427288249705623,101600
user5096946333860449252,102400
user5927204487451236543,97200
user6812713623447863779,98500
user6878808781679762132,104900
user1937370965862809458,106800
user6948241640219861802,100500
user7336187764895868134,103200
user104943717656924314,101100
user7186371069552527399,102800
user858054467440856546,105100
user677644423249378154,96200
user4238900916152656654,99900
user5509784934951373450,98200
user8530047709964186553,104100
user53248750777127569,102900
user352776910853480253,107400
user2739936840477976643,102900
user7483327987754963311,95900
user8861942513739729238,98200
user5806854937761322459,100600
user4689582435987718651,95500
user757351251634452199,103700
user192013200545511598,104100
user7591163725551341228,98700
user4952375781048516646,95600
user4340382407689043332,98000
user2056600594528442646,99200
user8792168009905331003,101100
user3585373461150847873,98800
user2528939729608790704,100000
user3331505604223957889,101500
user1269213186995359400,103900
user6551588342627789342,99900
user3309961073586184925,105500
user5526756368177391830,101100
user929054122909864463,100100
user4425222293998012409,96900
user8131827615443205846,100900
user5526196407665251382,102000
user7520610945986960662,104900
user7812434806265501542,101100
user4668597865862086135,97800
user3790004508464344787,103200
user6892867327737565175,98500
user657767956852328748,102100
user3906994295081416183,103900
user5244086556719544429,94000
user8451448985307695618,94500
user2502927332169591942,101100
user9219519886955869906,97800
user1598879966018038079,98700
user6818519726491412356,102000
user2042200403176341038,104700
user4893435207571233234,103900
user1131786973469098150,101400
user3101640435201244544,100800
user8582290820060425960,107400
user8954599784454023216,99500
user6862168748279098732,97100
user4906385649900453167,98000
user2742164865230840649,104100
user115094357425442007,100500
user6634873249303547958,99100
user5674456551548627455,104700
user9199095277342377838,101900
user6049670549113255737,101100
user8212541280245047690,97800
user1462791988733899608,95700
user2029468276064962988,100300
user7665294583406406365,98600
user4473557497804966466,99700
user5576771453520767231,99800
user8709897793643524497,100300
user1631476742230767749,105500
user5516824043626716020,95100
user3276691252253801710,103000
user8065401057385952513,101300
user627629337906002753,99800
user781135624320786955,100900
user1594412099216612281,100400
user1847160035119221369,95700
user2958408118631434717,97800
user1906442253890803346,98600
user1823717307727185178,99200
user957077801710839549,97600
user995698996184959679,102600
user8018185774603279352,105700
user946025556135882843,99800
user3699015301990774367,103600
user2076465243629794266,99600
user70107099395632852,103900
user3453411705373836635,100000
user1017025211604890760,104700
user5498514374158574861,103600
user8895659210976739804,96600
user1311742287758764880,98200
user8114637866999345583,104300
user10937965231563972,103400
user7438559044942996039,96900
user4746294984712138057,100200
user1527767225941517065,102400
user4595918328856656874,98100
user1447053561139675221,99100
user4191230903468171831,105100
user1142839219044054856,104000
user5724689952109844739,99000
user6085615271103130309,102000
user5178333043781944641,94300
user1288642777487781455,99800
user176834733463427659,106100
user466647312380192215,102000
user2639793585183712744,104700
user5097506294372589700,101900
user7902304091714791066,101800
user6756001074723444373,98800
user8553820265354823523,98000
user3424722835450392315,99400
user3949535213140519449,100800
user7340873946915135815,95100
user342844586302804443,100800
user428462748341755851,101700
user8561524565152635327,102100
user8405901766765746015,100300
user3751601629208066540,98200
user1452299703671083350,100800
user3457879572175262433,105600
user1016465251092750312,101800
user5207363558999687526,106800
user4729996596605773222,96000
user648395592813793386,101700
user3347803992330322724,96700
user5939035008756175580,102300
user2197033108537550233,96400
user2063744933814114002,97300
user5915810596581981272,99200
user6767831596028383410,95100
user2598932548661030822,95900
user2188780665523295767,104900
user2997370958399853412,103600
user776107797007220709,99400
user5702367145742089444,97400
user1953109393457033845,97100
user7891251846139834360,95700
user5700127303693527652,100700
user9106096361333785295,103900
user5993289400214191311,102600
user1672450863360962768,101000
user888411401605024424,94500
user7231918288094477002,101000
user3360754434659542657,99900
user5596977747916417416,102500
user2197593069049690681,100000
user7339535710673013036,98500
user4414730008935196151,100100
user8329201238863518307,102300
user2778899680246395338,105300
user2540210290401589293,105000
user4199824991776724862,103400
user9198753632048079273,98700
user7923288661840423582,98200
user1803852658625833558,102300
user1857434004964195744,103100
user7229460130828073327,106200
user7559905185580734337,102700
user6856362645235550155,102800
user6158407892716072667,101100
user4092767529710329276,103100
user8213101240757188138,90500
user1319901317458388346,101200
user242701331008540544,98300
user7083439828993259046,103200
user8344161390727760363,94600
user1939598990615673464,95100
user1406857715739462533,99700
user3599991967720791364,98600
user850008522348746177,100200
user302430425684749872,97000
user1236616410782629730,102500
user4656425699262848533,102600
user4015961771197772782,95100
user5399709355106433741,99500
user2066532919079118456,99300
user3937923007053422295,101900
user4732224621358637228,97800
user7908670155270480091,94400
user7219746121495239400,98300
user8917203741614512768,97700
user2968900403694250975,101000
user8916083820590231872,98400
user5212268056236797090,94600
user2694276537328513943,103100
user8018745735115419800,102500
user8543327980292007265,105000
user2659439919067222481,99600
user3700353538232897146,103200
user563990765113753874,105600
user7685500877802056550,105700
user4655865738750708085,98700
user4402557842335958549,102300
user5689075058118570946,102700
user1861560226471322977,98800
user1457545846202491479,97400
user6669149907052698972,99800
user6983856534211135595,99500
user5652010415104415478,103600
user3786986390685800664,106600
user4860838431358503564,105200
user6311572533836558304,97800
user424336526834628618,99600
user3028069537858319855,101600
user8680754193818268515,99700
user6277295876087407290,102800
user8214439476999310917,97800
user6834258154085636743,96900
user4778891760924867727,99300
user8328982923645676424,98800
user3244654436553212488,102400
user7859215030439245138,100000
user3639733083219192390,103500
user2287244039281138322,101800
user6883494963699029813,102000
user8110843045317573330,101800
user2179066656190461840,100900
user1650906332723189804,102800
user76691478169163760,100000
user6908057612115346900,100900
user6553828184676351134,103300
user7371572526373602258,100600
user6484166765449465996,98900
user801000273422138575,102500
user4895333404325496461,99700
user109848214894033878,102400
user3337871667779646914,100200
user7033871619554510996,103000
user4283109898452483478,95900
user3050952304738215598,99800
user1004853045005653158,99800
user1604126108549446208,99500
user6495778971536563150,103800
user3779512223401528529,102800
user901921804446384805,103000
user5976099651770331048,100300
user8496331012727175987,102400
user7131556717582371220,98300
user3798816911990739701,95600
user2573367027126459411,102400
user4776993564170604500,101500
user2753995386535779686,102200
user4782799667214153077,99700
user1451179782646802454,101700
user2504047253193872838,102200
user2494103111347499242,97100
user1471946037554593087,106300
user754003305857307297,101400
user1934352848084265335,95900
user6293594264193772125,95300
user7610480231436250186,101800
user3974646004773279198,100700
user3654133274571293998,95400
user8461162994640529545,97300
user3470270053992341918,102700
user3348363952842463172,100900
user3303813325248337783,103300
user1242080868531879742,95400
user8878240901846094073,103700
user7917824204091173570,99200
user5701465539935650431,100400
user127379608632192706,98100
user2078145125166215610,97700
user6553486539382052569,101300
user880158958590769958,104100
user1032763639199115147,97900
user6075122986040314051,97900
user2479142959483257186,102600
user5676354748302890682,105700
user6040846328291163037,100900
user3732731999227784933,97400
user2638673664159431848,100700
user3223888181645421855,110000
user8632077344717015893,99600
user4946456593397454972,99800
user9006513066551661844,99000
user2507053553676719175,95300
user176056457733445328,102800
user2845874381520091333,102300
user3074289801519923003,95100
user7234706273359481456,104500
user5131222991609600266,99800
user741052863528087364,102400
user878479077054348614,106400
user8925581086531978117,96000
user1711413703129381463,100300
user1936032729620686679,103100
user5103872357928278725,101800
user3761315638540900467,101800
user8807128161769573059,98900
user1673570784385243664,99000
user9094265840028846258,103500
user2468090713908300480,101400
user8132387575955346294,100600
user1286289850831706566,93900
user4509067161185911473,103300
user2530837926363053931,100800
user4528931810287263093,100200
user1569301307583852532,102100
user9147287225855067996,104800
user5549980780351586138,99900
user1243760750068301086,99600
user7276240355001816923,105600
user4293820498733141619,106600
user3046266122718947917,102700
user5245984753473807656,100300
user1962481757495569207,98900
user2992684776380585731,108800
user302990386196890320,100400
user8378769448302266357,99300
user3176547996959537811,102300
user2980294294563506246,103400
user3710067547565731073,98900
user3594185864677242787,102300
user6442632683807130529,98300
user7666414504430687261,101200
user3237168451973242567,100900
user7350027995735829294,99900
user3383418886321596517,103000
user313700986477548461,105000
user3121286769084754281,102800
user8533955616253471903,98200
user7802502481714825732,98400
user779455742784365611,102300
user7483546302972805194,102200
user5031639696827476815,95500
user5566279168457950973,104600
user5801608795229914330,99200
user173816615684883536,105500
user4414170048423055703,97500
user1451739743158942902,97500
user7153319563437986067,103200
user3711747429102152417,101000
user5597756023646399747,99500
user7713629787213360422,96300
user8153153830863136927,101400
user4383471468964589260,101600
user2185980862962593527,102100
user3951763237893383455,98600
user1819809401437899828,100100
user5103312397416138277,100600
user223271740516118489,100900
user3993857280047859370,95300
user7899285973936246943,102500
user4392625517785282739,99300
user4113086908713492558,105400
user5002950826904032495,101200
user1826735425505729301,96300
user8736128506300565142,95400
user1230810307739081153,98800
user4696166814761249559,99100
user3310739349316167256,101000
user2051012806702735952,103100
user6264015605759586578,102100
user2001557681871500999,97100
user5915592281364139389,97500
user8164424391655935516,100600
user2481382801531818978,103500
user3914138634367087539,97000
user4129603612037699276,97900
user1904214229137939340,102000
user3905886191352833073,94000
user9072939624608915177,99600
user7211481861185287148,107000
user7577323494711380068,98900
user7756500533271064467,98500
user1704269363843710107,99800
user4862176667600626343,101400
user3436335041537489469,99400
user2518447444545974446,98900
user6384023510155202097,104000
user5324583478130298591,97300
user4154496088452617142,95300
user4279761952675338576,102300
user4696839859880903104,97800
user7356394059291518319,101600
user3952323198405523903,100400
user2717832349328063231,94200
user4826561773609352550,103100
user1336977981294735512,102600
user694615856475396534,99500
user6553268224164210686,101500
user5695659436892101854,95000
user2552942417512967343,103700
user9221978044222273581,100800
user4837614019184309256,98900
user5521510225645983701,106800
user5849943999036868387,101500
user3227454442640408640,97700
user1123192885160545119,96100
user6223932844966886987,98100
user1875070629312683358,95400
user3172753175277765558,101900
user6563200548714886496,99800
user7340313986402995367,97400
user7245198558422297714,95400
user1820369361950040276,101600
user6701186722753288194,100100
user8654741796379069753,102600
user5929102684205499770,98800
user5184357462043335101,99700
user8632978950523454906,94700
user6844750439148453001,100900
user7840563715676805414,96000
user3787546351197941112,103600
user4545790158905768376,102000
user6896445406028249746,100600
user4514313303717319602,97500
user6733336623061390513,99200
user73125217174176975,100900
user8622145020166340083,98100
user4426342215022293305,98600
user1747918385631396483,100600
user870444949257936031,104100
user659106193094451527,103300
user7223094067272384302,101300
user177394693975568107,102900
user2778339719734254890,98000
user6794403953979722620,95800
user1845821798877098590,101600
user6400321898261566932,97900
user4343275623564376572,103400
user8049102669279587678,106000
user1974435608876964926,100700
user3835881555004895169,102600
user7258149000751517647,103300
user3289194818678394292,105600
user5596636102622118851,96600
user1708955545862977788,99200
user2596144563396026368,95500
user4153387984724034032,108400
user5821815089625564515,106200
user2744063061985103876,106800
user8754325091161193204,100200
user4588879220181314304,96100
user6335128345836107592,99200
user296282677346902730,99200
user1710853742617241015,99600
user5981905754813879625,96100
user7707605368951969962,105500
user7083999789505399494,101500
user5249332699250952558,99300
user7068809505127617769,102900
user7891811806651974808,101300
user4997922999590466249,103200
user314820907501829357,101700
user1684063069448059922,96800
user605524846756089341,99200
user2098569734779707678,98700
user8759571233692601333,101000
user3927430721990606037,99900
user9011199248570929525,104300
user1876863595456617799,96700
user6961752043061222183,99300
user3981572028841108671,99900
user3332283879953940220,106400
user4025115820018466261,104400
user6583190099719448999,104400
user658887877876609644,99400
user3424162874938251867,100600
user6132395495276873905,105700
user3357176356368858086,98100
user37510323182903182,98400
user7210373757456704038,102600
user8439058503490616133,98700
user1253474759401135013,102600
user9214273744424461777,99200
user3469150132968061022,98200
user7239392455378749137,97800
user2639233624671572296,96900
user1599439926530178527,102000
user1474404194820996762,101100
user1145857336822598979,97600
user3671104707797312378,103600
user4404237723872379893,99500
user2390953555570389006,103400
user775547836495080261,100200
user7934122592197538405,99700
user6367506806830995379,98100
user2664686061598630610,101200
user7144507159911591153,95200
user5943161230263302813,101800
user880377273808611841,102100
user254313537095637698,98900
user6031473964252627675,101200
user2509293395725280967,106900
user7928876449666130276,100300
user5552987080834432475,94500
user2792179950574216050,94300
user4922797122614331099,100300
user3321791594891123962,101000
user7537582379212979042,96600
user5651119054766920050,96400
user6635993170327828854,99800
user1825397189263606522,97300
user154511927095672364,100600
user622383195374594624,95800
user8522903370678515197,98600
user5937136812001912353,107400
user3992737359023578474,96100
user8873773035044668275,106000
user2282216211967572076,100000
user4178498776356793781,107500
user3446267366088165279,102700
user3195977587451959866,97800
user231089124921443390,99300
user2060166855523429431,98500
user2255425538798390983,99800
user3664190501025180691,100900
user7919722400845436797,100500
user2680984449704995445,104100
user406358257191842439,101600
user3526764287498919441,100500
user8175818282525190787,97000
user8848662243411908526,101600
user6389829613198750674,98700
user3117720508089767496,101100
user3116600587065486600,100300
user1506222695303744101,103600
user1573987489603120213,102500
user991572774677832446,103500
user4305432704820238773,101500
user4860496786064204999,99600
user3054860211027500948,96400
user4754329112508550640,104400
user8784463710107519199,100500
user774987875982939813,101700
user2390393595058248558,101400
user5786430328147830391,102200
user859392703682979325,99700
user2774761641443570319,103600
user4141215818124796430,97800
user8879920783382515417,97300
user1331731838763327383,98900
user1972755727340543582,100200
user1620424496655811043,98400
user2030028236577103436,96500
user2902815490931296207,99900
user3725805975159955460,103700
user6515083660125774322,103900
user8427446297403518979,103100
user8295826186920806306,107900
user1271671344261763075,106400
user4266469865051820078,105200
user4051346532675506906,101700
user890091283141445768,99300
user6416961931662230332,100300
user1303261284057724946,104800
user9083431909671731435,99900
user9110004267623070645,98600
user2112753182740721604,97800
user4286676159447470263,99600
user4656644014480690416,104200
user4959861765628486567,101300
user4542223897910781591,97600
user3106108302002670342,99000
user7789210394091307234,103100
user4629635026093667440,101700
user3268097163945248679,98400
user4277522110626776784,108300
user7851615961251762120,107400
user3207589793539057020,100400
user6996028700810373197,101900
user3270885149210253133,99600
user4866084573889911693,97900
user4267589786076100974,102800
user2253745657261969639,101700
user7004062828606785780,99500
user3128431108370425637,99800
user9108884346598789749,103900
user2675738307173587316,103700
user7214499978963831271,105700
user1475524115845277658,98600
user8957399587014725456,103400
user7449611290517952745,106400
user75913202439181429,98600
user5816008986582015938,98800
user1758970631206353189,105000
user8999368727265990488,100100
user4865742928595613128,99600
user164444251646348174,102200
user4553494458703580180,95600
user6608642536646507313,100800
user4101579933236724190,100900
user281664170776959239,97500
user5747467488379411696,97900
user3622874734600687107,101700
user8368058848021608216,101000
user7004841104336768111,102200
user7088126011012526727,104400
user6988542716230403276,91600
user8143999782042443448,101100
user6026227821721219546,95300
user1082891809150003645,101100
user164662566864190057,96600
user3803844739304305947,98400
user2403125722169626608,96200
user5394244897357183729,99900
user4041072562830532531,103900
user1505102774279463205,98300
user4947907914247090848,100000
user4708452065968000258,101700
user5733844000930538218,101000
user299082479907604970,98300
user7746568208720388657,97900
user3371028404504517032,99700
user2650845830758669450,106400
user1449841546404679675,103900
user1495170449728787395,108100
user1940718911639954360,103600
user1368796481777482851,100300
user8467082182291591219,102800
user2876803093492097445,97800
user2293268457542528782,99400
user7757733538902858460,98100
user1923300602509308629,98700
user7449829605735794628,99800
user815743681895292949,102000
user38288598912885513,98300
user704548181026072344,101700
user1748136700849238366,104700
user6168340217266748477,99000
user4651397871949282287,103100
user297402598371183626,99900
user1094162369942802234,100900
user2865190887405000291,99000
user2473005456614353629,98500
user3816235221121385432,106900
user7969177525676671750,104800
user1814904904200790264,107700
user2891981560574181384,95200
user7372692447397883154,99700
user2055698988722003633,95100
user3326477776910391643,103900
user2969242048988549540,100800
user6757120995747725269,99200
user4315924989883055031,106000
user5987151897345287754,101500
user4337811165815126560,100900
user8403673742012882009,104500
user6282542018618815419,100400
user790507988359322317,103200
user6437946501787862848,96900
user1495948725458769726,98800
user663574059895877325,98300
user654420011075183846,101900
user5527316328689532278,98100
user3336191786243225570,99900
user6783351708404765914,98200
user348090728834212572,99300
user1107454457566320732,102800
user7249884740441565395,99500
user7424718814103034879,100100
user2293828418054669230,100800
user8141541624776039773,97600
user4040294287100550200,99600
user1945405093659222041,100200
user4356680795795408167,100200
user9000488648290271384,105500
user6284781860667377211,101800
user7428285075098021664,102900
user6213669120590856197,107300
user628189298418143201,97800
user1718887870413653598,102100
user3826167545672061242,96700
user3254586761103888298,107100
user2929046203588336852,101100
user494889306399009184,103400
user2764829316892894509,94500
user8259321504418791286,95500
user2439288759377343063,101300
user7994629962603730064,104900
user8268475553239484765,103100
user1219976377381966330,101000
user7257930685533675764,103500
user6596470370047269711,100300
user1695115315023016628,98900
user7998196223598716849,96900
user8893979329440318460,105200
user7789770354603447682,102000
user2634547442652304615,95300
user426564551587492624,100800
user7124070733002401299,94500
user399773878418311531,95500
user5948967333306851390,100500
user4348976495997596363,102700
user7093372153543934856,106100
user6834599799379935308,100100
user2512641341502425869,101300
user4028122120501312598,94400
user2315932909204582642,104600
user4743276866933593934,101300
user7801942521202685284,99900
user2684562527995680016,100600
user2232648002528824026,98800
user2683442606971399120,99400
user3032755719877587536,98400
user4893653522789075117,99200
user8870206774049681490,100900
user7567391170160704258,102500
user411946045017549133,98900
user3192399509161275295,104200
user6201496953991618595,105900
user8382677354591551707,105100
user439296678698870674,99200
user6881815082162608469,103400
user1803292698113693110,103800
user2524253547589523023,99300
user6105044861595552364,100200
user3838899672783439292,99400
user8939981277884079725,104700
user6982736613186854699,101400
user7471934096885708040,98000
user1593073862974489502,99800
user1231588583469063484,102700
user2127371689310665095,98500
user1356064354666104801,106200
user5476628198226503332,102900
user5958681342639685317,98700
user1357402590908227580,96000
user159758069627080493,104900
user2387605609793244104,100200
user3632028783421380586,100200
user4765381358083507346,99300
user7225552224538787977,100100
user6971684367611897993,101100
user3145849417501071368,100000
user7423380577860912100,103600
user2403344037387468491,98700
user3061899319702843518,100400
user1720007791437934494,104700
user1343904005362564985,94900
user2781905980729241675,96600
user6436826580763581952,99300
user5459209889095857601,105500
user5565719207945810525,97400
user884845140610037639,100200
user3418243687287190193,97000
user8477014506842267029,101700
user8712904094126370834,107200
user1105214615517758940,102100
user3123526611133316073,104300
user6301858524503724377,97900
user5304147051221108737,98600
user8653403560136946974,98200
user7586477543532073547,101900
user290258259085512270,100400
user8989436402715314678,95900
user8181624385568739364,104300
user5111346525212550860,103000
user257661482872782600,98300
user8781675724842514745,95600
user3698455341478633919,107300
user8998808766753850040,95400
user2463073132063677819,100200
user2715934152573800004,93000
user4118333051244900687,102300
user5986591936833147306,99800
user5278581529686537326,101900
user3679368968107264630,106100
user8846982361875487182,101400
user4885949222991263313,100000
user2872116911472829764,96000
user1005631320735635489,97800
user7581791361512805866,99700
user4217461616125212476,95400
user5685508797123584161,93100
user6844532123930611118,101300
user7510118660924144404,100700
user8962304084251835020,97900
user5820695168601283619,101100
user4644253532663610931,98000
user3081215825587752476,93800
user5738530182949805899,100600
user38630244207184078,100800
user2003237563407922343,92900
user8896779132001020700,109500
user3528319267132129902,100400
user2957629842901452386,101500
user989892893141411102,98700
user5300239144931823387,98300
user4283328213670325361,95800
user1562375283516023059,102800
user2221595756953867320,106000
user1604686069061586656,93200
user8858034607450443888,98500
user4937975589696415038,103800
user8752986854919070425,102500
user2028130039822840209,100500
user5223320301811753796,100000
user6249385281893945301,103100
user1935472769108546231,98200
user422438330080365391,99000
user6400663543555865497,92800
user8168332297945220866,101000
user3760414032734461454,96300
user6107719762253043721,97300
user6201715269209460478,100200
user4646711689930014606,103200
user6163312389953182231,100900
user109629899676191995,105200
user4316484950395195479,102700
user8803001940262445826,100900
user7466469639136458028,98000
user8663895845199763232,100200
user4233200043719436863,99900
user3930218707255610491,99200
user663014099383736877,105200
user4554054419215720628,104700
user2936303627481521305,102300
user4800462362660415,94700
user617137052843186495,103000
user4791063927524105329,98400
user7554659043049326208,95600
user8872994759314685944,99800
user2821323550399472032,102300
user7135682939089498453,102300
user7124630693514541747,101800
user4617462859494429838,99300
user3486568442098706753,107600
user3283948676146986163,101500
user2627403103366633259,97500
user3255365036833870629,97500
user1105774576029899388,107100
user8522561725384216632,97000
user1018923408359153987,99100
user7585917583019933099,99500
user2527819808584509808,101100
user5207021913705388961,102100
user2516207602497412654,100600
user5322685281376035364,95700
user1776502024944512017,96200
user1947303290413485268,101500
user3552435039643819638,103000
user447000978496682478,104600
user4832927837165041575,100400
user4237107950008722213,103100
user2860504705385732610,98000
user8281985956080845146,98900
user9111124188647351541,100600
user738824838775223358,103500
user4744956748470015278,101200
user4870989071127021257,105600
user7940147010458928865,103600
user3222768260621140959,101100
user303768661926872651,99400
user3227796087934707205,103000
user649733829055916165,100000
user1467819816047465854,101400
user3211716015046184253,97800
user3369348522968095688,94600
user7804400678469088959,98800
user5146183143473842322,106200
user8983630299671766101,102600
user4200603267506707193,94900
user8984968535913888880,99200
user7698451320131276483,102000
user4704760903069802590,99300
user1536144570858982414,102000
user3248998973278181604,104000
user8789709852638927328,100700
user3242414594504650696,96000
user60734735357097490,105900
user7020361216713150615,100000
user4481934842722431815,102600
user9084551830696012331,103800
user3259832903635296427,100800
user2405023918923889835,98900
user2756235228584341478,101400
user9214833704936602225,102400
user2958968079143575165,97200
user1659500421031742835,100500
user6002443449034884790,99100
user5047719769715999767,99500
user3810210802859994972,100800
user6856144330017708272,106200
user5807414898273462907,104600
user3432987095760344567,100700
user6619694782221464019,105800
user7624320462276211346,96400
user6156728011179651323,98800
user1401953218502352969,103200
user2723078491859471360,102500
user9114130489130197878,99200
user7196863354615343657,104500
user5573753335742223108,100700
user8315702653317855712,106400
user4416068245177318930,97600
user2655313697560095248,101100
user2275631833194041168,103300
user7429404996122302560,101700
user5018689254498256882,98000
user7661168361899279132,106000
user3633148704445661482,98800
user1829523410770733755,107700
user1857993965476336192,99600
user1851627901920647167,99600
user5586703778071443041,103000
user1823157347215044730,98600
user946803831865865174,103300
user4014281889661351438,104900
user1141719298019773960,101100
user5649999133742639154,102400
user2087517489204750972,96500
user2735798801675151624,99900
user3892375788511472692,99900
user7440457241697259266,101100
user6483606804937325548,101100
user7686060838314196998,103500
user8192116670631555622,102800
user2782465941241382123,92400
user3483550324320162630,100300
user5110238421483967750,105500
user7933562631685397957,97100
user1574547450115260661,108400
user5118272549280380333,98900
user3381179044273034725,97700
user5453963746564449472,104600
user1551323037941066353,106300
user775889481789378826,99200
user7702359226420561833,101800
user2520345641300237673,106100
user4493547048809528969,98700
user9094484155246688141,103200
user538320012968853677,104600
user3690421213682221336,99300
user7749139450594305429,100600
user3633708664957801930,97600
user5916712202388420285,102000
user188446939550524813,100500
user1575655553843843771,95100
user4179058736868934229,101000
user4387939335766015058,102200
user1175995955768924974,90900
user2525031823319505354,101500
user9188043031767421132,99000
user650853750080197061,99800
user2166334529079083790,99700
user6436266620251441504,101700
user867986791991532356,103300
user2039400600615638798,103200
user2771755340960723982,98600
user1181242098300333103,98900
user5476068237714362884,104200
user5917490478118402616,102400
user5723911676379862408,100100
user7274447388857882482,102600
user3395579235625136333,100200
user8331554165519593196,104300
user2451460925976580665,101600
user4932056402045353364,100600
user2640913506207993640,102700
user1709733821592960119,103200
user4394523714539545966,94400
user8291918280631520956,95500
user4930718165803230585,103300
user1082331848637863197,105600
user6377999091893811637,100800
user1775382103920231121,96500
user6492760853758019027,100600
user4038066262347686194,103200
user5031079736315336367,104900
user3958689261961212928,100700
user6620473057951446350,96900
user8175476637230892222,101000
user1677697005892370897,99200
user7269201246326474353,105400
user8528927788939905657,99000
user1609932211592994785,98300
user8691806439393225221,101500
user1777840261186634796,97600
user7646424953426124758,99000
user6979170352191867914,104900
user7647657959057918751,101600
user4650619596219299956,96500
user5974979730746050152,105600
user1935131123814247666,95000
user665472256650140552,104200
user1028855732909829797,100400
user764277275702281672,100500
user3029407774100442634,99200
user1005413005517793606,97800
user3022263434814771278,101800
user5872048490186781799,103700
user2166894489591224238,96100
user2750989086052933349,101300
user1144737415798318083,104600
user2314812988180301746,99700
user1469158052289588633,101700
user4064856935516867287,102500
user1236056450270489282,100900
user7699571241155557379,104200
user8994682545246722807,97200
user1473284273796715866,99500
user8180504464544458468,98500
user4833706112895023906,99700
user8923009844658061345,101500
user621823234862454176,97700
user7005401064848908559,102800
user4097453711729596957,91000
user718275327258520407,94100
user6295274145730193469,104100
user187327018526243917,98300
user6058824597933949216,98600
user472566500031253889,102700
user960084102193685886,103100
user896457346697134793,99700
user5976317966988172931,109900
user9099511982560254387,101800
user7790330315115588130,99500
user5382291045975788010,100900
user1769794316094524427,97300
user7002942907582504884,96900
user890651243653586216,99700
user2631529324873760492,103400
user3852179943111260004,98400
user4166108294539714296,94900
user3233260545683957217,102900
user6156168050667510875,104500
user989674577923569219,97200
user7988595298873396019,102900
user1198431846744193366,99200
user6621592978975727246,100400
user5463677755897283399,98900
user2302982466875362709,105600
user1873172432558420131,99100
user4014063574443509555,101600
user8926683869787648,96000
user3308281192049763581,104800
user412164360235391016,100200
user3052185310370009591,103200
user4552716182973597849,102300
user4936524268846779162,97800
user5497954413646434413,96800
user1029415693421970245,100200
user8908609653305959737,99300
user4227175625458046403,103000
user8884825280619624981,109600
user7461441811822891782,100600
user8924348080900184124,98100
user6381565352888798422,94000
user4244365373901906666,104500
user4970914011203443273,97100
user6178832502329564735,98200
user2171922316904790484,98100
user4406135920626643120,104300
user5623768421085598509,99800
user6680420467845497561,97100
user5933010590494785120,103600
user4409702181621629905,93200
user3311299309828307704,101700
user6481926923400904204,106200
user5244646517231684877,99000
user2534185872140198833,100800
user8313804456563592485,105400
user6161974153711059452,105300
user98577654101235289,94400
user5887008642051023855,104900
user6299960327749461150,99700
user6961192082549081735,103800
user8863840710493992465,103100
user7723343796546194349,104100
user7287292600576773629,96900
user2413836322450284749,98000
user630977283683147655,105000
user2050794491484894069,98500
user5679921009297877467,100200
user5302478986980385179,102000
user1380408687864580005,97800
user9063007300058239367,100800
user3820921403140653113,102500
user7538360654942961373,103600
user8225491722574267623,95100
user7665854543918546813,97000
user4113305223931334441,105200
user2859384784361451714,104200
user2906381751926282992,97100
user6149253843895379188,103200
user403351956708996102,98500
user5081767866778365313,94800
user3518386942581454092,102100
user1280483747788157989,103100
user2791060029549935154,105800
user86965448014138135,99600
user4078137205844687999,102400
user6189324787392380993,101700
user8627951123209888660,108300
user7351366231977952073,100800
user8192894946361537953,106500
user7941826891995350209,99100
user5485782247047196811,95900
user5608248308709216005,101000
user6026446136939061429,102500
user451468845298108276,95200
user8152033909838856031,106600
user8863622395276150582,103600
user5428292994419549275,109600
user7104984359631032010,103600
user242141370496400096,101800
user532513909925305100,101900
user3836441515517035617,103200
user9089238012715280012,103800
user4265131628809697299,100100
user2062406697571991223,101600
user8378551133084424474,103100
user8781115764330374297,104500
user6396755637266580147,104700
user3788106311710081560,104600
user2065412998054837560,99800
user979400608078594844,101800
user6278415797111688186,100100
user885405101122178087,104000
user379349268804819463,105600
user3222208300109000511,95900
user5701807185229948996,96700
user1456767570472509148,98700
user7133454914336634447,100200
user8394289560678648861,95000
user1208145856077027293,100100
user5927982763181218874,103900
user8379111093596564922,93700
user9069808422222857957,106500
user4969234129667021929,97200
user1176214270986766857,99000
user2606636848458842626,101700
user1523081043922249384,105000
user6618014900685042675,96300
user1890922141514420842,109100
user4793851912789109783,99500
user3435993396243190904,95100
user1258720901932543142,100300
user4047998586898362004,96200
user5507326777684969775,96400
user1689869172491608499,100000
user111081220525827871,95600
user2760921410603609159,101900
user4534177952818671222,104100
user3478864142300894949,102700
user5757399812930087506,102500
user6632085264038543504,108700
user2854138641830043585,98900
user172708511956300426,96700
user4707892105455859810,100100
user5256477038536623914,104200
user3912800398124964760,101800
user5356060333318747365,99600
user1099968472986350811,93900
user7061335337843345634,98700
user4730556557117913670,95600
user7833419376391134058,106600
user891211204165726664,105000
user152832045559251020,96400
user4218581537149493372,99200
user5890139844437081075,99700
user5937915087731894684,104700
user7460103575580769003,104900
user5357180254343028261,103900
user547692377007389039,103000
user3674122825575856501,99300
user5169738955473391610,98300
user6602276473090818288,100000
user5124296967541770793,98500
user5074841842710535840,107200
user5300580790226121952,106100
user1110460758049167069,106200
user4929598244778949689,98700
user847220537083741723,98400
user4880143119947714736,101200
user4256319225283302385,95900
user5599435905182821091,96100
user5926084566426955647,99000
user6354661595112104232,100100
user4099681736482460963,105700
user3104988380978389446,98800
user313141025965408013,97500
user1788332546249451054,98700
user1724693973457202175,104000
user8994900860464564690,99300
user1197653571014211035,103100
user1116266861092715646,105200
user2348642770024825409,102100
user3095616016939854084,98800
user6728090480529982384,103400
user3085123731877037826,96700
user7361640201822926448,93700
user3934904889274878172,103300
user342171541183150898,110900
user3611604173807888518,104600
user387053568602631267,101200
user1004293084493512710,98300
user2654193776535814352,107900
user304328622439013099,101300
user1133685170223361377,101300
user1143959140068335752,100700
user4416628205689459378,102000
user3589499682657975106,100700
user2056040634016302198,95500
user3876524276309735208,97700
user8653963520649087422,103400
user6211989239054434853,99000
user3652018334425943089,107300
user5029741500073213588,99200
user3231362348929693990,96300
user8229399628863552973,96200
user776667757519361157,100900
user5936576851489771905,101300
user7020921177225291063,103400
user1359082472444648924,99600
user4029242041525593494,98100
user5912244335586994487,99700
user1677478690674529014,102200
user5310513114776797762,101500
user8988876442203174230,97600
user1025837615131285674,97400
user5590051723848587943,98700
user2005352503553273252,99800
user7335067843871587238,101800
user6871322797099792211,104700
user1611612093129416129,98700
user505163276243983559,100100
user124808366758275934,99300
user1715321609418666813,103200
user6962312003573362631,103400
user5255138802294501135,97000
user1073177799817169718,101500
user5460329810120138497,106500
user2924919982081209619,95500
user5507886738197110223,99200
user7827613273347585481,100500
user8049444314573886243,97000
user5383192651782227023,103000
user1468038131265307737,102200
user7082879868481118598,95600
user5685727112341426044,100700
user7988823859560181487,101100
user6879587057409744463,98900
user4883721198238399307,107600
user303208701414732203,103300
user3280257513248788495,94700
user4631533222847930667,102000
user1460333831467495933,100000
user6924469084829224832,104300
user4076469141603964441,106400
user186767058014103469,97900
user9098952022048113939,100100
user7209253836432423142,100500
user3475516196523750047,97500
user1450401506916820123,100300
user450908884785967828,99800
user4203951213283852095,99500
user3423489829818598322,102900
user616017131818905599,105000
user2990226619114182056,94400
user4735802699649321799,102900
user5607688348197075557,105100
user2983300595046352583,99900
user8411147909297154144,99300
user300750544148328528,95400
user2550702575464405551,100000
user5008196969435440624,103700
user6288348121662363996,99400
user7987703938535900591,98200
user4982184571996241862,102800
user7331501582876600453,101900
user4414948324153038034,105400
user9200433513584500617,97200
user415512306012535918,101100
user3133458935683991883,101400
user6027566057963342325,96900
user212219494941161783,105600
user5951207175355413182,106000
user3348022307548164607,98200
user8980282353894621199,98200
user8170790455211624541,98700
user8256863347152387611,101100
user3678249047082983734,98100
user6987204479988280497,95000
user1687970975737345272,101400
user6622152939487867694,101800
user8516195661828527607,102600
user7828733194371866377,101000
user5736302158196941893,103300
user638463268263117576,100400
user8202827270912213763,95700
user1429075291496889042,106500
user7717537693502645772,103300
user3975765925797560094,104000
user880937234320752289,104300
user7118824590470993170,104500
user1846941719901379486,103500
user1072057878792888822,97200
user5361306475850155494,97700
user191794885327669715,104800
user5212828016748937538,102800
user3470051738774500035,96000
user8863280749981852017,104700
user362709235404156063,105400
user4460390312084658851,98500
user1653581233380681161,100300
user335805477627461873,99000
user6745508789660628115,102200
user1241302592801897411,105800
user3336751746755366018,103100
user1847501680413519934,102800
user2538312093647326066,100200
user7691306980845605127,94500
user3696787277237910361,99700
user2700082640372062520,94000
user5602442205665667428,97000
user7086227814258263500,106900
user6708225831428630764,103300
user314042631771847026,104200
user7736854199387554730,101200
user869325028233655135,100300
user3101080474689104096,101600
user730000617953130658,97000
user7421700696324490756,106900
user7828951509589708260,100100
user6263237330029604247,105300
user8214781122293609482,99300
user1813225022664368920,105000
user5612716175510641803,101900
user1951771157214911066,101600
user4068423196511854072,92300
user5197089589154713151,103700
user7437439123918715143,99400
user1655032554230317037,96800
user1687411015225204824,100000
user763157354678000776,99800
user1231370268251221601,103600
user7733836081609010607,97900
user4074229299555402649,99300
user8981950418135344757,95900
user8608634617324979702,101000
user5219754040816767011,97800
user7599209670643451597,103000
user7863901212458512819,101200
user8335348987201365449,105600
user1257600980908262246,99500
user5465575952651546626,99300
user2704208861879189753,97700
user4700966081388030337,99800
user7295886688885326660,101900
user1573427529090979765,95600
user1578113711110247446,102200
user7441017202209399714,93800
user3575659451818013946,94000
user5350035915057356905,96100
user8153932106593119258,106200
user3241854633992510248,101700
user4274515810143930447,104400
user7588935700798477222,98300
user6576710951556246877,106800
user800440312909998127,99800
user5020369136034678226,101700
user6343609349537147526,108400
user2473118541221866726,99800
user6047990667576834393,103300
user7549754545812216644,95600
user8571238574485469254,99600
user8983070339159625653,106800
user3435775081025349021,101500
user8278967838302301023,98800
user7457875550827904997,104000
user6555166420918473913,96700
user6629627106772139829,101200
user2544118196690874643,98400
user1951429511920612501,93600
user8483380570397956054,103300
user2129051570847086439,103400
user3759522672396966026,99500
user5965047406195374342,98800
user6668589946540558524,103400
user8119437133626126361,98000
user7832859415878993610,97600
user901361843934244357,102600
user8313244496051452037,97200
user2766727513647157736,103700
user664134020408017773,93700
user4626287080316522538,100600
user2348424454806983526,95800
user2428236513802386357,98100
user3997092141217491175,97600
user6329209158185045918,109600
user7359960320286505104,102800
user2393971673348933129,100400
user4063737014492586391,103700
user4640345626374325581,95900
user4908053714141176725,100400
user2644821412497278990,99100
user965890205237234463,102400
user8868308577295418263,102700
user540218209723116904,89900
user8829905698039140016,103200
user6383463549643061649,100800
user6191222984146644220,104400
user9136794940792251738,96600
user416072266524676366,104600
user7736635884169712847,100300
user1596091980753033625,105200
user4468871315785698785,99900
user291596495327635049,98400
user2555730402777971797,101200
user6999376646587518099,103000
user1326485696231919254,98500
user1317661475409826554,95600
user1620984457167951491,101700
user2947915833568618459,102100
user8117209108873262355,100100
user792406185113585544,100500
user7049723131756248480,104700
user4193458928221035837,96000
user3328717618958953435,105300
user3210596094021903357,100400
user5570405389965078206,99700
user1006751241759916385,94700
user2297954639561796463,100600
user2984980476582773927,103800
user4590672186325248745,98100
user2517545838739535433,102200
user6103251895451617923,102900
user5832307374688380773,97900
user3260051218853138310,102400
user2890083363819918157,98300
user8658649702668355103,94400
user7722783836034053901,99500
user5436887082728102306,102400
user4431028397041560986,99100
user1462232028221759160,98500
user7757951854120700343,104500
user4244147058684064783,100200
user3181794139490945940,107700
user6761807177766992950,99900
user7476401963687133838,98200
user6003781685277007569,96400
user3112474365558359367,101200
user7071827622906161892,98100
user4517879564712306387,94300
user214117691695425010,98200
user3605798070764339941,107200
user5360528200120173163,101900
user5812661040804871036,99200
user5859098047857561866,98600
user5575433217278644452,100500
user5832867335200521221,98700
user1392239209169519042,100500
user6845652044954892014,102600
user3777272381352966737,97900
user6065968937219620572,103500
user263467585916331177,102000
user6466748456318820265,103000
user5049731051077776091,101800
user27577998632227372,101300
user5344448127231650211,100000
user8843416100880500397,99700
user794086066650006888,104900
user2440408680401623959,101400
user742391099770210143,105000
user1324027538965515579,100000
user3539484597314599705,99100
user3705381365546463392,98100
user5372140406207270317,99200
user8369957044775871443,95500
user1133125209711220929,99800
user2035834339620652013,101700
user8961525808521852689,98900
user5343669851501667880,105800
user5938475048244035132,102100
user3799376872502880149,98700
user5212049741018955207,103000
user8056588653859557599,103300
user6768951517052664306,93800
user5988271818369568650,103700
user4783359627726293525,101700
user5156893743754500463,102900
user2222828762585661313,100400
user3552995000155960086,102900
user1209484092319150072,98200
user528387688418177867,97500
user9006294751333819961,98300
user1473625919091014431,101800
user413284281259671912,103100
user72565256662036527,102700
user7259828882287938991,103300
user2906941712438423440,99000
user4793291952276969335,101100
user6099238758552003787,99300
user2596704523908166816,103700
user7019801256201010167,99000
user1067153381555779258,97500
user1600778162772301306,100600
user8654181835866929305,102500
user2001339366653659116,93600
user2038622324885656467,99300
user6678522271091234334,105700
user7032191738018089652,94700
user7663396386652143138,94200
user5952315279083996292,99900
user2903375451443436655,97800
user5344229812013808328,99500
user2165774568566943342,102800
user2173260553146913263,103200
user6982518297969012816,102100
user4333124983795858879,103800
user3947077055874115774,97500
user6635433209815688406,99900
user604964886243948893,102000
user8088625469560146821,99400
user3804623015034288278,98900
user288030234332648264,102000
user3584813500638707425,100200
user6030914003740487227,96800
user9121616473710167799,100200
user3374594665499503817,107700
user6872442718124073107,98700
user1898968086606531211,97700
user8225604807181780720,109500
user1497628606995191070,100500
user6255191384937493878,99500
user4494107009321669417,99800
user1923860563021449077,98200
user568128803916578893,97800
user4509285476403753356,105000
user2408590179918876620,103100
user1570969371824576090,100900
user3200103808959087099,104600
user802680154958559919,102400
user3011211189239814572,99900
user7822927091328317800,99100
user5555226922882994267,107300
user2137085698643499022,101100
user2304880663629625936,100400
user7096160138808939310,97700
user2769515498912162190,106700
user5609368229733496901,95900
user3777832341865107185,102600
user6778665526385498233,101100
user8847324007169785747,101800
user413844241771812360,96600
user1120734727894141444,100900
user7746786523938230540,96400
user1745130400366392029,101900
user1000385178204227360,99700
user8510171243567137147,101100
user4710567006113351167,102000
user8879579138088216852,99600
user3634828585982082826,105600
user6257649542203897553,101700
user3519506863605734988,97000
user4590890501543090628,100100
user2543558236178734195,101200
user2855818523366464929,99500
user5256258723318782031,98600
user1913928238470773267,100400
user5404395537125701422,103200
user3588379761633694210,108600
user8963424005276115916,100500
user674066344958693583,98800
user1231028622956923036,98600
user3258712982611015531,97700
user8170230494699484093,104300
user6528375747749292820,101900
user128499529656473602,103900
user2776659838197833546,104600
user8896437486706722135,101900
user4067644920781871741,101700
user8868868537807558711,101900
user5563821011191547298,96800
user7072947543930442788,104700
user9599728989441193,100400
user2297736324343954580,100200
user8191556710119415174,108300
user4417188166201599826,99600
user5446819407278778116,101200
user1926318720287852752,101000
user2767847434671438632,99900
user8164984352168075964,100300
user456933303047358288,100100
user1357184275690385697,99300
user4715813148644759296,96400
user5113586367261112652,103800
user9208467641380913200,99500
user5562701090167266402,102200
user4011823732394947763,96300
user3579225712813000731,102600
user463972411722700858,101300
user8457368172958757292,106100
user50460765512123115,103300
user2391513516082529454,105200
user4300746522800971092,98500
user606644767780370237,99600
user742172784552368260,98600
user5481314380245771013,105800
user3208697897267640130,102400
user4520337721978710062,98500
user5179452964806225537,98900
user1962823402789867772,98800
user3688741332145799992,98500
user4810928576625456949,107600
user1815683179930772595,98000
user2918553918525520594,93500
user5504538792419965321,102700
user4391505596761001843,98600
user7231358327582336554,102900
user1321239553700511125,106700
user4084503269400377024,96900
user3827847427208482586,100800
user3201223729983367995,103500
user1676358769650248118,101500
user4405015999602362224,101000
user3897061970530740373,100700
user1799944752336548208,103600
user653641735345201515,98100
user3606358031276480389,105300
user3817355142145666328,101100
user3313527334581171710,103500
user1083451769662144093,98500
user7180005005996838374,103100
user6702638043602924070,102400
user7219186160983098952,100400
user7574865337444976393,99400
user4101361618018882307,97600
user643709410794525705,102400
user2935972227656166325,101900
user2849452459810775904,101700
user5987370212563129637,97900
user1154451425131152010,101100
user3837561436541316513,94600
user5233812586874570054,99800
user6860830512036975953,98300
user2638455348941589965,102500
user7560465146092874785,98400
user7346120089446543944,99000
user537200091944572781,100000
user402791996196855654,100400
user3262291060901700102,100200
user4088629490907504257,104000
user1478872061622422560,101400
user4887069144015544209,101200
user8491644830707908306,100200
user3662292304270917464,105000
user6294154224705912573,98800
user2470890516469002720,104500
user9043577709565817312,93100
user8276179853037296569,96500
user2996251037375572516,104000
user6984416494723276043,98500
user1186041364927113881,100200
user8483598885615797937,102500
user5679361048785737019,103500
user5327589778613144928,98400
user8007693489540463094,101300
user5119610785522503112,101000
user3947637016386256222,97000
user291378180109793166,103000
user4767621200132069138,103300
user4277863755921075349,100900
user2070659140586245689,101800
user2412498086208161970,96500
user9004054909285258169,97500
user1117386782116996542,108600
user3886456600860411018,100900
user201727209878345525,100100
user6835378075109917639,98900
user9221418083710133133,105200
user6158626207933914550,99300
user8203168916206512328,102700
user8885726886426063994,101300
user975274386571467611,99700
user6015175576146262840,109800
user7136461214819480784,100400
user7851397646033920237,106600
user5095048137106186025,97500
user6653411479458474585,99100
user9099730297778096270,93400
user5817688868118437282,97500
user6279194072841670517,99000
user3413670589875435609,100800
user4393745438809563635,99400
user8038952029511069985,101200
user6267363551536731480,97700
user7508438779387723060,103800
user8016847538361156573,98900
user5245206477743825325,106100
user1621544417680091939,99100
user6504591375062958064,94700
user2734130737434428066,103400
user1930226626577138102,98800
user2820308859985519922,106300
user8874674640851107288,106000
user7458983654556488107,105900
user6077021182794577278,102000
user890309598359287651,100800
user9098392061535973491,102000
user7965599447385987179,99000
user9083213594453889552,103700
user1577895395892405563,107200
user6962871964085503079,102500
user5525978092447409499,98200
user4639567350644343250,101200
user3221989984891158628,99200
user1242640829044020190,105900
user6564320469739167392,100100
user7373252407910023602,99600
user6882935003186889365,100000
user185428821771980690,102200
user515655561306799817,96100
user7710623486730514085,97300
user4941210450866046843,97800
user7613828177213395088,99200
user4998264644884764814,97400
user7968057604652390854,104800
user4384031429476729708,98800
user7637725634507242941,102600
user676866147519395823,109900
user7692645217087727906,105900
user3916378476415649331,102400
user5145841498179543757,97200
user7812994766777641990,102500
user3293662685479820090,100200
user4886509183503403761,101400
user6644257430637781106,99300
user1132346933981238598,110700
user6494659050512282254,96400
user5758519733954368402,108500
user6522569644705744243,106100
user3882661779178638765,104000
user2047446545707749167,94800
user1973875648364824478,101700
user461619485066625969,104500
user2304102387899643605,103900
user4657545620287129429,98000
user6184638605373113312,103700
user8845644125633364403,99600
user8494432815972912760,103600
user7687180759338477894,99400
user286350352796226920,101000
user5977437888012453827,100300
user1914146553688615150,102700
user4902807571609768596,102300
user8241124919558163224,101700
user4528371849775122645,96800
user7032533383312388217,99000
user5634260706148414767,100800
user2628523024390914155,101200
user8868526892513260146,98500
user8259103189200949403,96900
user5364094461115159948,102800
user3195199311721977535,102900
user4263463564568973741,106000
user4593130343591652420,103000
user5322343636081736799,103000
user1855205980211331738,101500
user8606406592572115696,95500
user2192906887030423000,104000
user1448173482163956117,105800
user3220870063866877732,97100
user4326977235458011737,101200
user5509224974439233002,102200
user8395969442215070205,97800
user6244699099874677620,103000
user5310731429994639645,103700
user2780007783974978448,101800
user7976091732448803437,99900
user5088133930334054338,103300
user6053796770620382970,101000
user7690187059821324231,98700
user7681592971512771200,109200
user368515338447704640,94300
user8631859029499174010,99200
user2452239201706562996,103400
user2732450855898006722,99400
user6862510393573397297,103000
user5233594271656728171,97400
user7834757612633256837,104700
user7383963008190681743,99700
user8654523481161227870,99000
user701976939152155572,96600
user105162032874766197,96600
user7170290996664004447,96700
user1259280862444683590,104400
user3073729841007782555,99500
user5109118500459686854,99400
user3788666272222222008,98700
user2408371864701034737,99600
user2155063968286285201,106300
user3865472030734778502,94400
user2811609541066638105,100100
user5788098392388553949,101800
user7384304653484980308,102400
user7212041821697427596,102800
user8066302663192391526,101400
user4129043651525558828,97900
user3761533953758742350,99000
user6735234819815653740,107600
user3322351555403264410,96000
user1746798464607115587,99700
user4063177053980445943,98500
user7752705711589292214,95300
user6027006097451201877,102800
user6086175231615270757,95300
user2256545459822671879,100200
user5461449731144419393,97300
user4960640041358468898,99500
user1825055543969307957,100200
user4904705768364031823,97100
user6431580438232173823,100700
user2200051226316094356,102600
user2880929314999224678,102200
user4379893390673904689,104700
user9134006955527247284,97000
user7429964956634443008,103500
user1708395585350837340,97800
user8370517005288011891,103100
user1849399877167783161,101100
user2381021231019713196,97700
user3551875079131679190,106400
user905829710735670155,100000
user6797535156365779840,105100
user5598875944670680643,104200
user903601685982806149,96900
user4504039333872345227,108600
user4014841850173491886,106100
user2578613169657867540,100400
user3775934145110843958,97400
user6163654035247480796,103400
user3820703087922811230,96900
user7157787430239411865,99900
user2648947634004406223,102800
user7714749708237641318,97200
user5021147411764660557,101100
user5356620293830887813,101100
user8858594567962584336,100700
user7347240010470824840,103000
user6999936607099658547,101400
user7281486497533225052,103900
user55146947531390796,100600
user1248446932087568767,103000
user3233602190978255782,94900
user4872108992151302153,99600
user6563760509227026944,97300
user6906937691091066004,101400
user3128772753664724202,101500
user6616346836444319117,99000
user6746287065390610446,102000
user3342557849798914595,102100
user1622322693410074270,101100
user2512859656720267752,101100
user1595532020240893177,95300
user4936855668672134142,99400
user8527807867915624761,99900
user5906998193055586358,107600
user8564312550417639781,98600
user4334576304645494755,99000
user3298908828011228219,99400
user2002677602895781895,100400
user703428260001791448,100900
user8621025099142059187,99500
user4507387279649490129,97200
user512867576041795363,105400
user3218642039114013726,99900
user5049171090565635643,98500
user6368285082560977710,102400
user4576271994973147137,101500
user8038610384216771420,99400
user4993236817571198568,99900
user5570187074747236323,97000
user6806576120578960222,97700
user7362418477552908779,101200
user8627172847479906329,96900
user3673562865063716053,101900
user2187879059716856754,99200
user2281656251455431628,100000
user7097280059833220206,97200
user6406687961817255957,104400
user5741548300728350022,99000
user8533054010447032890,98300
user8042518290506056770,101700
user1787212625225170158,100800
user301870465172609424,102100
user8562644486176916223,102600
user7953987241298890025,101300
user5008415284653282507,105100
user5789778273924975293,97300
user5360746515338015046,102600
user1962263442277727324,104000
user3732172038715644485,96100
user9101970139826658062,98800
user5268649205135861516,99400
user4029802002037733942,94800
user1310187308125554419,99900
user4972812207957706500,102400
user9101410179314517614,102700
user8039730305241052316,101500
user7389209150722089872,104200
user4879035016219131626,104400
user3018137213307644045,106100
user1757850710182072293,99300
user6510957438618647089,98600
user7540040536479382717,105600
user2286684078768997874,105500
user6636553130839969302,101500
user1325365775207638358,101800
user8191775025337257057,100600
user5953995160620417636,100900
user8517097267634966620,97900
user3701473459257178042,98500
user6228847587672940136,94400
user6280313993865951413,95200
user5074281882198395392,105100
user6873002678636213555,98000
user4981064650971960966,103900
user3911132333884241202,100600
user4653637713997844079,103200
user7473613978422129384,100200
user138431854207149412,95700
user8069308963675237863,104100
user4046878665874081108,100000
user6712352052935757997,99800
user4199265031264584414,104600
user4992676857059058120,104300
user1177447276618560850,95500
user1686851054713064376,94500
user1352156448376819451,102100
user312362750235425682,100500
user5292981721038638934,102900
user8405341806253605567,99500
user71786980932054196,97400
user4289134316713873938,105100
user2699181034565623507,99800
user3690981174194361784,98000
user1447613521651815669,98900
user5017569333473975986,103100
user7510336976141986287,101500
user3368228601943814792,102800
user4325638999215888958,96200
user7609360310411969290,100700
user2857486587607188487,103600
user7829511470101848708,96800
user1828963450258593307,97400
user4051906493187647354,101500
user4224500724800555046,93800
user5321565360351754468,97700
user1594972059728752729,97900
user5449277564545181791,104900
user843094315576614490,105900
user1774262182895950225,103500
user9010980933353087642,105200
user1464471870270320952,104900
user8621926704948498200,97500
user8682652390572531742,99300
user6212767514784417184,106700
user3107446538244793121,99800
user7608022074169846511,99000
user702536899664296020,98700
user848340458108022619,97500
user4978058350489114629,100000
user3506774736494356938,99600
user236676912747150084,103700
user1132005288686940033,100200
user7566271249136423362,98300
user6278634112329530069,106400
user4022875977969904469,100100
user7528988290904426011,105600
user8383797275615832603,100000
user1494610489216646947,99900
user8003442366130124978,95900
user7803280757444808063,98100
user7218407885253116621,101700
user4338371126327267008,97500
user2292708497030388334,100200
user6442072723294990081,97600
user1043255924261931405,102100
user3811549039102117751,102000
user221043715763254483,103100
user678204383761518602,98100
user7098959941369641550,97000
user4030580277767716273,103800
user5636271987510191091,106100
user6894765524491828402,97300
user2519225720275956777,104400
user8824317910213433322,100100
user8669141987731171361,104300
user7538142339725119490,104300
user8290798359607240060,107000
user4299408286558848313,99000
user1424949069989761809,102200
user4479476685456028140,100900
user6191564629440942785,98300
user4449224981902189048,105600
user7224432303514507081,94200
user7563813091870019687,100900
user2226841899485275449,98400
user1119614806869860548,96500
user1946525014683502937,99700
user5610488150757777797,98700
user1798264870800126864,103600
user5890699804949221523,92100
user6768173241322681975,101100
user4552156222461457401,100600
user8154273751887417823,98200
user6782791747892625466,103600
user6702419728385082187,110500
user5086235733579791111,100600
user5681040930322158363,103500
user1721127712462215390,104900
user4822653867320067200,101300
user6769511477564804754,97600
user5002390866391892047,100400
user5707053327761357125,93300
user3449285483866709402,106700
user2175488577899777269,101900
user8426886336891378531,101300
user1836449434838563228,100400
user7834539297415414954,104300
user7779496384758473307,102200
user2167454450103364686,101100
user501255369954698209,100500
user859952664195119773,106400
user7345901774228702061,103800
user6958733925282678060,102900
user5915032320851998941,99400
user8341486490070269006,100400
user6076242907064594947,101500
user2710014964922738330,101900
user4302974547553835098,107400
user5339761945212382530,95200
user1603566148037305760,99700
user3771247963091576277,101100
user6846990281197014793,101000
user8583182180397921388,105600
user4986652438797667660,99400
user6350648458212490096,100600
user6994348819273951853,101300
user1755062724917067839,101500
user5172413856130882967,100300
user1456985885690351031,103300
user2618809015058080228,98500
user5300799105443963835,99300
user3237946727703224898,103700
user5912804296099134935,99100
user1135913194976225383,97400
user6327310961430782691,102900
user4510405397428034252,99700
user1696783379263740186,101400
user1127100791449830469,100300
user5833427295712661669,96800
user3248780658060339721,102100
user496009227423290080,104200
user8037272147974648641,99300
user6682773394501572450,99500
user3463344029924512445,106600
user5964487445683233894,99800
user1010659148049201735,93400
user1056319451198664435,99900
user8780897449112532414,106500
user6882375042674748917,99600
user1875743674432336903,99700
user2856926627095048039,98200
user9168831756492840960,105700
user8688571578223593416,100800
user7109670541650299691,104200
user230976040313930293,104400
user2830022869318353849,100100
user6469423356976311622,104800
user7290080585841778083,104200
user6861950433061256849,97900
user3282828755122705267,103300
user6268141827266713811,97500
user7415894593280942179,103100
user1999546400509724675,100000
user6506831217111519856,101200
user7119944511495274066,104000
user4075349220579683545,101900
user1104996300299917057,101400
user8584862061934342732,95300
user8456476812621261864,95700
user5703705381984212223,104400
user8293598162167942300,95700
user7065243244132630984,97400
user8896219171488880252,100700
user7322677362054507753,96100
user7675786868469222623,102700
user7651671095957532887,100200
user3525644366474638545,100500
user7428845035610162112,101100
user1209265777101308189,104800
user6779785447409779129,107100
user6817628366153916928,99000
user2049674570460613173,108100
user1848061640925660382,99900
user8908049692793819289,99700
user6379337328135934416,100500
user5932108984688346107,99700
user274519831491287883,101900
user5690194979142851842,101100
user7574305376932835945,101800
user5802168755742054778,100800
user2355008833580514434,100600
user1208705816589167741,106100
user1940937226857796243,102000
user906949631759951051,102300
user4532509888577947664,100200
user1093602409430661786,103300
user4257657461525425164,107700
user7043243983593046358,100200
user7707045408439829514,100600
user6984976455235416491,101600
user7039790807205572670,101600
user2574600032758253404,98500
user6999035001293219534,96900
user1074297720841450614,104700
user6576824036163759974,106000
user8532835695229191007,100200
user1507000971033726432,100300
user5796922613210646649,103100
user3821823008947092126,96700
user480270799829065693,101200
user8960965848009712241,103300
user3003737021955542437,104100
user6054916691644663866,95000
user7485226184509226538,103100
user7021481137737431511,103100
user4960080080846328450,101400
user6306326391305150175,97000
user890869558871428099,99000
user6756779350453426704,102100
user2754896992342218699,106600
user8357784878176633841,102500
user5032872702459270808,106500
user5764325836997916979,100800
user4745175063687857161,102600
user3927990682502746485,104100
user6037280067296176252,100900
user4189332706713908604,103200
user2529718005338773035,102500
user2640353545695853192,101400
user7973863707695939431,96600
user6289468042686644892,106000
user1729940115988610304,99600
user1924078878239290960,103700
user8714024015150651730,96700
user6475229460019860199,102900
user5686847033365706940,100300
user3573419609769452154,106800
user3963935404492621057,100100
user3713085665344275196,99400
user2745742943521525220,93900
user5382851006487928458,97500
user6805456199554679326,99400
user2474456777463989505,97500
user6781123683651901908,98600
user6131835534764733457,101000
user8257423307664528059,96700
user6732228519332807403,97700
user2544678157203015091,95000
user2099689655803988574,100200
user733578696243815229,102800
user3212275975558324701,99300
user4993796778083339016,103200
user5675234827278609786,96200
user476579636930868025,95900
user127939569144333154,106300
user3986599856154674917,100300
user3848272036821974654,96400
user8610874459373541494,106100
user1060114272880436688,102400
user3776494105622984406,107700
user6295492460948035352,99100
user3146409378013211816,101200
user7110230502162440139,99100
user2866870768941421635,103000
user9189941228521684359,101600
user4650059635707159508,104500
user1196533649989930139,102500
user5455083667588730368,105100
user2265139548131224910,103400
user6778105565873357785,107600
user1722465948704338169,95700
user4150929827457630357,97700
user1115488585362733315,98900
user1929884981282839537,99600
user2971140245742812767,106100
user4337251205302986112,100700
user7497946494324906802,100000
user1200111728280614710,102300
user7802160836420527167,97900
user6327870921942923139,101700
user2073677258364789812,97000
user527486082611738854,101600
user983308514367880194,102700
user8620806783924217304,95700
user2980512609781348129,102400
user8037832108486789089,103500
user677084462737237706,101100
user184868861259840242,102000
user2028690000334980657,103400
user6768391556540523858,102200
user27236353337928807,97900
user8440396739732738912,99800
user653081774833061067,105000
user6037498382514018135,103100
user6744388868636347219,101700
user5695441121674259971,96500
user1749038306655677379,103000
user1720786067167916825,93900
user2061505091765552210,101500
user1378728806328158661,102700
user8053010575568873028,99600
user5259824984313768816,104700
user6594242345294405705,101700
user4400329817583094543,100300
user2677636503927850543,101000
user1247886971575428319,95800
user3805742936058569174,96700
user6169118492996730808,98900
user8783903749595378751,97400
user5233034311144587723,99400
user2014289808982879049,101900
user4619142741030851182,97200
user1152771543594730666,106400
user1114928624850592867,100900
user732458775219534333,100100
user6032812200494750454,97200
user5210929819994674311,107100
user8938748272252285732,102400
user3117938823307609379,100800
user7435771059677991585,104000
user2051354451997034517,97900
user8384917196640113499,105100
user4543002173640763922,95600
user658327917364469196,98000
user9032525463990860606,96600
user6051898573866119743,100700
user2996810997887712964,100700
user2985540437094914375,97400
user7880759561077018102,101900
user2217582620054253184,101600
user7509558700412003956,106600
user6493320814270159475,102900
user5486902168071477707,101700
user5601103969423544649,106500
user1747358425119256035,98000
user1578455356404546011,99200
user7817680948796909671,99900
user1155011385643292458,101600
user1804630934355815889,103800
user2242475096469171050,100600
user5816568947094156386,99300
user8993002663710301463,102100
user8106716823810446097,99400
user847780497595882171,100500
user5947069136552588163,99200
user2824776726786945720,94700
user6515985265932213335,100800
user2062625012789833106,105900
user914653931557762855,97200
user7470595860643585261,94300
user4911071831919720848,97900
user1594193783998770398,101500
user1422937788627985485,102100
user2006585509185067245,103800
user2956509921877171490,101400
user2211663432403191510,104100
user8701738763943901031,100800
user6223819760359373890,98600
user7089245932036807623,102200
user4067084960269731293,93000
user2392851752324652233,106600
user6164432310977463127,100100
user6709004107158613095,102200
user8190436789095134278,101700
user189006900062665261,98300
user3924412604212061914,106000
user8929147347526964902,100700
user2678756424952131439,104000
user3915040240173526552,101800
user2440968640913764407,101400
user633435440949551330,103100
user5262843102092312939,100600
user8997140702513126482,101300
user3070163580012795770,101000
user6532501969256420053,104800
user3297675822379434226,97100
user4719504311542956964,102700
user13177807280125764,101100
user6466530141100978382,103300
user2642581570448717198,102700
user7695993162864872808,105300
user8043078251018197218,105900
user7948181138255341448,101400
user3095056056427713636,101100
user6942322452568800128,97200
user8819071767682025193,98100
user2089197370741172316,109500
user1106894497054180284,100000
user2254305617774110087,101300
user7753152587493919565,99600
user8452681990939489611,100700
user7109452226432457808,103000
user7812653121483343425,100600
user1836667750056405111,101700
user3029967734612583082,103800
user1205917831324163287,104100
user4462505252230009760,101900
user4552374537679299284,101100
user5261163220555891595,98900
user2505715317434596396,104900
user5124638612836069358,96700
user6170238414021011704,101800
user338593462892466327,102600
user7912578061559765441,101700
user8120557054650407257,95500
user5497612768352135848,101200
user7350587956247969742,108500
user7423598893078753983,102000
user2276191793706181616,99500
user166342448400611401,101300
user5838673438244069798,100700
user6476462465651654192,104100
user1104654655005618492,101700
user4039734326588409752,98500
user4287796080471751159,99600
user4677410269388481049,100300
user4305992665332379221,98600
user2281997896749730193,104400
user4175492475873947444,99100
user1840015695833550013,99700
user4140437542394814099,100300
user6085055310590989861,106800
user7390329071746370768,105000
user1703149442819429211,96400
user4178840421651092346,103300
user3679928928619405078,97700
user2078363440384057493,96900
user8859154528474724784,101700
user982748553855739746,99800
user951271698667290972,95000
user2171362356392650036,102300
user8213879516487170469,107300
user7635372707851168052,93500
user7382064811436418516,101400
user7537800694430820925,97200
user6460610953449916708,100000
user2758463253337205484,100100
user2867978872670004745,100500
user4173812594337526100,101600
user8719830118194200307,104700
user3871496448996168962,101100
user1984586248645482619,102000
user9093924194734547693,96700
user4518999485736587283,101900
user1018363447847013539,102800
user3072951565277800224,103500
user3437113317267471800,102400
user251295419317093575,97400
user2267037744885488137,99500
user3601330203962914143,102200
user2630421221145177382,99100
user8009361553781186652,96100
user1282276713932092430,98100
user968908323015778586,102000
user5597537708428557864,108900
user479710839316925245,100300
user7767552778846021173,98500
user190674964303388819,103000
user7156667509215130969,98400
user1635167905128965417,98300
user1413118548684822772,98700
user6893987248761846071,102800
user2188998980741137650,101500
user3789444547952204339,99900
user958975998465102776,103600
user5652912020910854491,100000
user1452081388453241467,105000
user6960973767331239852,99800
user3002057140419121093,99000
user5257036999048764362,101900
user5339201984700242082,100300
user2192346926518282552,104000
user1763656813225620870,103400
user2241242090837377057,97000
user2372975285927602827,103500
user819309942890279734,99300
user1969967742075539128,92700
user8697052581924633350,101200
user3016457331771222701,100400
user5859658008369702314,100300
user708456087315357694,101600
user1279705472058175658,96900
user4381791587428167916,99700
user2633769166922322284,101000
user9009861012328806746,103800
user4139877581882673651,100300
user6983296573698995147,102300
user2770853735154284969,102100
user5464237716409423847,101200
user401112114660434310,95000
user7325135519320911428,102100
user983526829585722077,100200
user8642911275074130716,104900
user6416060325855791319,102300
user7835317573145397285,98600
user4986310793503369095,98700
user3106326617220512225,100600
user1587267759930940925,99000
user2406132022652472945,103500
user6556286341942754809,98700
user1094722330454942682,103100
user4369961066123228879,98600
user5375146706690116654,101200
user6880706978434025359,98500
user3991286038173942598,105200
user1232708504493344380,99700
user701416978640015124,103200
user1726032209699324954,102900
user390401514379776169,106900
user1585039735178076919,99100
user5732724079906257322,99100
user5238840414188136300,102900
user8554380225866963971,97400
user8643471235586271164,97700
user1813784983176509368,102300
user7938808774216806086,104500
user4666358023813524343,97300
user6392617598463755128,101800
user8984750220696046997,98800
user8076453302960909219,99700
user8142879861018162552,98700
user7840003755164664966,98700
user6086735192127411205,100600
user1346691990627569439,101900
user3408642762561869363,105000
user5813780961829151932,103900
user5106100382681142731,97900
user4741608802692870376,97700
user2901135609394874863,100200
user8509051322542856251,98500
user3378172743790188388,104200
user6426334295700765694,103700
user4755667348750673419,106700
user1497068646483050622,105500
user1585599695690217367,104300
user6898673430781113752,99300
user5690973254872834173,106400
user6928263906510997085,100400
user6838166060374922093,100200
user4072331102801139422,101500
user8762359218957605787,97800
user2280877975725449297,109800
user3465023911460933789,99000
user8491084870195767858,102600
user8041958329993916322,104800
user5817907183336279165,110900
user8472328324822999348,96700
user7125408969244524078,105900
user69547138883492404,109600
user1322907617941234683,97200
user2312914791426038519,98700
user4162760348762569394,102500
user5012323190942567857,101400
user4107386036280272767,104300
user2771413695666425417,100100
user2027570079310699761,99900
user5559134829172279617,101000
user6579498936821251331,99000
user4905825689388312719,99400
user7167719754790087675,97000
user6328089237160765022,105700
user38070283695043630,98300
user3360194474147402209,100100
user649173868543775717,95800
user6054138415914681535,101500
user6459491032425635812,100500
user2645039727715120873,103100
user6048332312871132958,97000
user4779451721437008175,97700
user3259272943123155979,100300
user6015393891364104723,96000
user1111580679073447965,100000
user4053804689941910581,99400
user1220318022676264895,97700
user2052692688239157296,101100
user4239119231370498537,107000
user3778392302377247633,98300
user6088073428369533984,99900
user7235266233871621904,99900
user8026779862911832383,103700
user516775482331080713,105200
user1005972966029934054,99800
user3001838825201279210,104500
user1019483368871294435,101100
user5973424751112839691,98700
user4418856230442323384,99000
user6968678067129051656,96700
user7031631777505949204,98000
user846660576571601275,100000
user8906711456551696510,102000
user6973924209660459785,105300
user8280866035056564250,97800
user3348582268060305055,107100
user2710346364748093310,99800
user6284440215373078646,99600
user3607477952300761285,102700
user3102200395713384992,100500
user6390389573710891122,98800
user8538641798272739584,102600
user1509788956298730886,99900
user1226342440937655355,98400
user9031405542966579710,102600
user1915266474712896046,104800
user531393988901024204,102900
user5450397485569462687,99700
user4298288365534567417,96600
user3699793577720756698,102800
user6720616313245710249,103900
user6042526209827584381,110400
user4506267358625209233,100800
user1109682482319184738,100400
user3046047807501106034,105900
user6521449723681463347,98700
user4594685323224862881,97700
user2379901309995432300,98200
user8511291164591418043,101900
user7280366576508944156,95800
user3379840808030911946,102100
user6779225486897638681,102800
user7111350423186721035,104400
user8742152924561955602,108100
user7093153838326092973,97200
user3788884587440063891,102300
user2362369916257273472,98700
user5716425691799892487,93400
user6439066422812143744,96700
user820989824426701078,99300
user4241359073419060329,99800
user902263449740683370,102400
user1661398617786006062,105300
user5471942016207235651,98800
user7725241993300457576,104300
user3134237211413974214,94300
user8520663528629953405,103600
user3270325188698112685,98400
user7448491369493671849,101900
user7512129942285920728,98800
user834157010147008693,103500
user6470874677825947498,105200
user4382351547940308364,98900
user8166664233704497308,103400
user8454236970572700072,96600
user2850012420322916352,100600
user6003563370059165686,99700
user2314253027668161298,102000
user6238779912223615946,99900
user4112413863593839013,108900
user2028908315552822540,99800
user3573201294551610271,104800
user1095282290967083130,94600
user3847493761091992323,106700
user1452859664183223798,103300
user4465076494103926532,94800
user199499185125481519,95900
user5525523362545597837,103400
user9220858123197992685,96900
user7985029037878409234,103300
user6855584369505567824,95500
user3710845823295713404,101900
user9088459736985297681,99100
user770083378745830249,101600
user565110686138034770,101700
user2815062717454111793,104300
user2506275277946736844,96900
user2792739911086356498,107500
user2325086958025276121,99400
user4074010984337560766,100900
user3388105068340864198,97800
user5479976144003648234,102300
user2974706506737799552,100600
user467538672717687643,102900
user4163320309274709842,97500
user4178280461138951898,101300
user8864400671006132913,97800
user6997136804538956307,104500
user5345568048255931107,97200
user8832363855305543691,95800
user3688523016927958109,103200
user5436327122215961858,98200
user553498480050937616,97800
user1698681576018003413,99700
user2897227703105589513,97600
user4792172031252688439,101000
user6983078258481153264,102100
user305996686679736657,94200
user36950362670762734,104100
user5042473627184591638,104200
user8885945201643905877,103500
user7908110194758339643,105600
user2803232196149172756,103600
user3733851920252065829,98900
user8202048995182231432,103300
user5359408279095892267,108600
user6064630700977497793,102900
user5696561042698540867,102300
user1017803487334873091,95200
user4640905586886466029,95800
user3721679753652828227,103400
user2392073476594669902,104000
user7551092782054339423,101500
user8286453822882270944,94700
user894217504648573001,102400
user9199313592560219721,106200
user7250444700953705843,97300
user8583523825692219953,102100
user2325646918537416569,99300
user8985528496426029328,96400
user6894547209273986519,103700
user2464524452913313695,97400
user5850503959549008835,106100
user7701799265908421385,98500
user4031700198791997169,96800
user8495211091702895091,97700
user1924980484045729973,105000
user8115310912118999128,101500
user2606418533241000743,96800
user5001830905879751599,101800
user5346128008768071555,100700
user8846764046657645299,106700
user240690049646764220,98800
user8987756521178893334,99300
user7373470723127865485,102100
user3487128402610847201,98800
user2121234186441761538,99800
user539098288698836008,104000
user5799710598475651103,104500
user8744392766610517394,96600
user1195425546261347029,98600
user8929034262919451805,99700
user8629071044234169556,101800
user7576763534199239620,104700
user8758451312668320437,97900
user6735794780327794188,105800
user1753724488674945060,95500
user6407807882841536853,105100
user2100809576828269470,103400
user7054409313775516161,99200
user5128204873831056143,98100
user236895227964991967,103100
user2254087302556268204,99200
user5346687969280212003,105400
user5075961763734816736,102700
user8128261354448219061,101400
user5397251197840030066,97000
user8192676631143696070,105400
user780015703296506059,99900
user6509059241864383862,101200
user8482260649373675158,100300
user857494506928716098,99400
user7982457796004492462,98000
user8780337488600391966,101800
user5948749018089009507,102400
user1808538840645101239,101800
user9186363150230999788,101700
user1142279258531914408,98400
user970028244040059482,103900
user2198153029561831129,101800
user554836716293060395,109800
user6389051337468768343,101900
user8769503558243277143,100900
user6562640588202746048,105400
user7701239305396280937,100900
user1110802403343465634,101500
user4882382961996276528,99400
user2666024297840753389,107800
user4764821397571366898,100000
user289698298573371822,103800
user3569075073044483038,98800
user8511851125103558491,97200
user315380868013969805,99500
user2524471862807364906,94900
user253193616071356802,102500
user3108566459269074017,105000
user5824833207404108638,102500
user112201141550108767,105300
user1320679593188370677,102800
user8636545211518441691,103000
user4689800751205560534,98700
user5950647214843272734,101300
user4531171652335824885,105200
user3338089982997488797,101500
user1493490568192366051,104100
user2110181940866804832,103700
user8485278767152219281,101400
user6877907175873323119,98500
user2276410108924023499,103000
user2644261451985138542,103000
user4047438626386221556,102900
user9020913257903763452,101100
user6231418829546856908,104500
user8050782550816009022,101000
user7697113083889153704,102200
user4349194811215438246,104300
user49682489782140784,100300
user390961474891916617,98200
user7198201590857466436,94200
user5778384383055720022,105400
user3810770763372135420,100600
user5881762499519615726,98700
user7009868931650334357,101900
user3474737920793767716,100100
user2810158220217002229,100500
user2587767218478561019,100700
user7486334288237809648,99900
user539439933993134573,105600
user3084563771364897378,106800
user666592177674421448,97800
user7430524917146583456,98200
user3017017292283363149,111000
user3269205267673831789,103200
user9189381268009543911,101500
user2424110292295259124,98700
user7839225479434682635,102500
user1184373300686390323,109200
user73685177686317423,103200
user4859718510334222668,100100
user7323237322566648201,99800
user4715366272740131945,101400
user8406680042495728346,104500
user1996871499852233318,98000
user8004893686979760854,99800
user1847719995631361817,105100
user8670261908755452257,103000
user5573193375230082660,97600
user7188269266306790626,102200
user773649639740817034,91700
user153951966583531916,98200
user1572867568578839317,97100
user5030519775803195919,104200
user5601663929935685097,105900
user2518665759763816329,101700
user2072339022122667033,104800
user3174433056814186902,100000
user6870762836587651763,106300
user9131548798260843609,97800
user2940876724893275889,101400
user1819591086220057945,102400
user4053244729429770133,96800
user6234985090541843693,100700
user2666365943135051954,99400
user7323797283078788649,104100
user5361866436362295942,100600
user8835370155788390028,101600
user7582569637242788197,98900
user205305288169030096,105900
user2458386950044410138,104800
user5560473065414402396,100400
user1073737760329310166,105000
user472453415423740792,103700
user1407199361033761098,97500
user7385642889727103087,100400
user7571299076449989608,103700
user3091708110650568734,99300
user5119392470304661229,100500
user944232589991948402,100600
user6753213089458439919,96000
user3232700585171816769,101700
user1576775474868124667,103700
user1721905988192197721,102300
user8509611283054996699,104300
user7028625477023102867,102000
user4280870056403921686,103300
user1298015141526316817,100600
user4993018502353356685,101400
user3533565409663538031,98400
user3021703474302630830,98700
user9125182734705154584,103200
user832042070001657784,98700
user6154499986426787317,96600
user4551596261949316953,98000
user7394796938547796566,96600
user4452012967167193502,100200
user7781176266294894651,99900
user4702086002412311233,105400
user6872661033341914990,104300
user2157522125552688876,100200
user4928043265145739228,105600
user8947685577681891529,100600
user3424941150668234198,99900
user2629861260633036934,99400
user7613268216701254640,106700
user2291930221300406003,100600
user5711179549268484358,101800
user6408915986570119963,102800
user4190670942956031383,99400
user2633209206410181836,97400
user5354162136564484138,103300
user6252963360184629872,101800
user265925743182734852,98000
user2502367371657451494,103500
user5322125320863894916,101400
user3588939722145834658,100400
user2931057484950113176,99600
user7274229073640040599,105400
user4803784237339785593,101600
user3122625005326877060,102300
user52688790264987121,101800
user3212835936070465149,103700
user4180178657893215125,101400
user341724665278523547,100000
user2844206317279367775,110100
user7223654027784524750,102200
user2111861822403226176,106200
user7232478248606617450,98600
user2419424110275991443,101900
user5476409883008661449,101500
user6420528192657217117,101400
user6748526907439172238,101800
user2996592682669871081,101800
user8630179147962752666,105900
user2958749763925733282,98200
user8698503902774269226,101500
user3956449419912651136,99700
user4766501279107788242,98100
user4800996252074781139,95000
user4388717611495997389,98300
user8905031575015275166,100300
user8522343410166374749,99800
user7687399074556319777,103400
user5800830519499931999,100600
user1700921418066565205,103100
user4238227871033003109,98500
user3172534860059923675,102800
user6832919917843513964,101200
user5208141834729669857,103400
user2580406135801801981,99200
user4281989977428202582,102900
user7791108590845570461,105900
user7732168017368287049,103500
user8007133529028322646,101500
user3804404699816446395,103300
user7962033186391000394,102100
user7918602479821155901,105600
user6325082936677918685,94500
user7560806791387173350,102900
user2945904552206842135,102200
user675186265982974479,101500
user6213109160078715749,100000
user6191004668928802337,103100
user367955377935564192,95200
user5333177566438851622,100000
user7158347390751552313,96100
user4190110982443890935,96900
user6142327819827549715,102200
user2228634865629209890,98600
user1577335435380265115,96900
user3123184965839017508,101200
user4821533946295786304,104600
user5201215810661840384,98500
user1418023045921932336,102500
user8396187757432912088,105500
user548252337519529487,101800
user8710676069373506828,103000
user2679876345976412335,103700
user5918050438630543064,94500
user7357172335021500650,103900
user5505658713444246217,99100
user8605846632059975248,105500
user7566831209648563810,102300
user6355334640231757777,102900
user8979722393382480751,101800
user8747959027605504179,97600
user3777614026647265302,103700
user5580337714515754016,97000
user2414396282962425197,100200
user5223101986593911913,100500
user3200663769471227547,100000
user598267422862904888,95300
user5538928534776629432,102100
user1840575656345690461,100900
user5726917976862708745,100700
user3584471855344408860,103300
user8105596902786165201,99800
user3925750840454184693,97900
user531953949413164652,101800
user2844766277791508223,94900
user1698463260800161530,104100
user7340655631697293932,102900
user8480592585132951600,109500
user7787542329850583676,99600
user5304033966613595640,99000
user8817060486320248869,98800
user5498172728864276296,99100
user8752426894406929977,104500
user246496152690312797,101100
user8214999437511451365,94600
user630417323171007207,105100
user7290298901059619966,93900
user7941266931483209761,107200
user5602223890447825545,99300
user5650672178862292699,97600
user180742639752713009,104500
user731338854195253437,102700
user6834818114597777191,99800
user8338915248196352234,96100
user8483940530910096502,97500
user6220366583971900202,100900
user4776433603658464052,98800
user3913360358637105208,102800
user8923228159875903228,99700
user8736688466812705590,97500
user1700361457554424757,100400
user7578443415735660964,103900
user3508672933248620165,99500
user5096168058130466921,101300
user291036534815494601,102100
user8390723299683662076,102000
user2957848158119294269,97500
user6112965904784451850,101100
user1770695921900963440,97600
user6621033018463586798,97300
user3198765572716964320,99000
user7571517391667831491,99500
user7572637312692112387,96600
user8878800862358234521,97000
user1688749251467327603,102500
user2324526997513135673,94600
user1734078154791435323,100700
user1825615504481448405,105100
user7104206083901049679,100000
user7725583638594756141,100000
user675746226495114927,105500
user170810315202037199,98100
user8882927083865361754,101300
user5328149739125285376,101300
user9006854711845960409,99800
user24230052855082470,94400
user2950703818833622913,106100
user7237164430625885131,102700
user1040467938996926951,100100
user6647045415902785560,98500
user5157795349560939476,97500
user7456755629803624101,103700
user6920217961418886716,105500
user8896997447218862583,104800
user3891255867487191796,101100
user6302418485015864825,103600
user1232148543981203932,96600
user1985706169669763515,108400
user7582351322024946314,104300
user8678639253672917606,99300
user2533065951115917937,101000
user8270933710505888440,103900
user6697951861583656389,100800
user9029177518213715704,100300
user9195187371053092488,110200
user8438498542978475685,99200
user2979952649269207681,104100
user7704257423174825060,101500
user6981398376944731920,99300
user4074789260067543097,98200
user6317378636880106881,97600
user5828181153181253540,102400
user6399761937749426484,98100
user6591224227515861582,99000
user6542775939101394428,101700
user543566155500261806,106400
user1901974387089377548,99000
user8231410910225329297,101400
user7030853501775966873,100400
user2577274933415744761,97300
user5439345239994505981,102200
user6866636615080524530,102600
user3046720852620759579,100700
user6619353136927165454,103200
user5940154929780456476,108100
user452247121028090607,102800
user9045257591102238656,98900
user4333343299013700762,101100
user1116608506387014211,101100
user7589495661310617670,97300
user3254026800591747850,102000
user8407799963520009242,101600
user3407191441712233487,100800
user7164153493795100890,97900
user7178772000365044381,104100
user3221430024379018180,100500
user8493872855460772312,100000
user9197415395805956494,102300
user7773471966497082847,104800
user2864972572187158408,98600
user7765437838700670264,102000
user1589725917197344600,98100
user3754276529865557897,99300
user7312403392209533378,103100
user3589717997875816989,107000
user2139543855909902697,98600
user6379897288648074864,101700
user2056258949234144081,98500
user4086401466154640251,105600
user5722791755355581512,102200
user306556647191877105,100900
user1237176371294770178,103600
user425456447858909514,99900
user2947355873056478011,96000
user2430694671068790032,99900
user2627621418584475142,95800
user7862108246314578378,101100
user4415508284665178482,95900
user5230246325879583269,99500
user8505485061547869466,98000
user8135175561220350748,104200
user5817347222824138717,98400
user5684388876099303265,97500
user7616286334479798763,100500
user856374585904435202,99100
user1104436339787776609,101200
user874571170765063264,99800
user5914472360339858493,107700
user3292429679848026097,99200
user71227020419913748,98600
user6823765869022820485,100300
user5647105917867305914,102900
user6042184564533285816,100500
user2979734334051365798,97500
user7484666223997086090,102500
user879039037566489062,104500
user8665575726736184576,98500
user7538702300237259938,105400
user3809869157565696407,95400
user4734682778625040903,102100
user8243023116312426451,100500
user302648740902591755,105000
user8494651131190754643,101800
user1640414047660373546,101500
user3674682786087996949,103400
user6100793738185214248,98800
user3085342047094879709,97000
user4381573272210326033,99200
user7362978438065049227,98900
user3685735031662953655,101900
user8219467304312877163,101300
user296624322641201295,96900
user5334515802680974401,104500
user2879031118244961451,108300
user8720950039218481203,100700
user3997310456435333058,102400
user4527263746046539535,100600
user2782247626023540240,96100
user6971466052394056110,99300
user3256484957858151525,102900
user731680499489552002,106000
user2353110636826251207,100500
user4026454056260589040,99300
user6780563723139761460,98700
user8918323662638793664,94400
user7907550234246199195,104000
user6845310399660593449,102300
user2917993958013380146,97000
user8753205170136912308,97100
user1383414988347426342,100300
user3524524445450357649,101100
user1279145511546035210,100700
user3166833987626703884,97400
user505381591461825442,98600
user2072557337340508916,101400
user2031148157601384332,104900
user3108006498756933569,101400
user9034205345527281950,107100
user1812105101640088024,97300
user1560477086761759832,103600
user4492427127785248073,104400
user565670646650175218,105900
user5657256557635823607,103900
user3206469872514776124,96400
user8743832806098376946,103500
user5260944905338049712,102200
user8163086155413812737,98600
user1488244425660957922,98500
user2832034150680130173,100200
user8054908772323136255,102100
user7951199256033885571,99200
user3938482967565562743,102800
user380687505046942242,99300
user4363595002567539854,104400
user2287462354498980205,101400
user4525023903997977743,103200
user367737062717722309,102500
user5473061937231516547,108400
user608312832021093795,104500
user4188772746201768156,105600
user7697673044401294152,102100
user400333838930451979,102000
user5779285988862159035,96600
user1874852314094841475,97100
user9133446995015106836,105400
user2314034712450319415,101000
user6526695866212871476,103400
user542446234475980910,96200
user5372358721425112200,98000
user5772919925306470010,102300
user6620254742733604467,99900
user6229738948010435564,98300
user4665798063301383895,99300
user1950091275678489722,98800
user2643701491472998094,98400
user9150978388753265664,99700
user9169951677517121856,106100
user1719447830925794046,102500
user5585583857047162145,103300
user1450961467428960571,106100
user176616418245585776,101300
user4930158205291090137,97700
user1648895051361413480,102800
user5905878272031305462,100400
user439514993916712557,105400
user58494893308535698,100600
user2344516548517698176,101300
user637343347238836680,102200
user1739324297322843452,100400
user99355929831217620,101800
user3814896984879262653,102800
user1461453752491776829,95800
user7950980940816043688,100200
user9090917894251701356,103200
user7736294238875414282,102400
user4733904502895058572,102500
user4003229644086394732,103800
user2678196464439990991,101200
user3665298604753763801,101100
user5474730001472240105,95900
user4425782254510152857,95800
user7962251501608842277,100100
user1007871162784197281,99300
user6287788161150223548,90100
user6845870360172733897,102700
user2304320703117485488,99100
user1910020332181487917,106400
user7836437494169678181,102700
user1797486595070144533,100800
user2429916395338807701,98700
user3030527695124723530,101800
user379909229316959911,103700
user8518435503877089399,101100
user2161430031841974226,102700
user5572085271501499550,100300
user5207581874217529409,101000
user7710063526218373637,101800
user997378877721381023,105600
user9097832101023833043,99800
user675964541712956810,100200
user2833154071704411069,99400
user7813554727289782438,100800
user5041572021378152625,105300
user6938414546279514778,107900
user2164436332324820563,99100
user7860770010072455599,104800
user8698285587556427343,106500
user6176044517064560281,101100
user7530543270537636472,102500
user424896487346769066,104200
user7811874845753361094,102400
user974154465547186715,91500
user4355560874771127271,104700
user4686234490210573749,103900
user1632596663255048645,98000
user2771195380448583534,99000
user8617458838147072402,100800
user6400881858773707380,101200
user6720056352733569801,101000
user6393177558975895576,99400
user3838339712271298844,104100
user1799384791824407760,106100
user5862676126148246437,106900
user1342224123826143641,101800
user7149753302442999282,100400
user7146735184664455159,102500
user7521843951618754655,97900
user2491875086594635236,103800
user7280148261291102273,96500
user2422430410758837780,94700
user26458077607946476,103700
user533292185655287431,96100
user3832875254522048832,100000
user2024782094045695307,104800
user5734963921954819114,101700
user62072971599220269,104100
user3583693579614426529,102800
user1837787671080686007,102900
user1520841201873687592,100400
user7224213988296665198,98100
user3749808663064132099,103800
user1105556260812057505,96000
user5877967677837843473,101800
user3464463950948793341,95800
user698628993375010670,104100
user8355886681422370614,100100
user4290254237738154834,101100
user3300807024765491446,104100
user3715873650609279650,104300
user2329213179532403354,99900
user8264567646950199415,102200
user8627391162697748212,96900
user7237724391138025579,106200
user1221656258918387674,97100
user6630965343014262608,111100
user3122966650621175625,101500
user4916877934963269425,100800
user1290757717633132364,100100
user5179671280024067420,107300
user1222216219430528122,96800
user7554099082537185760,97300
user1384534909371707238,105500
user7481648106218541967,107300
user1220877983188405343,98600
user275079792003428331,105300
user3249558933790322052,104900
user6429352413479309817,99400
user2189558941253278098,95400
user2424328607513101007,100200
user6988324401012561393,97000
user2658879958555082033,97600
user5449837525057322239,101400
user869106713015813252,98900
user8663335884687622784,91200
user2590120145134635908,104300
user5112466446236831756,97500
user3926870761478465589,107800
user2677418188710008660,99100
user901703489228542922,102700
user2162208307571956557,100300
user3463685675218811010,98300
user3029189458882600751,100800
user2132399516624231341,100800
user8231192595007487414,106400
user4736362660161462247,100600
user1583919814153796023,100000
user5863349171267899982,102500
user1325707420501936923,104100
user1136473155488365831,99100
user9042457788541536416,105500
user2166676174373382355,102500
user5225560143860315588,103200
user4892315286546952338,97200
user8075115066718786440,103600
user8153713791375277375,104200
user6895885445516109298,102500
user7693205177599868354,100200
user3635046901199924709,100100
user1324587499477656027,98000
user2286124118256857426,100700
user8522001764872076184,102600
user3663630540513040243,100000
user2366621039667611588,103600
user5111906485724691308,102200
user4834826033919304802,103100
user4209757316327400672,96500
user1710293782105100567,100300
user5700687264205668100,96800
user2981072570293488577,98900
user5661724424437249405,99700
user5850285644331166952,103600
user8134067457491767638,103700
user6103706625353429585,102800
user4635659444355057900,96700
user813390755239218060,103900
user5942942915045460930,102000
user5283827672217945455,100100
user3551096803401696859,97600
user8917982017344495099,104700
user9110782543353052976,93900
user7463121693359313126,99600
user6762585453496975281,101800
user6394515795218018355,99400
user3105548341490529894,99400
user8994122584734582359,105200
user2156962165040548428,102400
user4427120490752275636,105600
user3937363046541281847,104100
user7098618296075342985,103500
user615798816601063716,103900
user4694828578519126780,104600
user7950420980303903240,100900
user8734448624764143798,102600
user7792228511869851357,98200
user1395027194434523496,100500
user452920166147744152,100300
user9030410523845509697,100300
user4257097501013284716,104600
user3816016905903543549,103000
user8517315582852808503,97300
user2447553019687295315,104900
user6028126018475482773,97800
user2650285870246529002,101200
user4882041316701977963,105100
user5691533215384974621,96200
user1610492172105135233,101500
user8451230670089853735,93900
user753443345345166849,100600
user9105318085603802964,106400
user1363208693951776157,103500
user5078189788487680742,92700
user744630941818771935,101800
user2326985154779539348,102100
user2430476355850948149,99400
user1643980308655360331,98400
user8770063518755417591,101200
user6309892652300136960,97800
user877919116542208166,101100
user3126532911616162410,104700
user576941207442973807,102100
user3991504353391784481,100700
user2021204015755010736,95500
user2325305273243118004,106400
user3438793198803893144,104100
user5223661947106052361,102300
user8395409481702929757,102600
user2426008489049522351,104100
user8879360822870374969,97700
user379007623510520898,97200
user6519551526927200120,101900
user2401445840633205264,96400
user7647876274275760634,101300
user7233586352335200560,107200
user6530043811990016378,101300
user6357792797498161452,105100
user8267915592727344317,100600
user6015735536658403288,105100
user5911684375074854039,104400
user1609372251080854337,105700
user180960954970554892,103200
user6393737519488036024,101700
user1051633269179396754,98300
user6483046844425185100,101000
user576162931712991476,100700
user274738146709129766,100400
user5188265368332620451,96300
user5206803598487547078,101700
user152272085047110572,101700
user256541561848501704,105400
user5236612389435272294,100600
user1961703481765586876,101000
user2177386774654040496,99500
user6978610391679727466,104700
user8597022411237882548,99100
user8291140004901538625,99100
user1372362742772469636,100700
user6184078644860972864,100300
user3335631825731085122,106400
user598380507470417985,100700
user582528995268680501,101300
user632315519925270434,102400
user7477740199929256617,102900
user3942049228560549528,98800
user201167249366205077,96400
user5198209510178994047,102100
user6406128001305115509,101700
user4124139154288449264,102000
user356790047753094389,102600
user5294433041888274810,95900
user1982688051891219392,105100
user6131057259034751126,98800
user416632227036816814,103100
user5554666962370853819,101600
user4404797684384520341,99700
user576722892225131924,101100
user3821263048434951678,98600
user1971635806316262686,105600
user5903420114764901787,106600
user7561025106605015233,104500
user1096402211991364026,100700
user3561029127952372669,101300
user7823487051840458248,96000
user6162534114223199900,102900
user7177217020731833920,101700
user6633205185062824400,101600
user3128212793152583754,100800
user1071839563575046939,104400
user6283101979130955867,100800
user5098626215396870596,101400
user153392006071391468,100300
user5801048834717773882,99800
user4168006491293977523,102700
user6167780256754608029,104400
user7499066415349187698,100500
user7498506454837047250,102000
user8050004275086026691,97400
user3590059643170115554,103300
user7340095671185153484,99600
user8379329408814406805,103000
user1924420523533589525,94700
user9209587562405194096,97800
user6507939320840102966,107300
user5445151343038054558,101600
user7702577541638403716,105500
user2816295723085905786,99100
user5475849922496521001,101800
user4426560530240135188,107200
user3739876338513456289,103400
user1029975653934110693,104400
user7833979336903274506,104800
user4062958738762604060,99600
user5983243991056002404,103200
user6861390472549116401,102600
user1332291799275467831,94900
user6058264637421808768,100600
user8358904799200914737,101400
user8055468732835276703,101300
user5282489435975822676,95600
user7477180239417116169,97500
user2959528039655715613,99300
user5537808613752348536,105700
user7924968543376844926,106400
user7031973422800247769,97500
user1482438322617409345,104300
user7050283092268388928,101600
user8957617902232567339,103200
user6949361561244142698,101700
user7236604470113744683,98200
user5749022468012622157,97000
user4338029481032968443,98800
user1633156623767189093,100300
user6202616875015899491,103600
user8780555803818233849,100300
user1144177455286177635,98700
user994579075160678783,102000
user9132108758772984057,103000
user8269595474263765661,102800
user8222038546186793935,97000
user892549440407849443,102900
user7917482558796875005,99700
user2265357863349066793,102400
user7186029424258228834,101100
user3162147805607436203,100800
user3831195372985627488,101000
user768403497209408905,98700
user1143399179556195304,103900
user4056592675206915035,101400
user8618018798659212850,104700
user947923752890146070,101700
user6267923512048871928,99500
user2843646356767227327,103900
user7411768371773814946,98300
user1422490912723358134,100600
user5515372722777080144,98400
user2893661442110602728,100100
user4430468436529420538,94500
user8743272845586236498,100100
user5235492468410991398,99400
user6482486883913044652,108500
user5665302502727933976,99500
user7939368734728946534,106000
user2038062364373516019,104500
user3691541134706502232,101800
user7436879163406574695,99200
user2655873658072235696,97700
user6258769463228178449,106800
user4697399820393043552,103400
user1169069931701095501,103300
user9100290258290236718,102600
user3910572373372100754,97800
user979182292860752961,104000
user7674448632227099844,98900
user2987438633849177602,97400
user3155563426833905295,102600
user5146401458691684205,104700
user4988550635551930887,96900
user3484110284832303078,98500
user6428232492455028921,107500
user6730548637796386059,102300
user4871890676933460270,100900
user5879647559374264817,95900
user1725253933969342623,98500
user532732225143146983,99700
user6173026399286016158,109800
user4399209896558813647,101700
user7708943605194092741,95800
user8767605361489013916,99900
user4733562857600760007,100000
user5778726028350018587,96700
user7446823305252948291,104700
user8594794386485018542,102100
user117447284081516896,99800
user7313523313233814274,96600
user49900804999982667,96600
user896115701402836228,106100
user5942382954533320482,102300
user2568680845107191730,103100
user202287170390485973,101300
user536640131432432333,102500
user5077081684759097632,100200
user7824606972864739144,101800
user7095052035080356200,98400
user4877355134682710282,96200
user3590837918900097885,107600
user197259343076919727,94500
user8506045022060009914,106400
user6038618303538299031,105100
user6836497996134198535,101200
user2453919083242984340,98700
user197041027859077844,103000
user8709556148349225932,101600
user1870944407805556125,99500
user2237675829842390272,101000
user7050843052780529376,97900
user4042752444366953875,98200
user7224773948808805646,102000
user7712291550971237643,102700
user8873554719826826392,106600
user1826175464993588853,97000
user3562367364194495448,102500
user54928632313548913,100400
user6032252239982610006,103600
user6421306468387199448,99500
user6552708263652070238,99100
user8869086853025400594,101200
user7738087205019348723,102500
user5130444715879617935,103300
user4751541127243546186,96800
user1896509929340127536,98800
user6855802684723409707,106300
user7351707877272250638,102000
user7186931030064667847,97700
user759031133170873543,97900
user6103924940571271468,98900
user6827000730192452290,102300
user3332625525248238785,104100
user3166615672408862001,99700
user7473054017909988936,98600
user6064849016195339676,101200
user5686287072853566492,102400
user7187149345282509730,102100
user8643689550804113047,97600
user8397867638969333432,98700
user7100298177611764329,98400
user6656417779941320922,103000
user8771183439779698487,99300
user3953101474135506234,101500
user9062447339546098919,105400
user7097840020345360654,105500
user4039174366076269304,102400
user4600604510875924555,105500
user6946573575979138244,98900
user1786994310007328275,101200
user191234924815529267,102500
user1172201134087152721,98700
user8271493671018028888,95300
user10046604894068544,102900
user9075727609873919631,102800
user2503487292681732390,105000
user1338097902319016408,104200
user6255751345449634326,105700
user2639575269965870861,99000
user874011210252922816,104600
user1768342995244888551,99700
user1020591472599877545,98700
user2708895043898457434,99500
user7005182749631066676,99400
user656099892611605190,94300
user507061472998246786,104400
user6218013657315825313,101100
user7881319521589158550,98200
user5129884755367477487,104000
user4997704684372624366,105400
user8396529402727210653,101300
user28137959144367820,99100
user7045596910249121247,98700
user4428240411776556532,104900
user4201163228018847641,103700
user3459217808417385212,96200
user2200611186828234804,102700
user2403903997899608939,100200
user1775600419138073004,105000
user370195219984125984,96600
user8368837123751590547,98300
user7927974843859691263,102000
user6426894256212906142,97800
user4305774350114537338,101800
user7415781508673429082,102800
user5047491209029214299,98100
user4282768253158184913,101400
user6202835190233741374,106900
user6643137509613500210,102500
user6808587401940736546,104200
user292716416351915945,98300
user324534916834663284,95600
user3663070580000899795,99800
user7058877180576941959,94900
user5699567343181387204,105100
user3976885846821840990,102900
user8943547538879066510,96800
user7816561027772628775,99900
user8159178249124527387,94600
user5122398770787507566,99300
user5083995891531229319,99000
user4409142221109489457,101500
user4958960159822047554,99500
user8428784533645641758,104700
user4871549031639161705,98700
user5350814190787339236,100300
user4156954245719020817,100600
user4442080642616517692,104000
user2553502378025107791,100400
user5409641679657109551,101800
user8177716479279454014,98300
user5921958344919828414,102600
user5129543110073178922,103800
user2074797179389070708,103300
user223831701028258937,100900
user8064062821143829734,97300
user3529552272763923895,97800
user6180730699083827962,99500
user6188764826880240545,102200
user4580958176992414818,101500
user6225052765991167883,95000
user5354940412294466469,100100
user5877749362620001590,100600
user2074237218876930260,102500
user4162200388250428946,100600
user2550484260246563668,100400
user7655922219367871003,100100
user7176657060219693472,106000
user5229126404855302373,96300
user8702858684968181927,100700
user496569187935430528,101700
user3222549945403299076,98600
user5465357637433704743,100700
user5217855844062503784,100100
user285790392284086472,93800
user1233828425517625276,99400
user6431020477720033375,98700
user8506263337277851797,100400
user2381799506749695527,102400
user7099178256587483433,100000
user6768733201834822423,101600
user2731672580168024391,102200
user2676298267685727764,101900
user5219194080304626563,98000
user5734622276660520549,102900
user8566210747171903008,102300
user6742720804395623661,103000
user1394467233922383048,101000
user213899376477583127,97800
user5827839507886954975,101700
user2780567744487118896,103200
user4772525697369178702,99600
user1083110124367845528,102400
user3268210248552761776,97800
user3363542419924547111,99100
user5734403961442678666,97100
user8165544312680216412,102900
user3837779751759158396,104100
user7663956347164283586,104900
user3187600242534494517,98800
user1446493600627534773,101500
user6066528897731761020,100400
user2859726429655750279,104900
user4300186562288830644,96500
user7916922598284734557,94900
user4759575255039958769,99500
user8895099250464599356,99900
user8075675027230926888,99300
user3507553012224339269,108000
user8779217567576111070,104200
user5462009691656559841,99800
user7565492973406441031,105100
user2657211894314358475,101200
user7608582034681986959,101100
user2833714032216551517,97000
user7577105179493538185,101300
user6275067851334543284,104700
user2313474751938178967,101600
user2142331841174907151,106500
user2832594111192270621,95400
user1463133634028198173,106800
user1676918730162388566,103400
user5916930517606262168,98800
user8995802466271003703,103500
user8412827790833575488,102300
user7476961924199274286,96500
user5426613112883127931,100500
user2242693411687012933,107300
user8782795645866795641,102800
user370755180496266432,105200
user1732179958037172096,99500
user6068196961972484578,103600
user4424662333485871961,103700
user155290202825654695,98900
user5789436628630676728,105100
user5184139146825493218,94300
user4150369866945489909,103400
user53808711289268017,99400
user3144511181258948589,98400
user5785870367635689943,108300
user8611092774591383377,101400
user8232530831249610193,96000
user3485230205856583974,102800
user4629075065581526992,97700
user72005296149896079,92500
user4577826974606357598,102600
user451687160515950159,97900
user6041966249315443933,99900
user3719999872116406883,99300
user8561306249934793444,99500
user6615786875932178669,102300
user2314594672962459863,95900
user8033924202197503739,100300
user4279201992163198128,104800
user6409475947082260411,104500
user7008189050113913013,100600
user5941822994021180034,100000
user5427733033907408827,100200
user8421640194359970402,100200
user5989163178707064078,97900
user8061056520660983397,97300
user9083773554966030000,103700
user3447387287112446175,97800
user7602215971126297934,102200
user8302410565694337214,96800
user6989102676742543724,102100
user8895877526194581687,103300
user9039109842764391514,104000
user6316258715855825985,97000
user2232761087136337123,98800
user8306318471983622564,102000
user5574313296254363556,100700
user7121282747737396845,103000
user7207915600190300363,100400
user769741733451531684,100100
user6634313288791407510,98900
user3121846729596894729,96300
user1242422513826178307,103100
user2393411712836792681,102100
user2172700592634772815,106500
user3244312791258913923,100700
user8521223489142093853,103100
user7312185076991691495,100400
user77033123463462325,100600
user9088118091690999116,100600
user5284500717337599000,97300
user4573919068317072248,99100
user2754337031830078251,97100
user3962815483468340161,109200
user2869877069424267972,98900
user8044976447772460445,103700
user5434099097463097852,98200
user1356624315178245249,100400
user5410314724776763096,99700
user6867974851322647309,98600
user4859936825552064551,95300
user2264579587619084462,101300
user7798034614913399934,102300
user8680194233306128067,99000
user2540770250913729741,100500
user765615511944404451,101100
user5004070747928313391,101000
user6132955455789014353,99700
user418312108573238158,108400
user6690134477178331488,96500
user3623434695112827555,107200
user3009543124999091014,101200
user4729218320875790891,99900
user6867756536104805426,98500
user1723025909216478617,98200
user8279746114032283354,103300
user8357566562958791958,99200
user2756795189096481926,100900
user7311625116479551047,100600
user5468923898428691528,100200
user6972244328124038441,100200
user1611830408347258012,105200
user3458657847905244764,103200
user5527876289201672726,103500
user6815948484617495584,103500
user4177720500626811450,96800
user1951989472432752949,96300
user6394297480000176472,97300
user2193125202248264883,103900
user8806008240745292163,94100
user7004281143824627663,104400
user8870766734561821938,100600
user3929658746743470043,102400
user4894773443813356013,99800
user2667144218865034285,104400
user1234936529246208386,101800
user8642351314561990268,102400
user6968118106616911208,99300
user51580686536404011,101600
user4200384952288865310,101100
user2056818909746284529,97200
user3276909567471643593,104400
user2584532357308929214,97500
user3821481363652793561,100400
user1814344943688649816,98300
user468658593741968539,102700
user1198773492038491931,94700
user3711187468590011969,101900
user1746238504094975139,103000
user2187660744499014871,97200
user7818240909309050119,99500
user5405628542757495415,100200
user8907489732281678841,100700
user1695675275535157076,102900
user7889353649385571133,102200
user3272223385452375912,96800
user7960353304854579050,98000
user5423046851888141146,98000
user7220306082007379848,94300
user9158899431942165150,102700
user6812600538840350682,103600
user4390945636248861395,99800
user7247096755176560941,104900
user5229686365367442821,101000
user2990786579626322504,100400
user6325196021285431782,105000
user7879421324834895323,105300
user6641457628077078866,100800
user7246878439958719058,104800
user1583359853641655575,104100
user5208701795241810305,92800
user7464789757600036684,102400
user264587506940612073,100100
user4440400761080096348,101200
user8296604462650788637,99700
user8737248427324846038,98900
user410826123993268237,100600
user3245992672795335267,99400
user8936073371594794375,101500
user8312124575027171141,102700
user1579233632134528342,104700
user3458439532687402881,102100
user6480475602551268328,105600
user5657038242417981724,101200
user8026998178129674266,94400
user4128825336307716945,97800
user39968480449306857,97300
user4192898967708895389,96500
user5905099996301323131,100000
user4277303795408934901,98600
user1121854648918422340,99600
user8577044677529017831,108400
user789948027847181869,100000
user4844198397957840164,101300
user5458431613365875270,99500
user4294380459245282067,97400
user2876024817762115114,103900
user3145631102283229485,99100
user2231309766286701247,98400
user196481067346937396,98600
user3564047245730916792,97400
user5271437190400865970,103000
user9154991525652879800,101900
user5371238800400831304,103700
user6944115418712734569,95600
user2213891457156055516,102600
user5564380971703687746,97500
user5591389960090710722,98800
user5702025500447790879,97900
user6319276833634370108,105600
user5514471116970641131,97800
user6075901261770296382,98600
user7135122978577358005,96200
user8606966553084256144,96800
user7570739115937849160,107800
user8280087759326581919,102000
user6317036991585808316,104400
user5358848318583751819,98900
user1599999887042318975,100400
user1009539227024920839,101000
user8369397084263730995,98900
user1095842251479223578,100700
user9121056513198027351,102000
user4775873643146323604,98600
user2298514600073936911,102300
user3848053721604132771,107600
user9104976440309504399,93200
user2071779061610526585,98600
user1342784084338284089,102100
user1929106705552857206,96000
user2508733435213140519,102200
user5113244721966814087,100000
user3737418181247052614,100300
user8782235685354655193,97000
user6276735915575266842,98100
user8418292248582825500,100500
user6994908779786092301,101100
user4861616707088485895,97900
user2820981905105173467,104800
user6033467994454408,104900
user8385695472370095830,97600
user3940710992318426749,100400
user4967006104914157923,99600
user8687120257373957540,105700
user8417732288070685052,98000
user8054690457105294372,104600
user8015945932554717560,100700
user1160257528174700587,104600
user6294932500435894904,102600
user4299066641264549748,101000
user4608868771185876807,101400
user4157295891013319382,101900
user1787554270519468723,96700
user7763539641946407037,98000
user1549424841186803126,105700
user417410502766799145,98600
user5004849023658295722,100400
user6632645224550683952,98100
user5663622621191512632,99400
user469218554254108987,96500
user8962645729546133585,101300
user154170281801373799,106300
user5202335731686121280,100300
user1810437037399364466,97400
user177954654487708555,100500
user5383970927512209354,102700
user7817120988284769223,99400
user180182679240572561,101200
user5412554566825324888,101000
user5129324794855337039,95100
user494329345886868736,100000
user2759583174361486380,102300
user6179392462841705183,110800
user1487684465148817474,98300
user2180734720431185398,100300
user6641239312859236983,103400
user9174637859536389537,100800
user4424102372973731513,99700
user834270094754521790,94600
user2151716022509140299,99000
user279984289240537895,98000
user7942934995723933319,99900
user2482937781165029439,96900
user3714753729584998754,102700
user8835711801082688593,101800
user4117100045613106694,99400
user8693039445025019214,101200
user2986878673337037154,102400
user8620246823412076856,102300
user1296676905284194038,98000
user8384575551345814934,102100
user2177946735166180944,108200
user4982744532508382310,98000
user96897772564813945,99400
user9061109103303976140,96700
user1252354838376854117,97400
user2885397181800650476,97800
user7271989231591478807,108200
user1572649253360997434,100200
user3086461968119160605,102700
user5444591382525914110,108700
user7782296187319175547,95400
user1122632924648404671,101500
user2451679241194422548,102800
user6163094074735340348,101800
user5349694269763058340,100100
user4832367876652901127,95400
user1054308169836888111,97800
user3112692680776201250,100000
user1693995393998735732,99900
user1605246029573727104,102700
user2352437591706597662,101500
user4892875247059092786,103800
user4503261058142362896,105200
user7360520280798645552,98200
user8358344838688774289,106900
user4804904158364066489,106200
user2858046548119328935,100600
user5791676470679238520,100200
user3118498783819749827,98500
user4891195365522671442,100300
user7125190654026682195,103600
user7927756528641849380,102500
user3650120137671679862,104300
user3043807965452544242,106100
user4782239706702012629,102800
user7383184732460699412,102700
user8527589552697782878,101600
user8016505893066858008,98400
user5060783296652732797,98700
user3639514768001350507,105400
user8276739813549437017,96800
user181520915482695340,100000
user6581291902965185772,98400
user2551044220758704116,97800
user5075401803222676288,93800
user4382133232722466481,103000
user1592513902462349054,101000
user730560578465271106,108600
user3952883158917664351,102600
user7943494956236073767,99200
user3825389269942078911,100200
user7882314540710228563,105600
user6338363207005739397,97000
user6209314338396943496,100000
user7186589384770369282,101300
user3322911515915404858,102900
user5042691942402433521,102300
user2743284786255121545,103300
user8703190084793536907,104100
user6770071438076945202,104500
user2279758054701168401,106900
user9054743039748287115,98900
user5449059249327339908,100000
user8429126178939940323,103700
user2694494852546355826,98300
user8930267268551245798,99000
user4985532517773386764,95700
user390619829597618052,102000
user1512028798347292678,98800
user7976651692960943885,103000
user4127705415283436049,99500
user4633761247600794673,105000
user3438233238291752696,106300
user2294388378566809678,100300
user2632649245898041388,94700
user5827621192669113092,102300
user4289694277226014386,97800
user7901525815984808735,104000
user4760695176064239665,98900
user5706493367249216677,98900
user4161982073032587063,101000
user4729436636093632774,102200
user1928546745040716758,94700
user7549194585300076196,104700
user2287803999793278770,96500
user502375290978979105,95400
user4223049403950919170,99100
user2347191449175189533,100700
user668820202427285454,104800
user8778657607063970622,106000
user9210925798647316875,96500
user493551070156886405,102900
user429022708853896299,98400
user8258761543906650838,102900
user1084790005904266872,101900
user2930166124612617748,94000
user1774709058800577576,103500
user2628181379096615590,107900
user2414956243474565645,106300
user888971362117164872,100300
user3337530022485348349,105200
user866866870967251460,101000
user4657203974992830864,105300
user7526748448855864219,99400
user791846224601445096,100700
user6062950819441076449,103700
user1611052132617275681,97600
user4036946341323405298,96800
user3092268071162709182,104200
user2010598646084681381,98200
user814510676263498956,100500
user3358296277393138982,99900
user1398158396820580716,99400
user5810762844050607809,99500
user1198991807256333814,101000
user4768959436374191917,100700
user5255698762806641583,104100
user2077025204141934714,101400
user6636211485545670737,102400
user549372258543810383,94200
user7930214685908253055,96800
user8704091690599975920,100000
user5963367524658952998,102000
user8390941614901503959,95700
user5984476996687796397,98100
user3008204888756968235,102200
user3298567182716929654,104000
user1758410670694212741,102200
user828350907103460116,98500
user8439618464002756581,103600
user8077013263473049667,99700
user2384027531502559533,98800
user638121622968819011,106900
user4904145807851891375,103200
user6407247922329396405,96100
user60174774844957042,96700
user4777771839900586831,109400
user7825385248594721475,96900
user2861064665897873058,96900
user2902255530419155759,103300
user3857986046154808581,96700
user5187157264604037341,98700
user473904736273376668,101400
user5780624225104281814,105500
user3471389975016622814,97900
user6068756922484625026,102400
user9022251494145886231,96500
user6131275574252593009,100700
user3537256572561735699,102500
user8038392068998929537,100500
user2323407076488854777,97000
user896675661914976676,102900
user3293881000697661973,101400
user5471163740477253320,102400
user8445642882264147041,102200
user2770075459424302638,101100
user5116592667743958989,102200
user4679868426654884724,98100
user1327045656744059702,101500
user5985472015808866410,104700
user8179944504032318020,100100
user2848332538786495008,98400
user7110790462674580587,102900
user6794963914491863068,99400
user155850163337795143,100800
user1593852138704471833,99200
user5448157643520900895,102500
user3368788562455955240,105400
user3722458029382810558,98200
user3018355528525485928,105900
user1451521427941101019,100200
user8077573223985190115,97600
user2128491610334945991,102100
user5068257463937004932,96800
user4867422810132034472,99400
user8527029592185642430,102600
user1859892162230599419,100400
user2617129133521658884,106800
user3096175977451994532,103400
user7566052933918581479,98800
user7107212384383896016,103900
user1216410116386979545,98600
user4037506301835545746,99400
user6036720106784035804,96300
user2073117297852649364,102600
user709576008339638590,106700
user4883161237726258859,96800
user390059869085477604,101900
user5838113477731929350,99900
user6283880254860938198,97800
user5575651532496486335,100500
user1378168845816018213,104100
user5680480969810017915,96600
user1244320710580441534,100800
user1985487854451921632,100900
user3474177960281627268,97400
user7010428892162474805,106900
user4771747421639196371,97100
user317048932254693363,97700
user621263274350313728,102200
user8735008585276284246,105700
user3851071839382676894,96900
user7333729607629464459,94900
user4628515105069386544,97000
user804018391200682698,93500
user6288908082174504444,98300
user4168566451806117971,100300
user8874114680338966840,101600
user5623208460573458061,97300
user1070046597431112498,98700
user2632089285385900940,100800
user4388157650983856941,99600
user6356672876473880556,100200
user8392621496437925303,97600
user5778944343567860470,97200
user7564933012894300583,103200
user7598868025349153032,100900
user7682152932024911648,96300
user7724463717570475245,100100
user439856639211011122,102800
user7531663191561917368,101200
user6894205563979687954,98200
user5107438618923265510,98600
user3723017989894951006,104800
user175496497221304880,105100
user1127660751961970917,100700
user5539923553897699445,100000
user2267597705397628585,107800
user565888961868017101,98900
user8054348811810995807,97500
user7158565705969394196,102400
user6696500540734020513,98300
user5509566619733531567,99100
user4984972557261246316,102500
user7813773042507624321,96800
user7325695479833051876,104300
user293276376864056393,101200
user917660232040609192,104100
user6305984746010851610,98200
user8806568201257432611,97900
user8869646813537541042,100400
user1101648354522772155,98700
user1143617494774037187,100800
user6572137854144492293,102900
user7174085818345776700,98500
user1814003298394351251,100800
user4667477944837805239,103800
user1824837228751466074,101500
user406139941974000556,99000
user7497386533812766354,100800
user3130670950418987429,102200
user1132906894493379046,104700
user1765108134075256746,102300
user8390163339171521628,98000
user6301298563991583929,100800
user5086454048797632994,97800
user6328990842967204035,105200
user2655532012777937131,96900
user3382298965297315621,96900
user8043856526748179549,94500
user5329269660149566272,104500
user5173533777155163863,100500
user7672220607474235838,98600
user6062390858928936001,98900
user7637270904605431279,95400
user7175318823977570693,100000
user1593633823486629950,101900
user7449051330005812297,97100
user8089858475191940814,100000
user8029238020178236058,107400
user8340813444950615461,104800
user4767279554837770573,96300
user5117152628256099437,100300
user6256529621179616657,98100
user6709564067670753543,103400
user61513011087079821,100400
user4502701097630222448,97100
user7345341813716561613,100700
user198160948883358740,101700
user6710124028182893991,97400
user4539424095350079351,107400
user4563768428548554555,103200
user7677466750005643967,103900
user6554046499894193017,96300
user115767402545095552,108700
user5123737007029630345,99500
user505723236756124007,103400
user1332851759787608279,97900
user1335639745052612733,100300
user8305758511471482116,104100
user8928815947701609922,93400
user3094496095915573188,107500
user2635667363676585511,101000
user1347251951139709887,102700
user8798534073461020028,103700
user3855758021401944575,101800
user9140373019082936309,101500
user6777545605361217337,94500
user2088637410229031868,98900
user4223162488558432267,99700
user3848613682116273219,98900
user5633700745636274319,101100
user4407803984867366678,102600
user8874892956068949171,104200
user2533625911628058385,104500
user2882609196535646022,104800
user8306878432495763012,96000
user803458430688542250,99600
user1588605996173063704,101300
user5486342207559337259,99700
user3026401473617596297,93600
user7747688129744669553,105200
user1883664717621236389,102100
user482385739974416602,97700
user4167228215563995192,98800
user3399830359035474449,101200
user5715865731287752039,102700
user2235435987793828480,107300
user2905273648197699882,108200
user6565658705981290171,103700
user3812108999614258199,106200
user3437673277779612248,98500
user9040342848396185507,98100
user5988043257682783182,103200
user7892371767164115256,103700
user161096305869203272,94600
user6471776283632386511,102100
user5611596254486360907,96000
user1689309211979468051,98700
user5800270558987791551,101800
user6033372161006890902,104100
user2753217110805797355,104300
user6736914701352075084,95100
user7198761551369606884,102600
user6906159415361083673,99000
user1517834901390841255,101400
user5827061232156972644,104100
user2140663776934183593,101200
user1277477447305311652,97000
user6264575566271727026,104300
user1436561276076858963,98700
user7107772344896036464,102400
user741831139258069695,100400
user4904487453146189940,96600
user8914415756349508314,96400
user8971458133072528499,99900
user5565159247433670077,105500
user1153331504106871114,101400
user6747966946927031790,98900
user5234714192681009067,101000
user5996524261383823116,96800
user1760981912568129513,98700
user9211485759159457323,100300
user2379341349483291852,100900
user808704573219950379,100900
user7260936986016522101,98200
user2974146546225659104,100500
user5857429983616838308,108600
user8401993860476460665,99400
user412506005529689581,98500
user2766167553135017288,102500
user5401502321250368182,97000
user2513201302014566317,101800
user4425440609215854292,102800
user6981958337456872368,101600
user5903980075277042235,105500
user7747906444962511436,97700
user3486008481586566305,98000
user6531942008744279605,103700
user3348923913354603620,101700
user2903033806149138090,102800
user7209813796944563590,99100
user3518605257799295975,96600
user7338415789648732140,101800
user3371246719722358915,106300
user2802112275124891860,102700
user3715313690097139202,102200
user8835151840570548145,98400
user3945957134849834878,99200
user7752032666469638669,107500
user8736346821518407025,103600
user3611822489025730401,99500
user2931504360854740527,102400
user8610532814079242929,95000
user5263963023116593835,96900
user7120504472007414514,101000
user3721119793140687779,101100
user7450171251030093193,99900
user6860270551524835505,101600
user2870778675230706985,100500
user3863232188686216710,100200
user4514531618935161485,105400
user5107220303705423627,100900
user5596417787404276968,104900
user9008192948088083188,106200
user3085902007607020157,104200
user5673896591036487007,103100
user526147846369616075,91700
user1884224678133376837,105200
user4845318318982121060,99800
user7560246830875032902,97500
user467985548622314994,100300
user5036885839358884944,103600
user7488014169774230992,102100
user1600559847554459423,95700
user4607188889649455463,100400
user3426061071692515094,97500
user6658315976695584149,97700
user5281929475463682228,103500
user2732232540680164839,100700
user3370126798698078019,101400
user3595305785701523683,100600
user5937696772514052801,102600
user627411022688160870,100200
user857712822146557981,104700
user9020353297391623004,104900
user4057152635719055483,98200
user4961200001870609346,99600
user3585591776368689756,106800
user8822866589363797446,100800
user3987491216492170345,102300
user5816787262311998269,102500
user8633757226253437237,103900
user59054853820676146,98300
user8132169260737504411,98800
user5060223336140592349,99100
user1270551423237482179,99700
user6801548293265393976,99900
user719726648108156283,102100
user6883713278916871696,99200
user3468371857238078691,102500
user857152861634417533,97900
user461401169848784086,99100
user8804453261112081702,100400
user4630413301823649771,105200
user8049662629791728126,98000
user4772307382151336819,103700
user62632932111360717,99100
user6928376991118510182,105400
user5950087254331132286,101800
user5429961058660272833,103200
user4692153677861635423,104500
user1352498093671118016,105300
user6482828529207343217,97200
user2407251943676753841,102300
user2297176363831814132,96300
user8149805885085992025,100800
user5988490133587410533,104700
user6869654732859068653,103600
user6650611676897772345,105600
user5053857272584903324,106900
user6338923167517879845,102100
user6668029986028418076,92800
user5481656025540069578,100500
user604404925731808445,102300
user3936584770811299516,102600
user2406691983164613393,100400
user7283041477166435513,99900
user1825957149775746970,92700
user4937757274478573155,100300
user5600544008911404201,98900
user8693257760242861097,99800
user5882995505151409719,102500
user1902534347601517996,99700
user2707340064265246973,104200
user5765880816631127440,101300
user1697343339775880634,102600
user7218626200470958504,94500
user3673344549845874170,104100
user969468283527919034,96400
user3951203277381243007,97900
user2870996990448548868,103300
user163884291134207726,107900
user2046326624683468271,102000
user3859105967179089477,102300
user1486016400908093916,100300
user1156909582397555685,104300
user6583750060231589447,96900
user5879087598862124369,102200
user515095600794659369,103600
user9198535316830237390,99400
user7711731590459097195,104600
user7052957992925880285,95900
user1559357165737478936,96500
user6290246318416627223,99800
user54586987019250348,97200
user3257044918370291973,104600
user3535358375807472472,100800
user2238348874962043817,95300
user4255759264771161937,103400
user2930384439830459631,102500
user8602828514281431125,97800
user8542768019779866817,103000
user867426831479391908,98700
user6129377377498329782,101100
user5448717604033041343,102400
user3597203982455786910,97300
user3689861253170080888,98600
user4633201287088654225,104600
user7130655111775932207,97500
user5799150637963510655,104800
user769181772939391236,100100
user131847475433618504,95000
user6504933020357256629,104000
user6481708608183062321,101200
user5916370557094121720,99100
user1902316032383676113,105000
user7021139492443132946,102800
user4349081726607925149,100300
user830143873247394557,97500
user1297796826308474934,103100
user3513700760562186411,102500
user6142109504609707832,96800
user3095834332157695967,103600
user6846430320684874345,103600
user4046660350656239225,100100
user5423606812400281594,96700
user1283396634956373326,100400
user720846569132437179,102500
user211111391212578673,101800
user120795229858661798,106700
user4526143825022258639,96900
user5805735016737041563,100800
user3237728412485383015,100600
user6957625821554094950,99200
user5654250257152977270,102200
user1713641727882245469,103200
user1504542813767322757,98300
user548812298031669935,102000
user389281593355495273,105200
user4803224276827645145,101000
user2282776172479712524,101300
user5313531232555341885,98900
user7591723686063481676,96100
user593352680156851739,94300
user225169937270381716,101200
user7301911107146717120,97700
user3563268970000934461,103100
user5538368574264488984,100400
user1434663079322595736,101000
user2127153374092823212,103300
user2458718349869765118,101800
user8174698361500909891,101400
user440416599723151570,97700
user1418924651728371349,99300
user1678256966404511345,97400
user7072387583418302340,100300
user7874953458033469525,101900
user8857474646938303440,103100
user7214281663745989388,101000
user9072721309391073294,98900
user3652578294938083537,100400
user6112405944272311402,97000
user1416571725072296460,102800
user617697013355326943,98400
user8821311609730586985,97000
user8916643781102372320,102200
user2868538833182145193,93500
user301310504660468976,98700
user8682434075354689859,101100
user3586711697392970652,98100
user9200993474096641065,101300
user9169391717004981408,99900
user1798046555582284981,101500
user8160298170148808283,103900
user2853920326612201702,104300
user2458605265262252021,98600
user1324805814695497910,104900
user3236608491461102119,102000
user8762919179469746235,96800
user3937144731323439964,100000
user3687963056415817661,101500
user6169460138291029373,102200
user7802720796932667615,100200
user4816847764276518623,102600
user1673010823873103216,102900
user4288574356201733490,98100
user4304654429090256442,102900
user4949027835271371744,100200
user803240115470700367,100200
user5030861421097494484,101400
user1933792887572124887,99500
user1116826821604856094,99200
user2765047632110736392,104000
user4629293380799368875,98100
user8619686862899936408,99400
user3860225888203370373,94800
user3713645625856415644,100800
user3777054066135124854,100400
user4401997881823818101,99400
user4074570944849701214,97300
user6730330322578544176,102200
user5548300898815164794,100200
user4283669858964623926,104400
user6654189755188456916,101900
user6038058343026158583,102700
user8485838727664359729,100100
user6767613280810541527,106200
user2984420516070633479,101600
user6922457803467448508,96700
user8731442324281297461,108300
user4482494803234572263,100600
user9162030634328222370,101000
user2523693587077382575,96100
user7681033011000630752,98500
user2771973656178565865,98900
user3902308113062148502,99300
user2153944047262004305,102300
user8747180751875521848,97400
user6858042526771971499,101300
user6857482566259831051,102500
user2770635419936443086,106600
user7587597464556354443,99800
user3606917991788620837,98300
user3519838263431089968,102600
user2050452846190595504,100100
user154730242313514247,102400
user4404456039090221776,101200
user7406180583948108252,97400
user8419412169607106396,102500
user5848605762794745608,100000
user1269773147507499848,100100
user2480044565289696199,103000
user4392843833003124622,106700
user7954547201811030473,100100
user3097514213694117311,103800
user2894221402622743176,101300
user8721728314948463534,96500
user5938816693538333697,99200
user3406631481200093039,102800
user7354714177755096975,96200
user1809877076887224018,104100
user2417184268227429651,100500
user1912808317446492371,100300
user8006013608004041750,103100
user7031413462288107321,100500
user5871830174968939916,101200
user724194514909582081,95300
user8738586663566968817,99300
user6691254398202612384,105400
user595032561693273083,105000
user5289746859869007129,107100
user5651792099886573595,101500
user2173820513659053711,106600
user8757673036938338106,101200
user2528598084314492139,98700
user8732220600011279792,100100
user2484170786796823432,105400
user2160870071329833778,105000
user8484500491422236950,102300
user165222527376330505,106800
user3333403800978221116,105200
user8176378243037331235,106800
user174936536709164432,106200
user3157461623588168522,100300
user153610321289233351,96000
user2753777071317937803,104300
user517335442843221161,92900
user4405575960114502672,100300
user8259881464930931734,99800
user6417180246880072215,99300
user4475008818654602342,100100
user1349150147893973114,103000
user4646493374712172723,97300
user6982176652674714251,100600
user2382919427773976423,104800
user8064622781655970182,99900
user8720048433412042190,97600
user241581409984259648,102900
user1070719642550766043,97900
user2607196808970983074,103700
user5038118844990678937,101300
user7835659218439695850,102000
user6378217407111653520,100300
user994360759942836900,108100
user3448165562842428506,97500
user4870210795397038926,102500
user120682145251148701,103800
user8385477157152253947,106100
user5511577901095307891,105000
user4584971313892028954,99700
user551830415810214058,101900
user2616350857791676553,96400
user213339415965442679,100100
user6385703391691623441,104200
user1053748209324747663,102500
user6346180591411064298,102800
user8973916290338932174,99300
user6692705719052248260,103200
user8225273407356425740,99100
user1336418020782595064,108600
user8179384543520177572,105500
user7400043081079204695,100400
user8505703376765711349,98000
user6695380619709739617,96700
user3040801664969697905,98000
user1235496489758348834,102300
user5470603779965112872,97700
user7123510772490260851,100800
user401453759954732875,102000
user4366613120346083977,98300
user85845526989857239,101900
user7180223321214680257,99600
user5725249912621985187,102800
user3155781742051747178,105000
user66199193106347502,108500
user7944054916748214215,107500
user6686786531401186586,98400
user8390381654389363511,103900
user985206711122143421,103400
user418530423791080041,99200
user777227718031501605,100900
user2944784631182561239,98300
user8038050423704630972,110000
user4948467874759231296,99200
user6075341301258155934,100400
user7867914349358126955,97600
user8316810757046438822,103800
user226071543076820729,101100
user5587823699095723937,105100
user8706984906475309160,100200
user198939224613341071,98000
user1924638838751431408,101600
user8190996749607274726,98500
user4142335739149077326,96000
user3130110989906846981,96300
user7655362258855730555,99400
user7828173233859725929,99300
user7159685626993675092,100900
user7501524572615591373,101500
user1292095953875255143,98500
user7664516307676424034,100200
user9120496552685886903,98900
user674626305470834031,100000
user1776720340162353900,105800
user6575372715314124098,100500
user3435215120513208573,104600
user3721898068870670110,98800
user572814985935846574,100900
user6242471075121813614,104600
user5106660343193283179,96500
user8117769069385402803,104100
user7439119005455136487,95600
user9043017749053676864,99800
user6383805194937360214,101200
user1913586593176474702,98900
user6101353698697354696,103800
user8186310567588007045,104300
user2063184973301973554,102700
user8884606965401783098,95900
user3573761255063750719,104200
user619365077596050501,104700
user1242982474338318755,97900
user5174425137492659291,103200
user518113718573203492,103100
user1677137045380230449,99100
user4276743834896794453,101200
user2891203284844199053,102800
user8512069440321400374,97000
user3801616714551441941,101600
user7708383644681952293,102600
user7165604814644736766,101500
user6438506462300003296,100100
user3187713327142007614,94600
user8366938926997327320,97200
user2549364339222282772,101300
user392299711134039396,99900
user8928929032309123019,102400
user7999647544448352725,103200
user1155789661373274789,102900
user2419642425493833326,102100
user4068204881294012189,103200
user7382624771948558964,98300
user4695046893736968663,102900
user3695449040995787582,103200
user7465349718112177132,95200
user6416401971150089884,102300
user4507947240161630577,100200
user5757181497712245623,97300
user1126540830937690021,103900
user7662276465627862242,108100
user5581239320322193029,102100
user7549412900517918079,102100
user2665246022110771058,104300
user4454252809215755294,104300
user6858602487284111947,105000
user7786982369338443228,97400
user369635259471985536,101400
user5900632129499897333,97500
user2325865233755258452,101500
user1345572069603288543,100800
user3831755333497767936,100100
user8143221506312461117,98000
user7912796376777607324,101600
user8690686518368944325,102600
user8050222590303868574,101500
user230757725096088410,103200
user6107938077470885604,102700
user4855250643532796870,103300
user379567584022661346,102100
user4265691589321837747,98100
user8386255432882236278,101600
user7691866941357745575,98600
user1258939217150385025,104600
user8465289216147656778,99300
user8532275734717050559,98700
user478372603074802466,96300
user2528379769096650256,99700
user8303530486718618110,104800
user5355500372806606917,96800
user65639232594207054,103600
user8175258322013050339,100100
user4567334689543541340,102800
user1735186258520018433,101700
user3734630195982048160,102100
user7344221892692280717,102000
user1973534003070525913,98400
user6404789765062992730,104900
user6157847932203932219,98600
user2639015309453730413,102000
user2402784076875328043,101300
user792966145625725992,96100
user5298227863570047063,94200
user8125243236669674938,104400
user3695667356213629465,99600
user8328422963133535976,106200
user2516767563009553102,95400
user2847772578274354560,101100
user5335635723705255297,102400
user4393963754027405518,100600
user1031643718174834251,101300
user1529218546791152941,103200
user7351147916760110190,101700
user7724682032788317128,103100
user4459157306452864858,100800
user5380952809733665231,99800
user5998877188039898005,100400
user5108558539947546406,101000
user9005734790821679513,99800
user5229468050149600938,103400
user9112462424889474320,99700
user3584253540126566977,105100
user3574539530793733050,100300
user1462573673516057725,98200
user641469568745963913,98700
user7598089749619170701,101400
user7383744692972839860,105800
user4668037905349945687,100000
user759809408900855874,107100
user1467478170753167289,95700
user2041080482152060142,105300
user7455977354073641770,106700
user5471382055695095203,103200
user4255199304259021489,105100
user4323410974463024952,102300
user6465628535294539369,99200
user8391501575413644407,99000
user4378225326433181131,96800
user3800496793527161045,96500
user1307729150859150744,99200
user9115468725372320657,102100
user3633926980175643813,101200
user7559686870362892454,100800
user2177168459436198613,101300
user5222760341299613348,96400
user7675226907957082175,100000
user5123518691811788462,103200
user1423610833747639030,98900
user8187430488612287941,104600
user1021711393624158441,100100
user4502919412848064331,98000
user7764877878188529816,100700
user7836997454681818629,100700
user5173752092373005746,96700
user7793348432894132253,102400
user7950639295521745123,98500
user6382685273913079318,102000
user5924964645402674751,99600
user3619868434117840770,99800
user3931898588792031835,101800
user1396365430676646275,102400
user5156115468024518132,99700
user8958177862744707787,100600
user3211497699828342370,102500
user8129929418688942619,106400
user916321995798486413,105700
user676306187007255375,96900
user5553547041346572923,100700
user6752653128946299471,99500
user350205668979563481,100000
user984086790097862525,106800
user254873497607778146,101500
user6367165161536696814,100900
user7003502868094645332,102900
user5821255129113424067,95700
user2140103816422043145,102600
user1683503108935919474,99800
user8005795292786199867,101600
user3133677250901833766,100700
user7725023678082615693,100000
user920573119208824529,104300
user5301359065956104283,96600
user2776441522979991663,100200
user276418028245551110,99900
user1369356442289623299,104300
user8155611988129540602,100900
user6711119047303964004,100300
user7734396042121151055,98000
user4639007390132202802,99900
user6427672531942888473,100200
user1191847467970662458,100100
user7567951130672844706,104700
user5202895692198261728,102500
user7019241295688869719,98600
user7775930123763486522,95700
user3611044213295748070,101000
user7482208066730682415,103200
user6181290659595968410,103300
user7258708961263658095,108800
user8244143037336707347,96800
user7939587049946788417,97500
user5337863748458119303,103300
user321186971057518382,100200
user8609754538349260598,109000
user8406461727277886463,98900
user643927726012367588,100400
user6753773049970580367,105900
user4826448689001839453,109000
user1336199705564753181,105700
user1974093963582666361,102700
user8040850226265333212,104300
user3838121397053456961,101300
user507621433510387234,100300
user2357123773725865343,96900
user4100801657506741859,102500
user1725813894481483071,101600
user1335079784540472285,98800
user1638061121004298657,100100
user9060549142791835692,96700
user8516755622340668055,99700
user6917429976153882262,102500
user5828399468399095423,101000
user7588157425068494891,102600
user2265917823861207241,100900
user8760691154716882229,96400
user5020587451252520109,99600
user6454804850406368131,98500
user6668808261758400407,99900
user2765949237917175405,99100
user300190583636188080,99400
user2689030394797105814,101700
user7176097099707553024,102700
user5634820666660555215,100300
user4231861807477314084,101300
user5509006659221391119,104000
user1963041718007709655,104500
user5186037343579756445,105900
user4293602183515299736,95500
user3963375443980480609,101200
user3964495365004761505,100700
user917441916822767309,102800
user6418300167904353111,98600
user8848102282899768078,99700
user6522009684193603795,102800
user8973697975121090291,98600
user8357006602446651510,103200
user8017065853578998456,99500
user5085675773067650663,103900
user6306544706522992058,98900
user9088678052203139564,103700
user5213387977261077986,98400
user2288582275523261101,100400
user1320119632676230229,97600
user3027509577346179407,98800
user6290806278928767671,99100
user505941551973965890,102000
user7466127993842159463,101800
user5987824942464941299,104000
user7462001772335032230,101300
user652521814320920619,103700
user4651957832461422735,101100
user6605294590869362411,96100
user6515643620637914770,96700
user1834209592790001436,100600
user8754885051673333652,102000
user4304872744308098325,100700
user3699575262502914815,102600
user1287522856463500559,101100
user5199317613907577157,96800
user8292478241143661404,100500
user4620480977272973961,100100
user4679308466142744276,99200
user7447931408981531401,100500
user2765389277405034957,104200
user5447939328303059012,93900
user2342723582373763735,99000
user2541330211425870189,100500
user9198193671535938825,97500
user4374647248142496560,97200
user714262190358906271,100500
user6356454561256038673,101600
user2046886585195608719,100200
user2606076887946702178,95100
user5822593365355546846,96700
user3684396795420830876,100700
user744070981306631487,102600
user5404177221907859539,108800
user1343344044850424537,100800
user7723903757058334797,100100
user6641799273371377431,106600
user7633257767705817143,106900
user654979971587324294,101100
user7279133570877150163,105700
user5952875239596136740,101200
user7507443760266653047,100700
user5735182237172660997,100300
user865198806726527902,95800
user8253515401375242709,105100
user1220536337894106778,94600
user7466687954354299911,101400
user4566774729031400892,104900
user8854468346455457103,106200
user2151156061996999851,103900
user8400655624234337886,100300
user578061128467254703,99400
user8657529781644074207,100200
user3711965744319994300,100300
user4981966256778399979,98900
user3210377778804061474,102400
user4640687271668624146,99100
user398105814177587973,104100
user106395038506560190,108000
user2264797902836926345,103300
user2468537589812927831,101600
user4636219404867198348,105500
user2759801489579328263,99200
user5289528544651165246,99900
user8996020781488845586,103600
user1198213531526351483,102300
user1858553925988476640,101000
user4182406682646079131,102300
user5811541119780590140,102800
user7472835702692147053,99300
user7208475560702440811,100000
user478590918292644349,103100
user5458991573878015718,95200
user5420028734109597023,102900
user2907501672950563888,101700
user1903094308113658444,98600
user8093653296873713067,100500
user6576492636338404994,100700
user7835099257927555402,102000
user5485222286535056363,103700
user6861608787766958284,100300
user5386198952265073360,107600
user6405349725575133178,97600
user4607748850161595911,100000
user1120174767382000996,98400
user8293038201655801852,97000
user5778166067837878139,108400
user4061278857226182716,95000
user3003177061443401989,97400
user4293042223003159288,100700
user4161640427738288498,102300
user5723570031085563843,101400
user3007863243462669670,98700
user3415008826117558388,103600
user7599987946373433928,98700
user3689082977440098557,105900
user1803511013331534993,101400
user957856077440821880,102400
user4653077753485703631,99800
user3447947247624586623,99900
user6117652086803719531,107100
user2156402204528407980,97500
user6812382223622508799,97500
user1463351949246040056,101000
user7312745037503831943,104100
user8296386147432946754,102000
user5096728018642607369,100700
user3002617100931261541,102900
user7215619899988112167,101600
user2423550331783118676,102300
user7924408582864704478,99600
user289138338061231374,100200
user2088077449716891420,106600
user1931004902307120433,103700
user3033315680389727984,99600
user5954213475838259519,102600
user8192334985849397505,98100
user979960568590735292,96500
user2441186956131606290,103600
user6093319570900942113,101600
user3563487285218776344,101800
user212779455453302231,95900
user5127644913318915695,98700
user895897386184994345,101800
user2617470778815957449,96500
user2532505990603777489,97300
user8632418990011314458,100900
user8903363510774551608,104500
user5851623880573289731,102100
user6130497298522610678,98400
user4539984055862219799,101400
user325873153076786063,102800
user8401215584746478334,95800
user7355834098779377871,109800
user8658089742156214655,100800
user5003729102634014826,105100
user5609928190245637349,100400
user3940151031806286301,103900
user4399769857070954095,103400
user2429574750044509136,103800
user3849173642628413667,100200
user2039182285397796915,103000
user3238506688215365346,104200
user9134566916039387732,99200
user3496282451431540680,106400
user1989832391176890748,103600
user4164440230298990738,98800
user9105536400821644847,96300
user7339754025890854919,107600
user7735734278363273834,104400
user1925198799263571856,101400
user8478134427866547925,101200
user6326751000918642243,98100
user5713077746022747585,96800
user4585084398499542051,99000
user6180512383865986079,99200
user6076461222282436830,104300
user2424888568025241455,95100
user9180557047187451211,98600
user297962558883324074,95800
user4767061239619928690,105400
user2760143134873626828,96600
user328101177829650069,102500
user4367173080858224425,99300
user5928542723693359322,103700
user279206013510555564,101800
user8048324393549605347,102100
user8460043073616248649,104000
user8907271417063836958,97700
user6802781298897187969,93500
user8224153486332144844,101500
user8028118099153955162,101200
user3605238110252199493,100000
user176274772951287211,95400
user3185485302389143608,103600
user1562935244028163507,98900
user868765067721514687,103800
user5460111494902296614,108500
user8720608393924182638,101800
user1654814239012475154,103600
user253753576583497250,97600
user9210365838135176427,102800
user280325934534836460,98700
user2540551935695887858,105400
user4123237548482010251,98400
user5347796073008795113,102000
user1331171878251186935,103500
user29476195386490599,99200
user5953435200108277188,104200
user8738026703054828369,95600
user6317596952097948764,102400
user916881956310626861,97900
user4855032328314954987,102900
user8872434798802545496,100200
user8934953450570513479,93500
user7962811462120982725,102900
user1309627347613413971,96400
user5032199657339617263,101000
user8131609300225363963,99300
user2481942762043959426,104200
user2692036695279952151,103000
user2416076164498846541,101700
user3684055150126532311,100700
user8167224194216637756,103300
user6696718855951862396,103000
user557076558341622187,101900
user2991346540138462952,101200
user4151708103187612688,102600
user8380449329838687701,101200
user7424158853590894431,99400
user6856704290529848720,103300
user4316266635177353596,101700
user2902473845636997642,98100
user4057370950936897366,100100
user1561815323003882611,100700
user5811322804562748257,101800
user4695719938856622208,112300
user6651171637409912793,104400
user5901752050524178229,101500
user4668816181079928018,96900
user5822935010649845411,97800
user6647263731120627443,99400
user1992185317832965637,101100
user6521231408463621464,99200
user2854698602342184033,102100
user6315698755343685537,104800
user63741035839943827,101700
user2255985499310531431,100600
user3245432712283194819,105400
user5157453704266640911,93000
user3678809007595124182,105300
user28356274362209703,98400
user7848049700256775335,104000
user9221199768492291250,104800
user2315372948692442194,102000
user8555500146891244867,98400
user1276357526281030756,101400
user6873220993854055438,97400
user3724137910919231902,99500
user1106334536542039836,106100
user1130667052444817254,101400
user8203947191936494659,102900
user9000706963508113267,101700
user756791291122311751,98900
user8736906782030547473,107600
user2997152643182011529,97600
user5258156920073045258,99100
user165782487888470953,93000
user4002338283748899304,103800
user1166395031043604144,99900
user1369014796995324734,98600
user3508454618030778282,104700
user6873780954366195886,98400
user4744615103175716713,105100
user1171309773749657293,104100
user1268093265971078504,98000
user1822049243486461620,102800
user5234154232168868619,103900
user2099129695291848126,100100
user6090301453122397990,100600
user5311633035801078658,98500
user1259499177662525473,102600
user4919105959716133431,104400
user4756227309262813867,105300
user3339209904021769693,102900
user1473065958578873983,107700
user8867748616783277815,101300
user8996580742000986034,102200
user2781127704999259344,104900
user8562757570784429320,99300
user907167946977792934,100200
user9215611980666584556,102600
user4884281158750539755,100800
user3986258210860376352,107200
user5947629097064728611,102800
user7598649710131311149,103800
user4531949928065807216,100800
user714480505576748154,98700
user3489356427363711207,100800
user3474956236011609599,100900
user4189551021931750487,99900
user6874340914878336334,102700
user2643141530960857646,101200
user6516203581150055218,95800
user6823547553804978602,98500
user6645925494878504664,104600
user9157779510917884254,98600
user7961691541096701829,100500
user1435223039834736184,104300
user3649447092552026317,98400
user2616910818303817001,101800
user7561585067117155681,99300
user8554940186379104419,102700
user5454523707076589920,96600
user3495722490919400232,102000
user2895889466863466734,102000
user9206239616628049194,100700
user4742716906421453486,102300
user4452572927679333950,98900
user8659427978398337434,101700
user7596969828594889805,99300
user4211997158375962464,106100
user6993010583031829074,104200
user7049163171244108032,98800
user1346132030115428991,96000
user2732792501192305287,99900
user8407240003007868794,98000
user2666584258352893837,99600
user664693980920158221,102500
user6275627811846683732,101400
user1424389109477621361,98400
user3672784589333733722,98600
user1675798809138107670,103300
user7374030683640005933,101500
user1730500076500750752,96500
user4525583864510118191,98900
user5162699846798049040,102600
user3903987994598569846,104100
user1248228616869726884,95400
user3249340618572480169,102600
user3975205965285419646,101300
user1777280300674494348,99200
user1704487679061551990,103400
user8361132823953778743,99600
user8138753639511035319,98700
user5073503606468413061,104200
user1424730754771919926,101300
user140659878960013418,97500
user5883213820369251602,102500
user4862736628112766791,104200
user4606410613919473132,98900
user2303760742605345040,99700
user6456816131768144455,100800
user5559353144390121500,98000
user2950590734226109816,102200
user1108562561294903842,102200
user628749258930283649,102300
user2804570432391295535,98100
user5595857826892136520,99500
user1370134718019605630,101400
user8526469631673501982,103500
user3916938436927789779,100100
user8874332995556808723,101100
user3153883545297483951,97500
user5222542026081771465,104600
user5925524605914815199,99300
user8833471959034126801,101800
user282224131289099687,97700
user6004123330571306134,102100
user8274841616795173790,105300
user3127871147858285189,102200
user5437665358458084637,101700
user918780153064890088,102200
user3903646349304271281,99000
user6594802305806546153,99900
user2960088000167856061,98900
user2168574371127645582,103100
user5463117795385142951,94200
user3281377434273069391,101200
user8181842700786581247,101100
user4515651539959442381,101500
user3745682441557004866,101000
user2177728419948339061,104900
user3106668262514810790,96800
user3479424102813035397,100200
user7247656715688701389,103300
user9187701386473122567,104200
user448669042737406036,95200
user3342776165016756478,103000
user7197641630345325988,103200
user8692366399905365669,107200
user4254079383234740593,106800
user323414995810382388,98200
user6856922605747690603,99400
user1816243140442913043,106200
user6527815787237152372,100200
user8243583076824566899,100700
user4980286375241978635,106100
user3381520689567333290,101700
user5635380627172695663,102800
user402013720466873323,103700
user8269035513751625213,101100
user5085115812555510215,93300
user1180122177276052207,102100
user3529770587981765778,103600
user7654242337831449659,97100
user165564172670629070,98400
user3610484252783607622,100600
user6757339310965567152,100400
user7901744131202650618,100100
user175714812439146763,98100
user2201171147340375252,101200
user8616338917122791506,100900
user1952331117727051514,103400
user6113638949904105395,102200
user3327037737422532091,101000
user764837236214422120,98300
user9000147002995972819,104100
user4364041878472167205,103000
user2150596101484859403,98900
user3243534515528931592,96200
user7219527806277397517,98300
user8644809471828393943,103800
user1321799514212651573,97900
user6278975757623828634,100600
user5607470032979233674,95400
user5963927485171093446,102900
user3279262494127718482,102000
user1812665062152228472,97900
user1299135062550597713,100200
user7174977178683272128,101500
user7857982024807451145,95500
user6414722089613668540,100300
user577842813249412820,97600
user5255917078024483466,102500
user7994743047211243161,102800
user743511020794491039,104500
user8525909671161361534,104100
user523359861104611621,97900
user7136242899601638901,96400
user2826009732418739713,100700
user5237720493163855404,100100
user2366061079155471140,101000
user2286902393986839757,95700
user391179790109758500,101600
user5469483858940831976,100500
user4783017982431994960,102300
user7522062266836596538,100400
user2291370260788265555,102300
user4408923905891647574,98400
user8230290989201048401,104100
user3127092872128302858,100600
user5098066254884730148,101900
user6905039494336802777,100200
user627069377393862305,99000
user8142101585288180221,102500
user2328105075803820244,101400
user7588375740286336774,101700
user5294214726670432927,92000
user2525591783831645802,109400
user5185259067849774114,102800
user5246544713985948104,101400
user2883169157047786470,96200
user4609428731698017255,102500
user3116040626553346152,104200
user3361314395171683105,93700
user7450949526760075524,98700
user4052684768917629685,103500
user8401433899964320217,102300
user7743333347550756852,107400
user6464737174957043941,97200
user6503253138820835285,107800
user1046387126647988625,102300
user4812048497649737845,101600
user3651240058695960758,98200
user2700414040197417500,103900
user7314643234258095170,99500
user8534173931471313786,102100
user2452020886488721113,100200
user428244433123913968,102700
user6404229804550852282,104200
user6450896944117082781,106700
user2408030219406736172,100700
user8745500870339100504,98700
user5003510787416172943,103600
user5559913104902261948,104300
user7583129597754928645,107600
user2480262880507538082,100800
user1632036702742908197,93200
user1913026632664334254,100900
user7108332305408176912,110000
user1153891464619011562,99200
user2834822135945134627,105000
user8181064425056598916,97700
user748197202813758720,97700
user1044594160504054184,103200
user8528367828427765209,102800
user8857816292232602005,100900
user3947855331604098105,102000
user5927764447963376991,100100
user2066751234296960339,104200
user8418073933364983617,99900
user2869098793694285641,103000
user6098005752920209794,99100
user1499296671235914628,102100
user4420194466684446163,98300
user8340595129732773578,101400
user7027505555998821971,98100
user1814563258906491699,105500
user3722799674677109123,104300
user4997144723860483918,96700
user3183587105634880381,96500
user4470322636635334661,100200
user757911212146592647,101600
user406918217703982887,97400
user9046148951439734084,102000
user7565151328112142466,100700
user2696287818690290267,94800
user8914528840957021411,96900
user8768165322001154364,99700
user2290810300276125107,96700
user4204511173795992543,106700
user6041406288803303485,107600
user7751814351251796786,95700
user3551315118619538742,98300
user775329521277238378,100400
user8536961916736318240,100400
user8155052027617400154,99200
user2450900965464440217,98700
user3095274371645555519,97500
user8810259364155630279,99000
user7361858517040768331,104100
user8516537307122826172,99700
user5826501271644832196,97800
user1472505998066733535,100200
user5482215986052210026,104100
user3473058039257346372,103300
user6917211660936040379,100100
user5817128907606296834,101300
user8544666216534130044,99200
user1611270447835117564,103100
user8469540339557994894,104600
user7280035176683589176,101100
user8623264941190620979,99000
user7405849184122753272,97600
user4158074166743301713,94500
user3468931817750219139,106600
user4543562134152904370,99600
user6995468740298232749,100700
user6847550241709155241,99200
user3736858220734912166,103200
user6460829268667758591,106200
user3662510619488759347,102600
user4878475055706991178,112200
user2607756769483123522,103900
user4994356738595479464,99400
user6510179162888664758,99500
user4524463943485837295,99300
user7712851511483378091,103100
user4950707716807793088,101900
user6525917590482889145,99600
user7172965897321495804,104200
user7356052413997219754,101300
user3082323929316335586,103100
user8016287577849016125,97400
user6959853846306958956,103700
user336925398651742769,98700
user7937688853192525190,104300
user2425230213319540020,101200
user4152828024211893584,104400
user1975213884606947257,99400
user8086167312293743146,98100
user5163932852429843033,104500
user6405008080280834613,101100
user8418852209094965948,100700
user2831815835462288290,104800
user3604678149740059045,100400
user2567000963570770386,105200
user2996032722157730633,97400
user4716486193764412841,100100
user3362982459412406663,107400
user2040520521639919694,107900
user2558748520556515920,105000
user512307615529654915,98800
user6904479533824662329,97800
user2752657150293656907,102400
user1330953563033345052,97600
user8731100678986998896,102700
user1715539924636508696,101900
user6484726725961606444,99400
user8220918625162513039,102500
user4048558547410502452,97400
user3007303282950529222,100200
user9136234980280111290,110900
user1608812290568713889,101600
user1121294688406281892,103700
user1118506703141277438,100300
user8017625814091138904,103700
user6284221900155236763,104800
user5690413294360693725,100200
user278086092486274668,101000
user1651466293235330252,103200
user6818301411273570473,107200
user1085349966416407320,104200
user5007637008923300176,103200
user6866854930298366413,97800
user6445090841073534204,100900
user5196311313424730820,99900
user2061846737059850775,97800
user7564373052382160135,102100
user8968670147807524045,100100
user8812934264813121636,102200
user1445933640115394325,104000
user4032260159304137617,99600
user6219133578340106209,100200
user4902247611097628148,100900
user6970906091881915662,99600
user3579785673325141179,101100
user232209045945724286,99700
user1531893447448644298,97800
user3595524100919365566,101000
user1805190894867956337,99200
user4202283149043128537,103100
user6514305384395791991,97300
user2391171870788230889,104300
user1551104722723224470,99100
user3004296982467682885,103100
user7676128513763521188,99200
user4947689599029248965,100200
user2517887484033833998,98800
user2216909574934599639,102600
user9087899776473157233,97400
user813172440021376177,105600
user35282298430039176,103400
user2650627515540827567,98100
user6735016504597811857,103900
user8871874838290405048,103700
user5214507898285358882,102700
user5904540035789182683,100900
user7105544320143172458,104200
user8407021687790026911,103800
user7132894953824493999,104000
user7737414159899695178,103400
user5711739509780624806,99300
user2731112619655883943,102800
user8974476250851072622,101600
user4541103976886500695,100300
user377109426756257671,105500
user8565432471441920677,97300
user2507395198971017740,101100
user1674678888113826774,102200
user7952319177058166467,98100
user2759023213849345932,99500
user3964713680222603388,99300
user60393090062798925,98200
user6401441819285847828,102400
user9095604076270969037,97000
user3958129301449072480,105500
user1185928280319600784,98900
user4744396787957874830,105100
user8428006257915659427,103100
user2803792156661313204,101900
user4634881168625075569,103300
user8856696371208321109,100700
user6405909686087273626,100200
user993800799430696452,99000
user8493312894948631864,97600
user1017243526822732643,108000
user623503116398875520,100000
user731898814707393885,100500
user3050733989520373715,107700
user150604020806387014,100900
user8568563673827977897,100200
user5482434301270051909,104800
user648955553325933834,106300
user9095044115758828589,96700
user6652509873652035572,103800
user4867982770644174920,98700
user8088407154342304938,101100
user2578394854440025657,98300
user7313304998015972391,102000
user5958121382127544869,100000
user693942811355742989,100800
user7384522968702822191,99000
user4802229257706575132,100600
user4847546343734985066,98800
user7087006089988245831,95200
user6130715613740452561,101600
user4833146152382883458,104500
user1353058054183258464,98500
user5133451016362464272,100100
user7606354009929122953,101500
user902481764958525253,100200
user3427180992716795990,101100
user6340934448879656169,97100
user7869147354989920948,103600
user8732780560523420240,98800
user4554614379727861076,99800
user1688189290955187155,100100
user1824277268239325626,98700
user1413336863902664655,98700
user5010095166189703851,101300
user889531322629305320,94500
user6113857265121947278,104800
user3143391260234667693,104100
user4232981728501594980,96700
user75353241927040981,100000
user2165556253349101459,104100
user3128991068882566085,101900
user7038557801573778677,99000
user3696227316725769913,104900
user5097287979154747817,106900
user3347244031818182276,100100
user8768725282513294812,96900
user4585986004305981064,106500
user6399543622531584601,106300
user2060726816035569879,98800
user70885375125615183,99200
user4380453351186045137,98400
user6931270206993843422,102400
user6277855836599547738,101100
user1200671688792755158,101400
user7792788472381991805,100800
user5549420819839445690,102500
user6203395150745881822,98800
user7781736226807035099,91100
user4873228913175583049,104800
user5321783675569596351,95300
user720286608620296731,100900
user6934401409379900642,105400
user2301862545851081813,100200
user6176604477576700729,101600
user6560972523962022490,97300
user3848831997334115102,97900
user3849951918358395998,100300
user3553554960668100534,94600
user9121834788928009682,97000
user7324357243590929097,98000
user7122402668761677741,99800
user4531389967553666768,102800
user3731612078203504037,100800
user3254805076321730181,104800
user77593083975602773,105000
user4545230198393627928,100700
user6630187067284280277,99200
user6157506286909633654,102600
user5839793359268350694,96800
user8065961017898092961,97300
user7434651138653710689,100200
user95229708324090387,102200
user6783911668916906362,100000
user4996024802836203022,98300
user3597763942967927358,96400
user1101088394010631707,97900
user5849725683819026504,94100
user2040302206422077811,100900
user4152268063699753136,103200
user3372366640746639811,101900
user1562156968298181176,97400
user7402614322953121467,102100
user7690747020333464679,101000
user6143447740851830611,100100
user3084222126070598813,112300
user1529000231573311058,100900
user6543335899613534876,99400
user527827727906037419,104600
user7950079335009604675,101000
user8758232997450478554,106200
user6884833199941152592,100400
user639241543993099907,100100
user6030354043228346779,101000
user752665069615184518,95400
user8616120601904949623,100200
user1961143521253446428,100300
user7482986342460664746,106500
user4004909525622816076,101000
user516433837036782148,101300
user9094825800540986706,96000
user7878301403810614427,98300
user5815449026069875490,104400
user8133507496979627190,100900
user7754385593125713558,96800
user3904206309816411729,107900
user6759019192501988496,101500
user606084807268229789,100300
user1990733996983329761,101600
user1802172777089412214,101600
user2400885880121064816,104300
user8742494569856254167,96900
user2178506695678321392,104700
user243261291520680992,106100
user1222776179942668570,103600
user3096394292669836415,103000
user6180170738571687514,96000
user4463065212742150208,99900
user4201723188530988089,99700
user7347799970982965288,101900
user6368845043073118158,96300
user2742724825742981097,100800
user7230580051852354223,99200
user906607986465652486,102700
user1805750855380096785,96800
user2198931305291813460,102600
user3357736316880998534,98300
user6378777367623793968,101400
user6735576465109952305,106000
user501037054736856326,102000
user2095781749514703224,99300
user7341433907427276263,105100
user5621540396332734503,105700
user819756818794907085,105200
user2224943702731012222,97100
user6680202152627655678,96100
user1914706514200755598,104400
user3506214775982216490,103700
user5427173073395268379,104000
user4005904544743886089,99100
user263685901134173060,99800
user2595024642371745472,102700
user5174985098004799739,107000
user8858376252744742453,99700
user7955325477541012804,99600
user70667059907773300,101900
user6279754033353810965,103600
user323974956322522836,104500
user4706772184431578914,102500
user8653621875354788857,101900
user5838891753461911681,100600
user3425842756474673211,104100
user8076234987743067336,107000
user1225782480425514907,97500
user1949531315166349274,95000
user7134563018065217557,103000
user8678526169065404509,102200
user4030921923062014838,101300
user10719650013722089,104400
user2804352117173453652,97800
user5635598942390537546,101600
user8883487044377502202,102000
user7587255819262055878,104600
user253535261365655367,103800
user5986031976321006858,100900
user8428566218427799875,100300
user5104432318440419173,104400
user3770014957459782284,95800
user7682712892537052096,100900
user5224440222836034692,104700
user4740488881668589480,100400
user6141207898803268819,100500
user950151777643010076,97200
user3059111334437839064,103300
user8630739108474893114,102900
user87743723744120466,95700
user2901695569907015311,101900
user3156341702563887626,97900
user5482994261782192357,102000
user5608589954003514570,99600
user2176048538411917717,97300
user7257589040239377199,100300
user7021699452955273394,102800
user3900080088309284496,103600
user187886979038384365,101500
user4756008994044971984,103100
user1084230045392126424,99300
user7961131580584561381,97900
user7850837685521779789,101400
user8528149513209923326,102700
user1303042968839883063,100800
user4760913491282081548,101600
user4315146714153072700,98800
user4859158549822082220,103900
user8753765130649052756,103100
user7170072681446162564,102000
user5701247224717808548,102300
user4062617093468305495,102700
user9133228679797264953,103600
user1947863250925625716,100100
user1731060037012891200,106300
user2166116213861241907,102300
user4652517792973563183,102100
user6055476652156804314,106200
user4618801095736552617,102000
user8015727617336875677,103600
user5474170040960099657,105400
user3559361063711649111,97500
user3385646911074460523,102400
user6795182229709704951,102700
user5210369859482533863,98300
user3349702189084585951,98800
user3799936833015020597,104600
user5076521724246957184,100400
user5752153670398679377,104000
user4389837532520278285,101800
user1749256621873519262,102100
user3458999493199543329,101400
user6119103407653355407,96800
user7301132831416734789,99100
user1901756071871535665,99000
user138991814719289860,105500
user6211429278542294405,100800
user7322117401542367305,101500
user7611040191948390634,102700
user6877128900143340788,103400
user5713637706534888033,103300
user4667696260055647122,99900
user3747910466309868872,102100
user845322340329478496,100800
user7264515064307206672,95700
user2237228953937762921,98400
user2882049236023505574,95300
user8973356329826791726,96900
user7753825632613573110,103100
user490763084891881951,101000
user2275071872681900720,96800
user3695107395701489017,98900
user2342505267155921852,100700
user8645369432340534391,100900
user3788324626927923443,104500
user3419695008136826069,99900
user4453351203409316281,103000
user8720390078706340755,96400
user6923349163804943936,102300
user2424670252807399572,99500
user3134018896196132331,101000
user4304094468578115994,104000
user4343057308346534689,102700
user6158066247421774102,102800
user8533395655741331455,103700
user8048884354061745795,102600
user3020035410061907272,102100
user8564872510929780229,108300
user6887621185206157046,98300
user8403113781500741561,103400
user5828959428911235871,101000
user7320449337301643747,101500
user2880151039269242347,98000
user2470330555956862272,100000
user6291366239440908119,94200
user5026953514808209134,98900
user8481700688861534710,95600
user5685167151829285596,100500
user7904532116467655072,100300
user7465909678624317580,101400
user4292482262491018840,100100
user6142887780339690163,109100
user4756787269774954315,103200
user634555361973832226,104000
user7168839675814368571,99500
user4474677418829247362,104100
user5825941311132691748,104200
user7506210754634859054,97800
user7657590283608594561,99700
user1702589482307288763,101000
user8703077000186023810,103700
user3464245635730951458,102100
user2649725909734388554,99300
user7245758518934438162,97200
user3612164134320028966,100700
user2891421600062040936,99400
user642807804988086692,96300
user4871330716421319822,107700
user6510397478106506641,100400
user5145063222449561426,101000
user3382080650079473738,96200
user6834039838867794860,97500
user412724320747531464,104000
user1270333108019640296,102500
user6257431226986055670,97100
user4770627500614915475,99100
user2947137557838636128,101600
user703875135906418799,104800
user2529499690120931152,100400
user643367765500227140,102900
user5156675428536658580,100400
user8521783449654234301,108400
user6031132318958329110,99500
user3434095199488927677,103400
user4345628550220451461,98600
user947363792378005622,103300
user64860956864224723,103700
user356571732535252506,102300
user4047220311168379673,100600
user1550544762211084022,100800
user1549984801698943574,104800
user7120162826713115949,98800
user3594745825189383235,106400
user3394024255991925872,97800
user141779799984294314,94500
user578734173586908248,97700
user4202843109555268985,99600
user550492179568091279,98100
user372423244736989990,100100
user6326191040406501795,99100
user2541890171938010637,106700
user3112132720264060802,107200
user1374260939526732863,100000
user869884988745795583,105000
user2150377786267017520,107000
user5152767522247373230,98400
user1362990378733934274,104900
user7226112185050928425,101000
user3712525704832134748,101600
user7450731211542233641,100200
user9176089180386025413,102600
user3948415292116238553,97100
user930505443759500339,104700
user7472494057397848488,97600
user5848045802282605160,102900
user1397485351700927171,103600
user8484158846127938385,100700
user8152593870350996479,105800
user3776712420840826289,95900
user4542442213128623474,102900
user1512247113565134561,96700
user5221422105057490569,107000
user8278407877790160575,104900
user7335627804383727686,102000
user3480544023837316293,99600
user8756553115914057210,96200
user5696001082186400419,99600
user3638394846977069611,101800
user3548308818136692405,104500
user6139309702049005592,98600
user6118885092435513524,104200
user5459769849607998049,103800
user4130723533061980172,107400
user3801056754039301493,102200
user1699241536530143861,100400
user7989715219897676915,98000
user1017585172117031208,101700
user6619134821709323571,98600
user7184691188016106055,102900
user3554114921180240982,105000
user5790556549654957624,94500
user7637052589387589396,103000
user4297728405022426969,95000
user7004622789118926228,100200
user1402171533720194852,100200
user8083939287540879140,96800
user5923856541674091641,99000
user5780064264592141366,101500
user5905659956813463579,98700
user9216171941178725004,97200
user4824333748856488544,95200
user3826727506184201690,99800
user7556338924585747552,99900
user6758459231989848048,105400
user1252914798888994565,103300
user2236555908818109376,108500
user8446762803288427937,98800
user8254635322399523605,104800
user8339475208708492682,99300
user3758962711884825578,93800
user4958181884092065223,97400
user1571529332336716538,101400
user9188821307497403463,99700
user27796313850069255,102400
user1379848727352439557,96900
user858832743170838877,105700
user2459838270894046014,102200
user2566782648352928503,101300
user1346910305845411322,98400
user6233533769692207817,97700
user4746854945224278505,103900
user1323467578453375131,95900
user2754555347047920134,110400
user7345560128934403496,104400
user6089741492610257542,102900
user6717038234955025678,96400
user3006525007220546891,101500
user5926862842156937978,97100
user6525357629970748697,100300
user6385143431179482993,98500
user2650067555028687119,104100
user5459551534390156166,101200
user6460942353275271688,104000
user758129527364434530,99000
user2952042055075745692,100600
user2171580671610491919,104800
user3473617999769486820,100000
user1547196816433939120,101200
user2426568449561662799,103600
user2050234530972753621,102500
user4963428026623473352,104100
user8809139443131349383,104600
user5888801608194958296,100900
user550710494785933162,105800
user5031421381609634932,106500
user4640127311156483698,97200
user5746016167529775820,97400
user9073499585121055625,98300
user4290814198250295282,98700
user8531715774204910111,110300
user1678816926916651793,96000
user4654745817726427189,97600
user6652851518946334137,105200
user4087521387178921147,95500
user322295074786101492,99100
user5975539691258190600,106400
user2117999325272129733,102400
user8867188656271137367,103800
user5345008087743790659,95700
user487185006601197380,110200
user1244880671092581982,99300
user4647271650442155054,97400
user4761255136576380113,106300
user1028637417691987914,97700
user66759153618487950,104000
user5622648500061317613,102300
user264805822158453956,98000
user8595914307509299438,96400
user6152820104890365973,99700
user7527868369880145115,93800
user2514539538256689096,94700
user1359642432956789372,100600
user1788892506761591502,100500
user2518105799251675881,100300
user3772367884115857173,104400
user8737466742542687921,103900
user4796310070055513458,103300
user4508507200673771025,97800
user5450957446081603135,99700
user7246318479446578610,101200
user3823161245189214905,103300
user1934912808596405783,99500
user3017577252795503597,99900
user6719278077003587470,97500
user2450341004952299769,95700
user3425282795962532763,105100
user7977989929203066664,103400
user9150305343633612119,97200
user4745735024199997609,102000
user4504599294384485675,101600
user7736075923657572399,103000
user9021473218415903900,103300
user8285552217075831931,101000
user7470035900131444813,100200
user2986318712824896706,99900
user708674402533199577,100500
user1533904728810420622,100800
user9005174830309539065,105300
user6609980772888630092,103000
user2669932204130038739,100000
user6494099090000141806,104700
user1587827720443081373,101800
user781913900050769286,103200
user226289858294662612,94800
user1379288766840299109,103900
user5438007003752383202,100800
user3096954253181976863,103000
user6520671447951481016,107000
user5625666617839861736,103100
user2389833634546108110,104200
user4734122818112900455,100700
user3600770243450773695,101200
user3419476692918984186,103200
user4634321208112935121,103000
user9089019697497438129,105500
user7959793344342438602,99800
user5414109546458535349,103900
user3120726808572613833,104900
user2654753737047954800,98100
user5897614011721353210,100800
user5515485807384593241,101500
user2199832911098252473,94800
user2908061633462704336,98700
user5663062660679372184,96500
user2125561705169058,100400
user6885393160453293040,109600
user4970572365909144708,106300
user1798606516094425429,102700
user7610261916218408303,104100
user7696553123377013256,105700
user8029797980690376506,102100
user8769845203537575708,101400
user3748470426822009320,101800
user6586756360714435784,98000
user2859166469143609831,108800
user792187869895743661,101400
user4926810259513945235,96700
user7523182187860877434,102100
user9160019352966446046,97400
user5647324233085147797,102100
user6986644519476140049,106600
user6669368222270540855,102900
user9089797973227420460,100100
user285572077066244589,103400
user8087505548535865925,105800
user6608860851864349196,101500
user2292148536518247886,105100
user7314083273745954722,100000
user7913356337289747772,107200
user1494050528704506499,99200
user9072379664096774729,104400
user2942109730525069882,98000
user3303595010030495900,103100
user4987430714527649991,99300
user1210044052831290520,104600
user3508112972736479717,104200
user2059606895011288983,99600
user676524502225097258,97000
user2555170442265831349,93400
user2181294680943325846,104600
user1584479774665936471,98900
user6202056914503759043,110600
user5773138240524311893,102300
user2513979577744548648,100700
user1736306179544299329,100700
user6631306988308561173,102700
user6509619202376524310,103100
user7576545218981397737,101700
user6707324225622191751,104300
user1173321055111433617,100600
user6993570543543969522,101700
user5371798760912971752,103900
user5684607191317145148,100900
user3805182975546428726,108900
user7043025668375204475,99800
user3359416198417419878,101900
user2077585164654075162,98800
user6396195676754439699,103600
user8647597457093398397,105800
user3503986751229352484,103000
user5892927829702085529,97700
user5201775771173980832,101500
user6647605376414926008,97500
user2777779759222114442,97400
user1661180302568164179,99100
user8408359924032149690,98200
user6140989583585426936,102400
user883725219585756743,101000
user5107780264217564075,99400
user2995472761645590185,99600
user2649507594516546671,100300
user3199543848446946651,98800
user5301919026468244731,98800
user4055472754182634139,105000
user1484118204153830689,103600
user616358777113204164,107300
user2792958226304198381,100800
user7334849528653745355,96900
user4078697166356828447,105900
user5789996589142817176,98700
user1099408512474210363,104500
user3169186914282778773,101400
user3941830913342707645,98700
user3196537547964100314,104400
user4604182589166609126,103000
user2728884594903019937,101900
user3238288372997523463,106400
user2377113324730427846,99600
user1383974948859566790,98300
user7675008592739240292,100300
user4166668255051854744,104200
user8643129590291972599,99500
user1050181948329760878,104600
user1357744236202526145,100500
user1820151046732198393,97500
user8641791354049849820,104700
user1370694678531746078,99300
user7349468035223688846,101200
user3244094476041072040,100400
user1021151433112017993,102200
user6283661939643096315,100400
user6152260144378225525,99700
user7872382216159552753,99200
user7630686525831900371,99300
user378229347780538567,100900
user2062065052277692658,107200
user5019809175522537778,100900
user4933849368189287805,102000
user549590573761652266,98800
user55488592825689361,93300
user6141549544097567384,103500
user1973315687852684030,100500
user5916152241876279837,100300
user666032217162281000,103100
user2454592128362637885,94700
user5348915994033076009,98600
user6266243630512450584,107500
user6760687256742712054,100100
user2576714972903604313,101600
user856934546416575650,106700
user1424170794259779478,98300
user5508446698709250671,99800
user7061895298355486082,99800
user7234146312847341008,99500
user4040854247612690648,99200
user7691525296063447010,99900
user2716152467791641887,100500
user2343956588005557728,106200
user9111342503865193424,107600
user5052405951735267448,107500
user9214492059642303660,98800
user2981632530805629025,97500
user514535640282518921,100800
user8170012179481642210,105100
user699861999006804663,99100
user6025667861209079098,102800
user7973976792303452528,102400
user7413666568528078173,96300
user2414177967744583314,106700
user780575663808646507,105400
user2668264139889315181,98000
user8203387231424354211,100900
user4834266073407164354,100800
user5641186730216244240,100500
user2109621980354664384,101700
user5256818683830922479,99900
user6679642192115515230,103100
user3775261099991190413,100200
user1361870457709653378,100500
user2740496800990117091,101000
user6607522615622226417,99300
user1753942803892786943,106000
user2880710999781382795,104100
user4999042920614747145,102200
user2884277260776369580,101400
user6643697470125640658,99400
user3727144211402078239,98900
user2651965751782950346,102100
user1495388764946629278,102300
user4635441129137216017,100400
user8458488093983038188,100800
user4866302889107753576,109400
user6304646509768728831,98900
user7256250803997254420,100100
user3122406690109035177,101200
user7371012565861461810,96600
user5338423708970259751,99300
user5312971272043201437,104000
user8752645209624771860,105400
user5338983669482400199,97600
user4234214734133388973,101100
user6357232836986021004,100100
user3942609189072689976,97200
user879598998078629510,102100
user5540036638505212542,101900
user5791116510167098072,105200
user4156735930501178934,101100
user4524245628267995412,100600
user5641518130041599220,99400
user4519777761466569614,97000
user74793281414900533,105400
user8291699965413679073,103400
user2618249054545939780,103600
user7703137502150544164,99200
user6909165715843930010,102100
user791627909383603213,101800
user7800262639666263940,97600
user5588383659607864385,106100
user1066251775749340245,93000
user4526703785534399087,100900
user1623442614434355166,109700
user6999594961805359982,101500
user5134010976874604720,101500
user1984367933427640736,96300
user8389603378659381180,101500
user4041632523342672979,98300
user5913912399827718045,99600
user7686620798826337446,103200
user551270455298073610,99900
user1467259855535325406,99200
user5464797676921564295,103400
user4463625173254290656,103800
user6004683291083446582,99600
user8758792957962619002,96700
user8813265664638476616,95500
user2191786966006142104,105900
user993240838918556004,105700
user7883547546342022556,105100
user4630973262335790219,98600
user1121513003624123775,99800
user7948741098767481896,101300
user2634329127434462732,101100
user3409544368368308376,102900
user1808757155862943122,103700
user8714242330368493613,104300
user1941497187369936691,103200
user5135349213116727499,98700
user4085623190424657920,96500
user6157287971691791771,101900
user6175484556552419833,104800
user7653122416807168763,101300
user6509837517594366193,99500
user7499284730567029581,94900
user5518938983772066929,98200
user7486894248749950096,100200
user3632588743933521034,97700
user1989614075959048865,110300
user5023375436517524563,94500
user27018038120086924,103200
user5922736620649810745,102200
user4156175969989038486,100100
user5008756929947581072,101700
user6501025114067971279,106100
user2539650329889448845,100400
user3726925896184236356,101300
user7734956002633291503,101500
user4305214389602396890,104800
user3117160547577627048,99700
user8515417386098545276,102400
user6879027096897604015,98500
user1550763077428925905,96200
user4392065557273142291,102800
user5696779357916382750,101800
user753225030127324966,97000
user8591776268706474419,100800
user4481374882210291367,107700
user1809317116375083570,99700
user4866644534402052141,103700
user6258209502716038001,98100
user287470273820507816,106200
user3231922309441834438,99400
user8139313600023175767,104100
user3154443505809624399,100600
user3019475449549766824,105500
user6031692279470469558,101300
user1945965054171362489,96200
user7178885084972557478,99700
user543006194988121358,102500
user1371254639043886526,102800
user1245988774821165092,100700
user6642577549101359762,104000
user742732745064508708,107100
user3453971665885977083,101700
user6053236810108242522,101700
user3425501111180374646,101400
user7236044509601604235,103700
user1015345330068469416,102700
user2440626995619465842,97300
user6780003762627621012,103000
user6679082231603374782,102600
user165004212158488622,102900
user5382072730757946127,98000
user5508665013927092554,106300
user8644249511316253495,105300
user2799324289859887406,101400
user8164206076438093633,104200
user874912816059361829,104700
user4140095897100515534,102100
user5329829620661706720,97100
user6887061224694016598,98500
user7607462113657706063,100500
user2097014755146497217,97300
user8936633332106934823,104900
user405020020949719660,99700
user2254647263068408652,102800
user7562145027629296129,100200
user8156171948641681050,100200
user6415282050125808988,100500
user241923055278558213,98700
user2667704179377174733,99500
user1247108695845445988,100100
user6686568216183344703,102400
user467767233404473111,96700
user1373482663796750532,102000
user7272549192103619255,102400
user1724134012945061727,101600
user5922176660137670297,103200
user5092820112353322019,102400
user4172692673313245204,102000
user3526204326986778993,104200
user4233313128326949960,99500
user9114690449642338326,100200
user8005235332274059419,99500
user1369574757507465182,97500
user6942995497688453673,96400
user6827113814799965387,106500
user7461223496605049899,99300
user4952262696441003549,102400
user978622332348612513,99100
user8834591880058407697,104900
user5254578841782360687,101100
user2507613514188859623,101700
user8106156863298305649,102100
user8242463155800286003,102400
user8592223144611101770,104500
user4677970229900621497,100200
user1597760044993757183,105800
user4255977579989003820,96900
user6878467136385463567,97200
user7230798367070196106,97600
user7961473225878859946,108000
user2527259848072369360,102900
user6169678453508871256,101800
user8054130496593153924,103700
user8647037496581257949,109200
user7960913265366719498,101900
user1207585895564886845,98300
user8186870528100147493,102300
user1936811005350669010,102600
user2975266467249940000,101500
user2226623584267433566,107700
user5131862188015395,98400
user2388165570305384552,104000
user4268149746588241422,103700
user1845261838364958142,102000
user9132327073990825940,98200
user5360186554825874598,103000
user2598819464053517725,98700
user5949527293818991838,98900
user944905635111601947,96800
user1367676560753201955,104300
user1884784638645517285,100600
user1873732393070560579,102800
user5564599286921529629,104500
user1610710487322977116,98100
user71445335637755631,102300
user884285180097897191,108000
user279765974022696012,100500
user3379280847518771498,102200
user5185477383067615997,102500
user4315706674665213148,98400
user664912296138000104,104600
user278646052998415116,102100
user2767287474159298184,107800
user6365266964782433587,103300
user7791668551357710909,103800
user9165036934811068707,97700
user8185190646563726149,103700
user48562568757859888,98500
user4741048842180729928,105800
user2321739012248131219,95900
user4419416190954463832,105600
user868205107209374239,99300
user983868474880020642,102400
user1685731133688783480,103100
user5548860859327305242,97000
user8416394051828562273,100700
user1944845133147081593,101900
user1484336519371672572,99300
user5425274876641005152,104000
user8995242505758863255,103900
user1837009395350703676,100900
user5228908089637460490,101900
user6504373059845116181,98600
user6174706280822437502,100200
user3973307768531156419,101900
user4757347230287094763,104300
user8733340521035560688,103500
user7587815779774196326,104000
user8622704980678480531,100000
user1510348916810871334,102300
user7912018101047624993,98100
user6301080248773742046,101200
user2859944744873592162,99800
user4844758358469980612,102400
user6049110588601115289,101800
user5800488874205633434,102000
user7987143978023760143,101600
user8462396000272323538,103900
user4855810604044937318,98200
user8461381309858371428,106400
user7212601782209568044,97700
user6992450622519688626,104000
user1237954647024752509,98200
user6305766430793009727,101100
user7129876836045949876,97800
user5723351715867721960,98500
user4352989632897210499,97200
user7157227469727271417,104500
user4679650111437042841,99300
user4520119406760868179,101300
user5831747414176240325,101800
user4509845436915893804,108700
user4880703080459855184,98900
user3201783690495508443,103300
user3700695183527195711,107400
user2617689094033799332,99000
user8056028693347417151,103200
user731120538977411554,100100
user8670480223973294140,108200
user3244872751771054371,101100
user5003169142121874378,97200
user6781683644164042356,102900
user2513419617232408200,100600
user5905318311519165014,100900
user2822661786641594811,98200
user5962259420930369888,106900
user6508499281352243414,102000
user5703145421472071775,97300
user5005408984170436170,103900
user8635985251006301243,102900
user3558801103199508663,99100
user1710075466887258684,104500
user2870218714718566537,98300
user6542994254319236311,101700
user3925532525236342810,97000
user1209825737613448637,98500
user6532283654038578170,98400
user7576203573687099172,101100
user8770405164049716156,104000
user2051572767214876400,99600
user3963593759198322492,105500
user8847542322387627630,101500
user5211708095724656642,102400
user8027558138641814714,105600
user848900418620163067,100800
user1862120186983463425,101600
user5662844345461530301,94200
user1406079440009480202,101000
user1028295772397689349,104100
user1684623029960200370,103100
user1368236521265342403,102900
user2013729848470738601,103400
user6410035907594400859,94300
user6531723693526437722,100300
user2969460364206391423,100200
user1216970076899119993,102500
user2755675268072201030,96800
user4042192483854813427,103900
user5158013664778781359,99200
user8402553820988601113,97500
user3047386043743228813,98300
user778895782272225163,104300
user7290185816452106869,106700
user7628011625174409014,101800
user4856370564557077766,100500
user7119602866200975501,100200
user654761656369482411,97500
user2937423548505802201,103700
user2278649950972585291,100100
user7599427985861293480,104000
user6619913097439305902,102700
user4881263040971995632,99300
user6268701787778854259,110100
user1007311202272056833,96300
user1210604013343430968,100800
user1948423211437766164,99800
user1233268465005484828,105700
user1427737055254766263,103400
user5688515097606430498,101900
user8969230108319664493,105200
user5696219397404242302,96700
user7164371809012942773,108200
user3914480279661386104,98800
user171588590932019530,100700
user5767113822262921433,100300
user4429348515505139642,106200
user428804393636054416,101200
user2402224116363187595,104800
user6097787437702367911,98200
user2776099877685693098,103800
user2665805982622911506,103100
user2886175457530632807,100600
user4987990675039790439,103500
user1042695963749790957,102300
user8986088456938169776,96000
user2478924644265415303,104500
user4210317276839541120,103200
user2265699508643365358,100400
user2941891415307227999,103000
user3382858925809456069,103500
user6530603772502156826,101800
user2539991975183747410,98200
user77811399193444656,108500
user8708777872619243601,102100
user651961853808780171,105800
user8357224917664493393,104200
user6515425305420072887,97100
user8428224573133501310,105000
user5727477937374849193,97200
user2745182983009384772,106700
user2247161278488438731,100800
user2380679585725414631,104500
user8258543228688808955,105100
user868546752503672804,102800
user3877415636647230636,93800
user7244638597910157266,107700
user1583701498935954140,103100
user6210869318030153957,100900
user7054190998557674278,102700
user3463903990436652893,106000
user5120170746034643560,102100
user2734690697946568514,102300
user5348356033520935561,101100
user4761473451794221996,104800
user3766561781072308596,100100
user7915584362042611778,98700
user6531382048232139157,100900
user2531397886875194379,97100
user4001891407844271953,103000
user1594753744510910846,98700
user2809256614410563216,102200
user1201779792521338268,101700
user1251794877864713669,100300
user5399491039888591858,102500
user5802728716254195226,100100
user3705941326058603840,99000
user6337803246493598949,104600
user713029184727112278,100100
user9187483071255280684,98200
user6905817770066785108,102200
user6871882757611932659,101700
user3885336679836130122,95500
user919900074089170984,100800
user296842637859043178,100000
user4294162144027440184,101100
user1780846561669481133,102900
user3447605602330288058,96500
user2380461270507572748,98900
user2822101826129454363,101800
user3211156054534043805,105500
user3635719946319578254,101500
user1835889474326422780,99100
user7824265327570440579,99300
user9010420972840947194,105200
user6050230509625396185,105200
user4845878279494261508,108100
user667152138186561896,99300
user3209817818291921026,103400
user4755449033532831536,101600
user1586707799418800477,99100
user9007632987575942740,99700
user3689301292657940440,102800
user4043312404879094323,99400
user7221426003031660744,100300
user1082550163855705080,97600
user2358575094575501219,97300
user6464177214444903493,102300
user918220192552749640,98700
user8028678059666095610,100100
user5435767161703821410,97800
user9110564228135211093,99300
user5439905200506646429,100500
user7270321167350755249,98500
user6733896583573530961,108500
user6300738603479443481,98000
user5337303787945978855,103800
user4140655857612655982,100400
user3247660737036058825,101400
user5789218313412834845,105100
user4172474358095403321,103700
user4027014016772729488,101200
user1055646406079010890,102900
user8984190260183906549,105700
user7138701056868042576,104300
user719508332890314400,100000
user6755441114211303925,97700
user4276183874384654005,102400
user5520277220014189708,99000
user7939928695241086982,108400
user4615234834741565832,98500
user3409089638466496714,101700
user1456425925178210583,97400
user440634914940993453,103200
user8128821314960359509,101300
user6185198565885253760,104600
user5923296581161951193,99400
user9215052020154444108,95700
user5994409321238472207,97300
user5328709699637425824,95600
user5385090848536490250,99300
user3827069151478500255,103600
user1471386077042452639,98800
user1456207609960368700,106600
user5058325139386329122,96100
user616577092331046047,98600
user349645708467423033,101000
user3111572759751920354,103400
user5498732689376416744,106700
user5833987256224802117,100700
user6680980428357638009,101700
user7654802298343590107,98400
user5409423364439267668,99100
user4002109723062113836,105400
user4314586753640932252,98400
user4551036301437176505,101600
user6884273239429012144,98000
user246827552515667777,102300
user7803840717956948511,98400
user438176757674589778,99100
user8093871612091554950,102700
user8648375732823380728,103000
user595592522205413531,99300
user5722231794843441064,106100
user1802951052819394545,103100
user8090305351096568165,106400
user5466135913163687074,106300
user5606910072467093226,104700
user7009308971138193909,100900
user4354782599041144940,101700
user7130996757070230772,97100
user538538328186695560,98500
user6075682946552454499,100000
user8584302101422202284,103200
user3515152081411822287,100400
user3973867729043296867,103700
user2893101481598462280,100500
user1298575102038457265,99200
user7286172679552492733,108000
user3931556943497733270,103400
user1006532926542074502,102400
user3582573658590145633,97900
user755123226881588193,99100
user6177712581305283839,96000
user8275059932013015673,98200
user928712477615565898,101800
user3653138255450223985,105300
user7208133915408142246,100200
user7044476989224840351,105500
user9100850218802377166,97800
user3113252641288341698,103600
user8859714488986865232,99600
user588666498137584058,101400
user8153372146080978810,100700
user2337259124624513723,103000
user3299127143229070102,103200
user3163380811239230196,104000
user6127149352745465776,96600
user3569293388262324921,107600
user2469210634932581376,98000
user2928486243076196404,104500
user5270877229888725522,100800
user996258956697100127,98900
user882057155345033185,100900
user1050400263547602761,102600
user8608074656812839254,110300
user6455023165624210014,99500
user1347470266357551770,99600
user929614083422004911,102700
user3820143127410670782,98900
user5926644526939096095,107000
user417192187548957262,105900
user322855035298241940,103500
user9085111791208152779,100500
user4986092478285527212,96300
user8325634977868531522,101500
user1658380500007461939,100700
user516215521818940265,100700
user4483054763746712711,101700
user2048554649436332277,101000
user5130663031097459818,102400
user5630134484641287534,102900
user8285893862370130496,99300
user4036168065593422967,97200
user3498180648185803907,98300
user4403677763360239445,99700
user8646477536069117501,103500
user4870770755909179374,102700
user3586151736880830204,102700
user527267767393896971,107400
user7256810764509394868,99200
user3242974555016791144,102500
user4158634127255442161,102900
user8573809816359386026,101200
user1460893791979636381,102200
user7850277725009639341,101900
user7565711288624282914,100900
user5333737526950992070,96800
user2892541521086321832,97200
user3177781002591331804,106100
user2054920712992021302,104500
user1661958578298146510,101800
user6972804288636178889,102900
user1221096298406247226,104800
user6646485455390645112,101100
user4574820674123511261,100400
user1146965440551182089,105500
user8359464759713055185,100700
user6382903589130921201,107300
user5333955842168833953,101400
user346639407984576696,106700
user4891755326034811890,102100
user980520529102875740,101600
user8242244840582444120,99500
user8759011273180460885,99900
user7230238406558055658,103400
user4657763935504971312,101800
user3900640048821424944,97700
user6630747027796420725,102200
user6382125313400938870,102800
user327541217317509621,100100
user2176608498924058165,101700
user200059145637621967,101600
user8881818980136778644,104700
user4325079038703748510,98900
user2791619990062075602,99400
user6427454216725046590,107200
user3981353713623266788,101200
user1902875992895816561,105100
user8773411464532562493,94900
user4981406296266259531,100900
user3923852643699921466,106100
user8520103568117812957,103100
user3223328221133281407,104200
user8103803936642230760,106800
user5779504304080000918,101000
user6312132494348698752,98000
user4050226611651226010,106200
user7098399980857501102,101100
user8962085769033993137,101600
user4464185133766431104,100500
user6741040922859202317,102400
user2502149056439609611,99100
user5866024071925391339,102900
user4336131284278705216,96200
user28916234874350151,102100
user7919162440333296349,105100
user6256871266473915222,102000
user1368454836483184286,102800
user8051342511328149470,104700
user9115250410154478774,103400
user6542215978589253980,96600
user518673679085343940,101400
user7901184170690510170,104800
user6667470025516277628,105300
user1984927893939781184,99200
user2162768268084097005,101200
user4503479373360204779,104300
user7356612374509360202,95600
user3673002904551575605,103600
user292156455839775497,99600
user7301351146634576672,98400
user8972578054096809395,102900
user9099170337265955822,102800
user2052132727727016848,105400
user901143528716402474,100700
user54368671801408465,101000
user4491867167273107625,101400
user5606350111954952778,102300
user407259862998281452,110200
user8059376639124562053,101600
user8963983965788256364,102900
user4582078098016695714,95800
user1154109779836853445,105700
user3398037392891540008,94400
user4987212399309808108,101000
user6689574516666191040,103400
user6213887435808698080,101900
user6734456544085671409,96500
user4778331800412727279,102700
user7511238581948425300,107700
user4881823001484136080,99500
user6867414890810506861,101800
user8846422401363346734,100700
user7451509487272215972,101400
user1735746219032158881,99400
user275858067733410662,105800
user1433543158298314840,101200
user4189892667226049052,101800
user4413610087910915255,98000
user2876243132979956997,98100
user1473844234308856314,102000
user1622104378192232387,104600
user1714979964124368248,100300
user7400261396297046578,94300
user2298296284856095028,104200
user1061234193904717584,99800
user2646159648739401769,97200
user4520897682490850510,101500
user6239452957343269491,99000
user8132947536467486742,100400
user6259329423740318897,98400
user3067705422746392095,95200
user185988782284121138,108400
user5615734293289185926,98100
user774209600252957482,108600
user5009316890459721520,101700
user1407417676251602981,102200
user6761247217254852502,101200
user7818459224526892002,107700
user879817313296471393,103600
user5047938084933841650,103100
user758689487876574978,95000
user311242829211144786,106500
user7778718109028490976,105700
user2467199353570805052,97100
user2022323936779291632,98800
user8863062434764010134,100200
user6506271256599379408,96100
user3676910810840860955,98100
user4812161582257250942,102700
user7676346828981363071,101500
user2609984794235987528,101700
user6963980067814086189,100000
user8412267830321435040,104800
user7993510041579449168,104000
user7539480575967242269,100800
user3596425706725804579,108400
user5343109890989527432,98100
user3172080130158112013,103700
user6657537700965601818,98400
user1518053216608683138,104600
user4753769151996410192,102900
user2283336132991852972,105700
user3914698594879227987,97000
user3903428034086429398,101600
user408038138728263783,102900
user4256537540501144268,101700
user8421080233847829954,103400
user5608808269221356453,101500
user8269813789481607544,102200
user202847130902626421,99700
user8351418814620944816,95600
user7797256339183417603,102800
user2411938125696021522,99900
user2258213524063395437,103400
user9158339471430024702,102900
user2188220705011155319,97500
user98795969319077172,104000
user3564607206243057240,100200
user1699023221312301978,102300
user6036938422001877687,106400
user747637242301618272,102500
user5810202883538467361,105100
user540778170235257352,99800
user5563261050679406850,99700
user2940658409675434006,99400
user4303534508065975546,100900
user3570413309286605817,106300
user894777465160713449,98500
user4176600579602530554,102200
user7230020091340213775,98200
user378789308292679015,102300
user1904774189650079788,97800
user4481156566992449484,107100
user5608029993491374122,101600
user6425214374676484798,96100
user3815675260609244984,99500
user6416620286367931767,103800
user6581510218183027655,103600
user5535910416998085309,103700
user8033364241685363291,98900
user8621585059654199635,97800
user2055480673504161750,104500
user8773971425044702941,104600
user9093705879516705810,99400
user6405568040792975061,97400
user4181846722133938683,103400
user1737084455274281660,95600
user7087566050500386279,98300
user4291922301978878392,100300
user4162542033544727511,96800
user9119936592173746455,103700
user252415340341374471,98100
user3131779054147570539,103300
user2879591078757101899,98300
user4262903604056833293,104600
user1834769553302141884,102600
user2958189803413592834,99600
user7930774646420393503,102300
user2067092879591258904,102800
user3837001476029176065,102200
user2027010118798559313,101300
user8808921127913507500,102500
user3452291784349555739,99700
user7852175921763902568,103700
user8531155813692769663,101200
user5247104674498088552,101100
user7049504816538406597,101300
user3583133619102286081,102200
user7767665863453534270,96200
user1872612472046279683,97400
user7790890275627728578,102200
user9065795285323243821,102400
user417970463278939593,103500
user246609237297825894,103200
user626851062176020422,102300
user9087339815961016785,97700
user4073451023825420318,101900
user4429908476017280090,101700
user5019249215010397330,100800
user3547748857624551957,97800
user6173586359798156606,97600
user3550536842889556411,104200
user5107998579435405958,103700
user3457319611663121985,103000
user4998482960102606697,104000
user4054364650454051029,95100
user8233090791761750641,108800
user8556838383133367646,104000
user1100528433498491259,97900
user7487454209262090544,96800
user784141924803633292,96400
user1513367034589415457,105100
user4781679746189872181,99200
user7528428330392285563,100700
user5155555507512377684,100200
user6740822607641360434,97900
user4377665365921040683,104600
user7583689558267069093,100200
user7450389566247935076,103100
user5721671834331300616,99400
user948918772011216083,99900
user5113804682478954535,100800
user4816629449058676740,105700
user3177999317809173687,104900
user6389269652686610226,102200
user5470822095182954755,105600
user4226055704433765507,102200
user698410678157168787,97200
user4464858178886084649,105500
user2025342054557835755,108800
user7675568553251380740,98200
user203065446120468304,98800
user4515091579447301933,97400
user5343888166719509763,104600
user276977988757691558,98900
user3048059088862882358,103200
user7395015253765638449,97300
user801560233934279023,99100
user7324015598296630532,109600
user6425774335188625246,102300
user6972026012906196558,104500
user583980316118316377,99300
user1268653226483218952,107100
user1061347278512230681,100000
user645047647036648484,95100
user1605805990085867552,96600
user1939039030103533016,103000
user8958737823256848235,102100
user366504057085928316,101300
user1421817867603704589,104100
user3827287466696342138,102500
user7801382560690544836,96600
user1875525359214495020,102400
user5548082583597322911,100700
user8411707869809294592,103400
user391739750621898948,101600
user45774583492855434,97900
user958416037952962328,97200
user6719496392221429353,108800
user2452799162218703444,100300
user2288022315011120653,101400
user3460337729441666108,95900
user4378785286945321579,105100
user8245251141065290457,102400
user3041019980187539788,105300
user4121786227632374375,108300
user2896449427375607182,98800
user7989042174778023370,97000
user8142661545800320669,100100
user8862720789469711569,100100
user3209257857779780578,103500
user1995751578827952422,100600
user632657165219568999,103600
user6301640209285882494,107900
user8748518988117644627,105300
user6746628710684909011,102100
user3700913498745037594,103800
user495449266911149632,103800
user6804896239042538878,107300
user7373812368422164050,104200
user2706220143240966077,100600
user4992458541841216237,105400
user7093932114056075304,104300
user3338649943509629245,103300
user2150036140972718955,94600
user5751262310061183949,105100
user3702033419769318490,100800
user4063518699274744508,99100
user2338710445474149599,101800
user98017693589094841,99700
user7146175224152314711,101100
user6527037511507170041,106300
user6312692454860839200,95000
user1026957536155566570,98100
user6654749715700597364,103300
user6526135905700731028,104200
user8652843599624806526,96600
user6493880774782299923,106500
user8836271761594829041,105100
user8484718806640078833,103200
user1094504015237100799,97700
user2997930918911993860,101300
user1787772585737310606,103600
user2703088940854908857,101000
user1134245130735501825,104400
user7257370725021535316,107800
user5824273246891968190,101800
user4516211500471582829,104900
user3622656419382845224,99000
user3799158557285038266,98300
user7536462458188698146,97800
user5737970222437665451,102800
user4151148142675472240,101200
user9125742695217295032,104200
user2337477439842355606,100500
user5354722097076624586,98800
user768963457721549353,99200
user5472501976719376099,97600
user4550476340925036057,101100
user8507943218814273141,96600
user7923630307134722147,106200
user66540838400646067,101500
user7664174662382125469,105100
user8181282740274440799,97100
user4950147756295652640,99500
user6437386541275722400,105400
user1498736710723774180,104800
user4972252247445566052,100700
user6360580782763165906,103000
user8880139098600357300,103300
user858272782658698429,102900
user8317370717558579270,102100
user1459225727738912823,100800
user5135130897898885616,102900
user8837609997836951820,97700
user8089185430072287269,103200
user4328657116994433081,99500
user1769462916269169447,108100
user2254865578286250535,105600
user4596136644074498757,99700
user984428435392161090,102800
user6618574861197183123,93400
user3337311707267506466,102000
user6608300891352208748,99700
user2154722322991986636,99100
user4735242739137181351,102000
user5702585460959931327,106200
user16184107762972101,101700
user8949913602434755535,98100
user8983848614889607984,105800
user3463125714706670562,105600
user6736354740839934636,99100
user7236386154895902800,101900
user4760135215552099217,100900
user405579981461860108,98000
user4518439525224446835,101100
user3964153719710462940,98800
user8749078948629785075,95600
user642029529258104361,102200
user8253297086157400826,98100
user8962864044763975468,101100
user9209027601893053648,103400
user832602030513798232,101000
user3882443463960796882,103700
user9007073027063802292,102500
user7400934441416700123,104100
user749317123838039616,102300
user2563434702575783601,106500
user7913916297801888220,100700
user3117378862795468931,102700
user2506835238458877292,105200
user1890703826296578959,104000
user5295334647694713823,100900
user1446275285409692890,99300
user7087907695794684844,101500
user6305206470280869279,104500
user5837553517219788902,95400
user3711405783807853852,94100
user3700135223015055263,103800
user7797474654401259486,103600
user588448182919742175,105600
user4065416896029007735,107300
user7714189747725500870,96700
user7213940018451690823,103700
user8609194577837120150,104400
user1561255362491742163,102900
user5243526596207403981,98800
user3380960729055192842,99100
user88085369038419031,101000
user7058204135457288414,105900
user2303200782093204592,100500
user5746234482747617703,102900
user3448725523354568954,104900
user3790564468976485235,98100
user2835942056969415523,105800
user1484678164665971137,98700
user4555722483456444186,103800
user2302422506363222261,103400
user6043086170339724829,99700
user4440960721592236796,96700
user7319889376789503299,99100
user5861556205123965541,103700
user7118264629958852722,104000
user5167167713599474838,100700
user3158134668707822067,100700
user8368277163239450099,106000
user4833487797677182023,105800
user1291877638657413260,102400
user1035781756977659270,104800
user3849391957846255550,102400
user6263455645247446130,99100
user6453124968869946787,104100
user895555740890695780,103800
user34722337917898728,98600
user7372910762615725037,103800
user4508165555379472460,101600
user6428014177237187038,102200
user339153423404606775,102700
user2781687665511399792,100300
user3651458373913802641,100100
user1589507601979502717,97700
user1237394686512612061,103100
user4367733041370364873,103800
user3496500766649382563,98600
user7703479147444842729,104000
user2653633816023673904,102300
user7752487396371450331,100400
user5279814535318331319,103700
user6033932121519031350,99700
user5004289063146155274,100300
user3935464849787018620,104000
user973594505035046267,101700
user5487462128583618155,100900
user8803220255480287709,103100
user3986039895642534469,103700
user4288356040983891607,97700
user3655366280203087991,97500
user4427680451264416084,98900
user539658249210976456,99200
user5408303443414986772,103200
user3230802388417553542,96800
user6230858869034716460,100800
user2817415644110186682,102100
user331119295608194192,106500
user1361310497197512930,96900
user4897561429078360467,100300
user5822375050137704963,99900
user2276751754218322064,105300
user2398657855368200810,102800
user1187379601169236660,103300
user5344789772525948776,96300
user8875452916581089619,108100
user4563986743766396438,100800
user1387553027150251361,102300
user6526477550995029593,99000
user7666974464942827709,102900
user5515704122602435124,105000
user1879869895939464136,101900
user4893995168083373682,101700
user4301866443825251988,101000
user6658097661477742266,106300
user1506782655815884549,96800
user8145119703066724344,99000
user5349475954545216457,106600
user3332065564736098337,97000
user7481088145706401519,102000
user9175870865168183530,98900
user5095608097618326473,103000
user5324023517618158143,101400
user7096720099321079758,102700
user8169452218969501762,103300
user3282155710003051722,100000
user900583568204262026,108800
user765055551432264003,100900
user924367940890596782,100500
user38848559425025961,94900
user906389671247810603,102000
user2750429125540792901,98700
user809937578851744372,106500
user5714197667047028481,106800
user6415842010637949436,103300
user4389277572008137837,101100
user7555778964073607104,100000
user3826509190966359807,102000
user1669432745582418645,97300
user1629361802085416840,96900
user1815123219418632147,101100
user8087287233318024042,106400
user2519785680788097225,100600
user7813213081995483873,100300
user6367725122048837262,104300
user4959301805116346119,99600
user7725801953812598024,99500
user369075298959845088,97900
user8144559742554583896,96800
user2584314042091087331,104900
user8791949694687489120,104000
user1468379776559606302,99900
user6640119391834956087,103900
user7008749010626053461,102100
user6495219011024422702,105800
user46334544004995882,96400
user4634539523330777004,100900
user5028621579048932692,102400
user4844540043252138729,109000
user197600988371218292,103600
user1557689101496755378,97900
user4061838817738323164,103300
user3926092485748483258,102800
user4794070228006951666,99900
user763717315190141224,102500
user7851056000739621672,103700
user6608082576134366865,100700
user8619126902387795960,99600
user1630916781718627301,100700
user5007077048411159728,102400
user7687959035068460225,102500
user2289142236035401549,106200
user6300520288261601598,97800
user4679090150924902393,103700
user1539150871341828751,97600
user4619921016760833513,105700
user6518991566415059672,102500
user5254018881270220239,107300
user4666917984325664791,96600
user7356954019803658767,105300
user1703927718549411542,98300
user1619864536143670595,101000
user2627963063878773707,95100
user8699623823798550122,97700
user9038891527546549631,104000
user6079249207547441284,98000
user6212549199566575301,100600
user1423829148965480913,104500
user2139325540692060814,99000
user5288295539019371253,100900
user5689635018630711394,99700
user8771743400291838935,102100
user6869094772346928205,101200
user8088065509048006373,100700
user1578673671622387894,103200
user8731660639499139344,99300
user8027339823423972831,102700
user506283197268264455,105100
user4530051731311543989,102600
user5122958731299648014,99400
user8302752210988635779,94500
user2508173474701000071,98700
user2968682088476409092,102100
user5960361224176106661,100700
user3221648339596860063,100900
user8236438737538895543,103900
user622943155886735072,100300
user4173034318607543769,103000
user3764208854416233707,99000
user4368841145098947983,101500
user1903654268625798892,100300
user4253519422722600145,102400
user9033085424503001054,99100
user709794323557480473,100100
user6414162129101528092,107600
user7863228167338859274,102400
user4903367532121909044,103200
user8120775369868249140,99000
user3513919075780028294,96900
user5724129991597704291,101300
user5707613288273497573,103300
user6299400367237320702,106000
user311802789723285234,97700
user846100616059460827,100800
user1676577084868090001,106600
user3109674562997657127,105200
user5103094082198296394,104900
user780234018514347942,101500
user1411885543053028779,103000
user7358852216557921994,96600
user8301850605182196766,103500
user407478178216123335,101300
user753784990639465414,100900
user1942057147882077139,103900
user4711800011745145160,102100
user5712859430804905702,103500
user1885675998983012713,99400
user2951823739857903809,102200
user4327318880752310302,98400
user106281953899047093,94600
user5148754385347759094,104400
user1583141538423813692,103900
user5415342552090329342,103500
user3298348867499087771,109700
user3948196976898396670,99700
user6516763541662195666,101100
user4314026793128791804,104500
user5312411311531060989,102500
user8748300672899802744,99500
user6546342200096381213,99500
user6165552232001744023,102300
user3551656763913837307,102300
user8999928687778130936,104900
user4327537195970152185,102100
user2243595017493451946,101200
user5595297866379996072,100000
user6928595306336352065,105400
user1572307608066698869,96200
user1804070973843675441,94000
user6721176273757850697,106000
user7622092437523347340,104200
user3497402372455821576,98800
user6922676118685290391,99400
user543784470718103689,101200
user3436553356755331352,99000
user8907831377575977406,99100
user1064800454899704369,104200
user644487686524508036,104400
user5362426396874436390,102500
user5584805581317179814,95000
user6053578455402541087,98800
user2595366287666044037,98000
user7702919186932702281,103900
user5117712588768239885,100400
user2199272950586112025,105300
user5232474350632447275,100100
user3948975252628379001,100800
user4578946895630638494,106900
user4619361056248693065,96500
user7030293541263826425,100500
user4608308810673736359,100600
user5071275581715549055,94800
user2733010816410147170,100900
user9122176434222308247,100800
user7575425297957116841,105700
user6960632122036941287,99400
user8317930678070719718,99000
user1067371696773621141,107200
user3552216724425977755,98200
user2380119625213274183,105900
user4992116896546917672,98700
user9164705534985713727,102600
user4051564847893348789,100400
user2415516203986706093,98900
user3678590692377282299,103000
user1457327530984649596,105300
user3381739004785175173,101900
user3574321215575891167,104900
user7000154922317500430,99000
user8213661201269328586,97900
user3207029833026916572,99800
user2419082464981692878,102700
user3561589088464513117,103800
user3106886577732652673,92700
user3519725178823576871,105800
user7488232484992072875,105600
user4237780995128375758,100800
user2298856245368235476,100800
user8504365140523588570,97800
user8538081837760599136,108100
user7113578447939585041,102800
user1219758062164124447,98600
user3687403095903677213,100900
user2187100783986874423,104900
user1686291094200923928,105700
user7350806271465811625,96900
user3837219791247017948,107600
user4382693193234606929,102300
user3446827326600305727,104400
user506501512486106338,101800
user8818853452464183310,98800
user6642017588589219314,96500
user6039178264050439479,102300
user8291358320119380508,102400
user1482998283129549793,98200
user927374241373443119,99200
user4470104321417492778,104700
user7878519719028456310,98200
user4073669339043262201,100100
user7323455637784490084,97400
user7246536794664420493,103200
user2176826814141900048,95000
user891429519383568547,105900
user6044424406581847608,99800
user1297123781188821389,100100
user2072898982634807481,100900
user1983807972915500288,104000
user7880199600564877654,105000
user4771187461127055923,101100
user7575985258469257289,101200
user162764370109926830,101800
user8621366744436357752,104400
user1662518538810286958,102700
user1576215514355984219,99000
user3562149048976653565,97900
user1132565249199080481,104600
user6505151335575098512,95500
user2629301300120896486,104700
user6199817072455197251,104800
user3901748152550008054,98700
user3926310800966325141,101000
user4008257471399960978,104500
user9220639807980150802,104600
user8894539289952458908,101300
user8000549150254791738,96800
user2970580285230672319,101000
user995480680967117796,103400
user7916704283066892674,103600
user6394857440512316920,99800
user3217522118089732830,96100
user5551088884080169248,96500
user6358352758010301900,101200
user1474185879603154879,102800
user3405076501566882578,104100
user6609420812376489644,95000
user7229678446045915210,103100
user929272438127706346,93400
user8577262992746859714,103800
user4200944912801005758,104800
user2155282283504127084,100400
user2029249960847121105,101200
user6708444146646472647,98000
user2404463958411749387,100100
user5176105019029080635,100900
user8906929771769538393,105300
user4444538799882921367,108500
user3467811896725938243,100400
user6128704332378676237,104100
user1963383363302008220,99100
user2154504007774144753,104400
user5113026406748972204,101000
user8265127607462339863,102300
user5943721190775443261,103200
user7627338580054755469,104300
user7940706970971069313,102700
user6047772352358992510,96500
user3380400768543052394,102400
user3008983164486950566,101000
user5481096065027929130,103000
user4869650834884898478,98500
user3722239714164968675,101100
user8099459399917261644,96500
user423216605810347722,104900
user3957569340936932032,104000
user3359976158929560326,101900
user5173305216468378395,101400
user3476076157035890495,104500
user1889470820664784966,104300
user5487120483289319590,103100
user8735568545788424694,98000
user197819303589060175,101000
user1582021617399532796,96100
user1230250347226940705,98900
user529725924660300646,107800
user4768399475862051469,100300
user864638846214387454,96700
user4942661771715682719,104700
user7861889931096736495,102800
user631537244195288103,101000
user414404202283952808,105800
user4745516708982155726,100000
user2098009774267567230,100500
user6002890324939512141,102500
user4288014395689593042,101900
user5096386373348308804,99300
user854146561151571196,98500
user286910313308367368,104200
user2534404187358040716,102500
user4052124808405489237,99900
user2895329506351326286,99500
user2198712990073971577,106500
user7048490126124454487,106700
user7585357622507792651,103600
user9104758125091662516,103800
user4198705070752443966,100400
user7224992264026647529,105000
user7800822600178404388,106800
user1809098801157241687,97300
user64300996352084275,94500
user6994130504056109970,99700
user3931338628279891387,103700
user3509232893760760613,101800
user6004901606301288465,100400
user8588210007711487634,106600
user397545853665447525,100000
user1643867224047847234,108000
user6202275229721600926,101200
user8039170344728911868,100600
user5499852610400697640,97700
user8150365845598132473,101400
user759249448388715426,101700
user6793843993467582172,97200
user8668582027219030913,96400
user4872668952663442601,103500
user2644479767202980425,101300
user6629067146259999381,96800
user3877975597159371084,98100
user8482820609885815606,96600
user4481716527504589932,104700
user2407811904188894289,104200
user9022033178928044348,100900
user2763709395868613613,102400
user6970346131369775214,94300
user3871609533603682059,99900
user6178272541817424287,99600
user7697891359619136035,102900
user3539371512707086608,97300
user4141775778636936878,107800
user7226672145563068873,99500
user2413058046720302418,99500
user8389821693877223063,99600
user1335858060270454616,102700
user1231930228763362049,102700
user5788658352900694397,103700
user1577553750598106998,103500
user6053018494890400639,101500
user7225333909320946094,102000
user1879756811331951039,96200
user6938527630887027875,101600
user5438785279482365533,103400
user2757903292825065036,107600
user5335075763193114849,100300
user8174138400988769443,111600
user549932219055950831,105000
user7597529789107030253,97400
user1711973663641521911,99000
user3408871323248654831,102700
user3802724818280025051,102300
user3385086950562320075,103300
user7361080241310786000,100900
user65420917376365171,103400
user2666925903647192402,104700
user7517376084817328857,105500
user5861337889906123658,101500
user4266811510346118643,93300
user4804344197851926041,102400
user7086787774770403948,97400
user1688530936249485720,99300
user5029181539561073140,101400
user5087014009309773442,99800
user8655301756891210201,103900
user994920720454977348,103400
user2976386388274220896,104600
user3051966995152167708,104400
user7108892265920317360,104100
user5475289961984380553,104000
user8401775545258618782,101100
user1254034719913275461,102000
user7337855829136591692,106100
user3283057315809490735,103300
user2855258562854324481,101500
user7538920615455101821,100700
user4517319604200165939,98600
user2121347271049274635,107200
user4970354050691302825,94600
user5936016890977631457,91700
user4856930525069218214,103100
user1821489282974321172,110300
user9188261346985263015,104400
user3321573279673282079,102300
user5712299470292765254,104600
user1710635427399399132,101400
user8202608955694371880,98400
user2428796474314526805,97300
user721966490156718075,101700
user5333395881656693505,98100
user2203399172093239258,101900
user3044367925964684690,102000
user1281043708300298437,102200
user682890565780786283,108500
user6845092084442751566,103000
user8788601748910344218,101600
user2315154633474600311,100800
user6051338613353979295,102000
user4431246712259402869,107700
user9048823852097225441,100500
user8300512368940073987,98100
user3942390873854848093,98400
user7129316875533809428,100900
user1325925735719778806,94100
user935751586290908468,103000
user324193271540364719,103400
user4336691244790845664,107000
user7951759216546026019,101000
user4805122473581908372,102100
user9034423660745123833,102900
user6383245234425219766,106500
user6217795342097983430,103000
user764495590920123555,103800
user9110222582840912528,102500
user5008975245165422955,103000
user501815330466838657,102300
user3359634513635261761,105200
user6937076310037391999,93500
user9024491336194448023,106700
user3523633085112862221,103200
user3590619603682256002,105700
user4015401810685632334,99200
user3623216379894985672,105200
user4169686372830398867,99700
user5457871652853734822,101300
user23670092342942022,103200
user2651405791270809898,101600
user7471155821155725709,105300
user513427536553935811,96800
user2172140632122632367,98100
user9074059545633196073,99900
user2858606508631469383,95100
user7636824028700803928,103800
user5043924948034227514,102200
user59614814332816594,103200
user4757907190799235211,97400
user7472275742180006605,106300
user406699902486141004,96900
user2903593766661278538,98700
user3507894657518637834,106300
user6174924596040279385,96600
user6017073772900526067,104300
user2619368975570220676,100100
user5434659057975238300,105000
user4355342559553285388,101900
user4188212785689627708,101000
user7582009676730647749,102200
user4089749411931785153,98700
user3093936135403432740,103200
user6752093168434159023,106300
user6520889763169322899,105100
user150044060294246566,107000
user2439848719889483511,102600
user5322903596593877247,102600
user1658827375912089290,97300
user3778952262889388081,97400
user6241911114609673166,100100
user3930996982985592822,100500
user8669701948243311809,98100
user4001218362724618408,104000
user1005640680888162,96800
user4506827319137349681,103000
user8760131194204741781,100100
user3599432007208650916,92100
user7994961362429085044,100400
user4756568954557112432,98400
user6791615968714718166,100100
user8163646115925953185,99700
user7642070171232212057,95800
user5813221001317011484,102000
user7742100341918962859,99800
user1598320005505897631,99700
user5943502875557601378,109000
user780793979026488390,96600
user6541096057564973084,102300
user3328157658446812987,101200
user2378781388971151404,98100
user3110794484021938023,105300
user632875480437410882,101100
user4823773788344348096,101700
user5438225318970225085,100000
user4036386380811264850,102500
user1342005808608301758,107200
user575043010688710580,101100
user8710116108861366380,103300
user3354170055886011749,100600
user8514857425586404828,99900
user951490013885132855,94900
user6531163733014297274,104200
user8301632289964354883,101400
user4700634681562675357,107000
user5877076317500348045,101800
user8964543926300396812,96600
user1111020718561307517,104500
user6576605720945918091,100400
user2656651933802218027,103300
user9216731901690865452,102700
user25898117095806028,105200
user1395587154946663944,106200
user6384583470667342545,105900
user5447379367790918564,100700
user6863288669303379628,101000
user4004349565110675628,98100
user7112458526915304145,101100
user4618241135224412169,99200
user996818917209240575,108300
user2584419272701416117,97300
user7437999084430855591,98900
user6543554214831376759,106000
user280544249752678343,101400
user2153384086749863857,100400
user5823713286379827742,98700
user4157514206231161265,104500
user1533686413592578739,105400
user1693777078780893849,100100
user2179626616702602288,94900
user3202343651007648891,103200
user7439897281185118818,102900
user8467300497509433102,107400
user7577883455223520516,105500
user7099738217099623881,102600
user4326758920240169854,102200
user7584249518779209541,100900
user6652291558434193689,103600
user2402565761657486160,100600
user1116048545874873763,105000
user7929094764883972159,99700
user1960583560741305980,104200
user5203455652710402176,101200
user7005961025361049007,104500
user1243200789556160638,103900
user7175537139195412576,104100
user8329761199375658755,103100
user5965265721413216225,99300
user680432408514382608,102400
user3678030731865141851,103100
user4409483866403788022,97300
user2323967037000995225,106500
user7471715781667866157,102300
user3402505259692965806,97400
user5652570375616555926,104500
user8753546815431210873,106200
user3454531626398117531,103200
user5684948836611443713,101900
user2904153727173418986,100800
user1912248356934351923,107500
user8975036211363213070,101900
user7462561732847172678,100300
user3494602569895119336,102300
user6707105910404349868,100500
user2992124815868445283,101500
user6905257809554644660,100600
user417752148061097710,102000
user4223267719168761053,103900
user905269750223529707,99500
user2825896647811226616,106400
user3925190879942044245,103300
user7917264243579033122,101400
user891989479895708995,107300
user7010647207380316688,102800
user402232035684715206,100000
user633995401461691778,101500
user2904713687685559434,105000
user8656421677915491097,101500
user3815456945391403101,97200
user4618022820006570286,105900
user3011771149751955020,102700
user7893479870892698366,100800
user6234766775324001810,99500
user3680541338379519,96300
user3585031815856549308,103800
user313482671259706578,107300
user6772859423341949656,105300
user9180443962579938114,102700
user2645599688227261321,101100
user1468598091777448185,104600
user8462614315490165421,101800
user5652352060398714043,98400
user6627399082019275823,97200
user691484654089339314,101600
user4767839515349911021,100400
user9220298162685852237,99800
user2199491265803953908,100100
user7268982931108632470,104600
user7623760501764070898,100100
user8289460123365117281,100400
user1523972404259744812,101600
user3889587803246468238,98400
user1759861991543848617,99500
user3007084967732687339,103500
user7715309668749781766,98100
user4630194986605807888,101800
user1219198101651983999,98400
user8432132479422786660,109900
user4732784581870777676,102200
user3733291959739925381,99400
user6746847025902750894,103600
user968130047285796255,104200
user1166281946436091047,105300
user2991564855356304835,100800
user2266477784373347689,100300
user5822033404843406398,103600
user166902408912751849,103100
user2897009387887747630,101700
user7208693875920282694,106400
user3995972220193210279,100600
user2605858572728860295,99700
user5350254230275198788,98500
user4578386935118498046,101000
user6895107169786126967,103400
user4395083675051686414,104100
user3974987650067577763,103100
user9111902464377333872,100700
user8824099594995591439,102000
user3300247064253350998,103000
user6835938035622058087,104100
user1027517496667707018,104700
user4823213827832207648,102100
user6065408976707480124,101700
user4706553869213737031,98400
user2280318015213308849,102800
user2491096810864652905,102600
user7484106263484945642,98000
user4815396443426882747,98700
user3127652832640443306,102800
user1810996997911504914,103500
user2392291791812511785,100800
user5460889770632278945,96700
user544344431230244137,101900
user4656985659774988981,100300
user3677689086570843286,103200
user4642585468422887373,104200
user6610540733400770540,98500
user6935521330404181538,101200
user742951060282350591,104100
user6266803591024591032,99400
user8264349331732357532,101400
user7248216676200841837,101300
user5840011674486192577,104800
user5612156214998501355,106200
user665813901944439117,99200
user8779777528088251518,103100
user6130155653228312113,98000
user7703697462662684612,104600
user7697331399106995587,103100
user2641473466720134088,106200
user3001497179906980645,103300
user4085063229912517472,101200
user928494162397724015,97600
user1946743329901344820,103300
user1292209038482768240,101700
user3798598596772897818,102900
user1093384094212819903,107500
user3645652270870254064,106400
user5124078652323928910,100200
user5355842018100905482,100700
user3031647616149004426,95900
user2252967381531987308,103700
user3953443119429804799,100100
user4480814921698150919,101200
user2452580847000861561,101300
user1280265432570316106,99200
user7692426901869886023,101100
user7255690843485113972,102100
user5484114182806473253,107500
user4003789604598535180,103900
user2088855725446873751,98000
user2806363398535229976,100300
user9044137670077957760,104000
user1032203678686974699,95500
user1621762732897933822,98700
user2164996292836961011,101500
user6179952423353845631,104300
user6991890662007548178,97200
user437616797162449330,104700
user3233042230466115334,97200
user7235484549089463787,100000
user3429409017469659996,99200
user6190444708416661889,99900
user4734464463407199020,101500
user4733344542382918124,103000
user1241862553314037859,99400
user4876795174170569834,101100
user174376576197023984,107200
user4754889073020691088,100100
user748757163325899168,101400
user491323045404022399,109100
user3921624618947057460,100500
user8507383258302132693,104900
user6653069834164176020,98500
user6737474661864215532,97000
user1527985541159358948,103000
user8185750607075866597,105100
user2028348355040682092,101700
user5598315984158540195,99800
user7302471067658857568,101000
user1851067941408506719,101000
user5414222631066048446,104800
user1247668656357586436,101600
user8970898172560388051,104800
user4519217800954429166,106200
user5586485462853601158,103400
user1921072577756444623,103400
user3018915489037626376,95900
user9011540893865228090,98200
user5260384944825909264,105500
user7609920270924109738,101400
user4970012405397004260,97000
user3755396450889838793,105400
user3680488889131545526,104700
user8302192250476495331,102300
user2929606164100477300,104300
user3787764666415782995,106800
user389841553867635721,97700
user5196529628642572703,96400
user3427740953228936438,102100
user4299626601776690196,94400
user1797704910287986416,103500
user4887287459233386092,100000
user823104764572051987,99900
user4150588182163331792,96600
user3255146721616028746,105100
user3702593380281458938,97800
user5663404305973670749,100000
user7085107893233982604,99500
user5221982065569631017,99900
user2326206879049557017,97200
user127161293414350823,104200
user7298344846151730335,101700
user1357962551420368028,101300
user3709507587053590625,98900
user4155056048964757590,100900
user2067311194809100787,101000
user1027735811885548901,100000
user550150534273792714,102000
user5655918321393700828,106700
user224951622052539833,104300
user9160237668184287929,97600
user290818219597652718,107000
user5120730706546784008,101800
user7861329970584596047,104100
user1801612816577271766,100400
user8302970526206477662,100400
user6043864446069707160,102900
user8429344494157782206,103600
user2802672235637032308,105600
user1166063631218249164,100400
user2326425194267398900,105200
user2071219101098386137,103500
user8610314498861401046,97600
user8993562624222441911,98300
user4651739517243580852,104100
user3339769864533910141,108600
user5483554222294332805,95900
user5234372547386710502,100300
user4165548334027573848,99500
user1010099187537061287,102200
user525587885857475627,95900
user2593013361009969148,100000
user9107216282358066191,102400
user8077354908767348232,105400
user7714531393019799435,97100
user6554388145188491582,101800
user643149450282385257,102200
user8741934609344113719,100500
user4111293942569558117,107200
user8432692439934927108,101400
user1649568096481067025,102300
user6880147017921884911,105500
user4817967685300799519,102800
user48002608245719440,101700
user7185811109040386951,108000
user5736862118709082341,104300
user6054356731132523418,99400
user8104705542448669773,101100
user2871556950960689316,108200
user8577376077354372811,103100
user190115003791248371,97800
user4294722104539580632,102600
user3497060727161523011,97800
user5470043819452972424,104700
user6016513812388385619,98900
user3218082078601873278,96600
user929832398639846794,107900
user8553260304842683075,102500
user2318160933957446648,100300
user65980877888505619,98800
user2885957142312790924,107900
user6256311305961774774,103200
user7461783457117190347,99000
user1281603668812438885,100000
user9119376631661606007,100600
user8231970870737469745,103400
user2733570776922287618,103100
user690924693577198866,97400
user6751874853216317140,101900
user3565167166755197688,99500
user3031087655636863978,107700
user1827295386017869749,101900
user6393955834705877907,96900
user6611100693912910988,97600
user8494992776485053208,106600
user8044198172042478114,103800
user3046939167838601462,104100
user5481874340757911461,100900
user883165259073616295,102800
user6290028003198785340,102100
user5130103070585319370,101700
user8142319900506022104,102900
user789388067335041421,106100
user1458665767226772375,101400
user4066524999757590845,104800
user438736718186730226,102800
user4641465547398606477,99300
user5211489780506814759,104700
user3841127697536303298,98900
user3939042928077703191,98300
user5428852954931689723,95400
user5712517785510607137,95600
user1336759666076893629,97600
user2608316729995263970,98500
user2714814231549519108,104100
user8140981664263899325,101300
user5118832509792520781,111700
user2352655906924439545,100500
user5400382400226087286,100800
user7863009852121017391,104700
user1308849071883431640,99500
user5949308978601149955,99400
user3861677209053006249,103100
user4458938991235022975,105200
user6153161750184664538,101100
user7819019185039032450,97800
user2161648347059816109,93500
user7790548630333430013,100900
user4356120835283267719,102900
user7959233383830298154,104000
user4161422112520446615,95700
user3462005793682389666,100400
user1637842805786456774,101500
user2181854641455466294,99500
user2635107403164445063,98700
user7189937330547514184,105100
user4635099483842917452,98400
user3252906879567466954,103600
user3321231634378983514,102600
user5355282057588765034,97600
user6111845983760170954,105100
user4843980082739998281,99000
user6151481868648243194,102000
user6079809168059581732,103500
user8099790799742616624,99700
user3685175071150813207,107400
user6691814358714752832,104200
user1470277973313869529,102500
user5932668945200486555,103400
user3997423541042846155,100500
user6944333733930576452,100300
user3496842411943681128,101900
user2303542427387503157,100700
user8040290265753192764,99900
user8080361209250194569,100700
user4187652825177487260,108300
user5681600890834298811,100000
user9106656321845925743,100100
user3028629498370460303,100000
user8130489379201083067,101900
user6141767859315409267,97900
user5587263738583583489,105700
user4127032370163782504,100000
user2030588197089243884,103000
user2035274379108511565,98700
user1802732737601552662,103300
user3407751402224373935,98800
user2061286776547710327,103600
user1757290749669931845,105000
user7187709305794650178,101700
user1428856976279047159,102700
user216357533743986802,103100
user4200043306994566745,105600
user8087847193830164490,104000
user6759579153014128944,106700
user3892594103729314575,102600
user4052466453699787802,103100
user2355568794092654882,99800
user1072399524087187387,102600
user3825949230454219359,105400
user3255924997346011077,102300
user2858824823849311266,102400
user1246548735333305540,98400
user516993797548922596,102700
user3073169880495642107,105400
user6675734285826229880,98700
user6289686357904486775,107000
user1360202393468929820,102000
user2130171491871367335,100900
user1599658241748020410,105100
user5218415804574644232,108000
user1836107789544264663,99500
user8397307678457192984,106100
user275298107221270214,99900
user7735515963145431951,101400
user3370468443992376584,103400
user3083443850340616482,108400
user4771965736857038254,98600
user2149817825754877072,103700
user802338509664261354,107000
user665253941432298669,104700
user8687338572591799423,103500
user3452851744861696187,98700
user985766671634283869,102700
user7912236416265466876,105400
user7780616305782754203,101400
user8184630686051585701,100400
user6770631398589085650,102100
user1008431123296337729,99500
user7709503565706233189,103700
user8266247528486620759,104800
user2418864149763850995,101000
user7296105004103168543,102500
user8665015766224044128,104400
user7088685971524667175,99800
user6279535718135969082,100300
user1405519479497339754,104200
user3740996259537737185,99100
user5691314900167132738,107500
user3436895002049629917,99800
user6993788858761811405,105500
user6189884747904521441,107200
user5218634119792486115,106900
user781353939538628838,103200
user3575099491305873498,102900
user7303590988683138464,104900
user8245138056457777360,104600
user6267581866754573363,101700
user1533013368472925194,97700
user4513753343205179154,99600
user7531776276169430465,104400
user8396747717945052536,98000
user8176036597743032670,105100
user4131283493574120620,102100
user6771739502317668760,107500
user7890473570409852029,107300
user814292361045657073,102600
user2656091973290077579,99500
user7541708600720106275,102400
user8004675371761918971,97100
user8430464415182063102,97700
user9215393665448742673,100400
user2463291447281519702,104400
user3495162530407259784,103500
user3001278864689138762,101100
user758471172658733095,103700
user8880699059112497748,99300
user9197975356318096942,99100
user7284161398190716409,100400
user6527255826725011924,98100
user8517875543364948951,106200
user8260441425443072182,97800
user4931838086827511481,105900
user3110234523509797575,102300
user1006191281247775937,102500
user2916325893772656588,95100
user3232482269953974886,96100
user163324330622067278,101800
user4832586191870743010,100400
user1559917126249619384,100000
user1382306884618843232,104800
user7334289568141604907,102200
user1348030226869692218,99400
user6779443802115480564,100000
user653860050563043398,98500
user1869824486781275229,98300
user5927422802669078426,103000
user5902860154252761339,102200
user5395696218206819605,103300
user3846933800579851875,103800
user9100071943072394835,99900
user6077581143306717726,100900
user296064362129060847,106300
user679872448002242160,102800
user5849165723306886056,98900
user9096164036783109485,101800
user7048271810906612604,103200
user7358292256045781546,102700
user6998256725563237203,100100
user8637883447760564470,106000
user5134789252604587051,102400
user4492987088297388521,98700
user5238280453675995852,100000
user7801600875908386719,94800
user6859710591012695057,98600
user9176990786192464426,103400
user4413050127398774807,101700
user6159186168446054998,96700
user5236052428923131846,105700
user8837050037324811372,100500
user941557689334457045,102100
user632097204707428551,103100
user1848279956143502265,102500
user5248772738738812110,103600
user4448105060877908152,102500
user4858598589309941772,102000
user3932116904009873718,99500
user2505155356922455948,103600
user2949035754592899355,100400
user5571525310989359102,102400
user5178219959174431544,100800
user3005405086196265995,95600
user648613908031635269,102600
user6863848629815520076,105300
user411386084505408685,103800
user9033303739720842937,102800
user5070715621203408607,100200
user2865750847917140739,103500
user5948189057576869059,104500
user3975547610579718211,106500
user4474790503436760459,100700
user3950095173652659897,106100
user8496890973239316435,96400
user5787538431876413501,101800
user8143439821530303000,105400
user160536345357062824,98700
user6658875937207724597,95900
user9132668719285124505,102200
user6074003065016033155,102000
user3413557505267922512,108500
user2695167897666009371,95400
user4287236119959610711,103400
user5311073075288938210,104800
user3479984063325175845,103400
user8567443752803697001,108900
user8598142332262163444,99800
user4492208812567406190,102800
user324753232052505167,104800
user4041414208124831096,104600
user9213713783912321329,102800
user1117946742629136990,110300
user3142831299722527245,99700
user8746620791363381400,104400
user4980846335754119083,101700
user5584245620805039366,101500
user8818180407344529765,96900
user1026397575643426122,98600
user3173873096302046454,105400
user6606962655110085969,103200
user5465917597945845191,105500
user2892323205868479949,102800
user730778893683112989,103400
user7814892963531905217,101500
user5562141129655125954,106400
user1474964155333137210,104100
user2131166510992437348,102000
user5777606107325737691,100600
user5213947937773218434,104200
user2402005801145345712,103300
user8515977346610685724,101100
user8108271803443656558,100600
user6658657621989882714,104900
user5041353706160310742,103900
user2993244736892726179,99400
user440074954428853005,103500
user7611600152460531082,100200
user6656977740453461370,101200
user6129937338010470230,100300
user7598308064837012584,105800
user7665076268188564482,97200
user2307108688382489942,103300
user6481148647670921873,101400
user5018129293986116434,99700
user631755559413129986,101500
user7698233004913434600,102000
user3134797171926114662,106600
user4282549937940343030,99200
user5839451713974052129,101200
user7386315934846756632,105300
user6878248821167621684,99200
user6533061929768560501,98500
user8379889369326547253,101700
user7926636607617568484,98600
user7324575558808770980,100000
user7635932668363308500,97700
user5561033025926542844,99700
user3824829309429938463,101700
user6059384558446089664,100800
user8846204086145504851,102300
user6905599454848943225,99400
user5790338234437115741,104600
user4217243300907370593,110000
user4156394285206880369,100700
user763935630407983107,101600
user3444039341335301273,98500
user381247465559082690,91800
user1582581577911673244,101100
user8711236029885647276,102400
user2391731831300371337,97400
user722526450668858523,95700
user55706908043531244,101800
user1236834726000471613,101700
user8345281311752041259,99900
user1286071535613864683,99100
user59833129550658477,100000
user7160358672113328637,101100
user7169057991032210454,102400
user6626839121507135375,100600
user6209201253789430399,103000
user7309397091726687041,100500
user2720060374080927237,99900
user7929654725396112607,99500
user4877136819464868399,98600
user3723577950407091454,99200
user8905591535527415614,98800
user5359968239608032715,104200
user2237447269155604804,97900
user3195417626939819418,104500
user6340043088542160741,96600
user7106104280655312906,97400
user2775321601955710767,105800
user6932390128018124318,93000
user8394849521190789309,100300
user1697903300288021082,102500
